name,position,team,xP,assists,bonus,bps,clean_sheets,clearances_blocks_interceptions,creativity,defensive_contribution,element,expected_assists,expected_goal_involvements,expected_goals,expected_goals_conceded,fixture,goals_conceded,goals_scored,ict_index,influence,kickoff_time,minutes,modified,opponent_team,own_goals,penalties_missed,penalties_saved,recoveries,red_cards,round,saves,selected,starts,tackles,team_a_score,team_h_score,threat,total_points,transfers_balance,transfers_in,transfers_out,value,was_home,yellow_cards
Virgil van Dijk,DEF,Liverpool,4.0,0,0,0,0,0,0.0,0,373,0.00,0.00,0.00,0.00,65,0,0,0.0,0.0,2025-10-04T16:30:00Z,0,False,7,0,0,0,0,0,7,0,3461419,0,0,,,0.0,0,-136261,82612,218873,61,False,0
Max Dowman,MID,Arsenal,0.5,0,0,0,0,0,0.0,0,700,0.00,0.00,0.00,0.00,61,0,0,0.0,0.0,2025-10-04T14:00:00Z,0,False,19,0,0,0,0,0,7,0,44480,0,0,,,0.0,0,-3747,2112,5859,45,True,0
Brenden Aaronson,MID,Leeds,2.3,0,0,0,0,0,0.0,0,350,0.00,0.00,0.00,0.00,67,0,0,0.0,0.0,2025-10-04T11:30:00Z,0,False,18,0,0,0,0,0,7,0,7201,0,0,,,0.0,0,630,1269,639,54,True,0
Tom Cairney,MID,Fulham,1.0,0,0,11,0,0,17.4,2,331,0.07,0.28,0.21,1.07,63,3,0,3.2,1.2,2025-10-03T19:00:00Z,76,False,4,0,0,0,2,0,7,0,3642,0,0,1,3,13.0,2,-88,79,167,49,False,0
Matai Akinmboni,DEF,Bournemouth,0.0,0,0,0,0,0,0.0,0,75,0.00,0.00,0.00,0.00,63,0,0,0.0,0.0,2025-10-03T19:00:00Z,0,False,10,0,0,0,0,0,7,0,32757,0,0,1,3,0.0,0,-1119,630,1749,40,True,0
Joelinton Cássio Apolinário de Lira,MID,Newcastle,2.0,0,0,0,0,0,0.0,0,490,0.00,0.00,0.00,0.00,69,0,0,0.0,0.0,2025-10-05T13:00:00Z,0,False,16,0,0,0,0,0,7,0,36721,0,0,,,0.0,0,2065,4212,2147,59,True,0
Harrison Reed,MID,Fulham,0.0,0,0,0,0,0,0.0,0,336,0.00,0.00,0.00,0.00,63,0,0,0.0,0.0,2025-10-03T19:00:00Z,0,False,4,0,0,0,0,0,7,0,32875,0,0,1,3,0.0,0,-527,2070,2597,44,False,0
Dango Ouattara,MID,Brentford,0.5,0,0,0,0,0,0.0,0,83,0.00,0.00,0.00,0.00,64,0,0,0.0,0.0,2025-10-05T15:30:00Z,0,False,13,0,0,0,0,0,7,0,61811,0,0,,,0.0,0,-13438,1934,15372,60,True,0
Bukayo Saka,MID,Arsenal,1.3,0,0,0,0,0,0.0,0,16,0.00,0.00,0.00,0.00,61,0,0,0.0,0.0,2025-10-04T14:00:00Z,0,False,19,0,0,0,0,0,7,0,1011817,0,0,,,0.0,0,372696,404709,32013,98,True,0
Pau Torres,DEF,Aston Villa,0.7,0,0,0,0,0,0.0,0,41,0.00,0.00,0.00,0.00,62,0,0,0.0,0.0,2025-10-05T13:00:00Z,0,False,3,0,0,0,0,0,7,0,41476,0,0,,,0.0,0,-743,1570,2313,44,True,0
Kristoffer Ajer,DEF,Brentford,0.7,0,0,0,0,0,0.0,0,108,0.00,0.00,0.00,0.00,64,0,0,0.0,0.0,2025-10-05T15:30:00Z,0,False,13,0,0,0,0,0,7,0,18586,0,0,,,0.0,0,-730,609,1339,44,True,0
Adam Wharton,MID,Crystal Palace,2.5,0,0,0,0,0,0.0,0,273,0.00,0.00,0.00,0.00,66,0,0,0.0,0.0,2025-10-05T13:00:00Z,0,False,9,0,0,0,0,0,7,0,55970,0,0,,,0.0,0,5543,8328,2785,50,False,0
James Tarkowski,DEF,Everton,3.0,0,0,0,0,0,0.0,0,291,0.00,0.00,0.00,0.00,66,0,0,0.0,0.0,2025-10-05T13:00:00Z,0,False,8,0,0,0,0,0,7,0,958057,0,0,,,0.0,0,-29606,43354,72960,55,True,0
Loum Tchaouna,MID,Burnley,1.3,0,0,0,0,0,0.0,0,210,0.00,0.00,0.00,0.00,62,0,0,0.0,0.0,2025-10-05T13:00:00Z,0,False,2,0,0,0,0,0,7,0,4345,0,0,,,0.0,0,34,312,278,49,False,0
Reiss Nelson,MID,Brentford,-0.5,0,0,0,0,0,0.0,0,27,0.00,0.00,0.00,0.00,64,0,0,0.0,0.0,2025-10-05T15:30:00Z,0,False,13,0,0,0,0,0,7,0,13279,0,0,,,0.0,0,-980,178,1158,49,True,0
Nathan Patterson,DEF,Everton,0.0,0,0,0,0,0,0.0,0,296,0.00,0.00,0.00,0.00,66,0,0,0.0,0.0,2025-10-05T13:00:00Z,0,False,8,0,0,0,0,0,7,0,2296,0,0,,,0.0,0,-38,102,140,44,True,0
Harrison Jones,MID,Sunderland,-0.5,0,0,0,0,0,0.0,0,557,0.00,0.00,0.00,0.00,68,0,0,0.0,0.0,2025-10-04T14:00:00Z,0,False,14,0,0,0,0,0,7,0,7309,0,0,,,0.0,0,24,467,443,44,False,0
Ederson Santana de Moraes,GK,Man City,0.0,0,0,0,0,0,0.0,0,399,0.00,0.00,0.00,0.00,64,0,0,0.0,0.0,2025-10-05T15:30:00Z,0,False,5,0,0,0,0,0,7,0,131406,0,0,,,0.0,0,-8667,0,8667,53,False,0
Krisztián Hegyi,GK,West Ham,-0.5,0,0,0,0,0,0.0,0,602,0.00,0.00,0.00,0.00,61,0,0,0.0,0.0,2025-10-04T14:00:00Z,0,False,1,0,0,0,0,0,7,0,28335,0,0,,,0.0,0,-355,513,868,40,False,0
Ilia Gruev,MID,Leeds,-0.3,0,0,0,0,0,0.0,0,356,0.00,0.00,0.00,0.00,67,0,0,0.0,0.0,2025-10-04T11:30:00Z,0,False,18,0,0,0,0,0,7,0,4643,0,0,,,0.0,0,-196,106,302,49,True,0
Zeki Amdouni,FWD,Burnley,0.0,0,0,0,0,0,0.0,0,216,0.00,0.00,0.00,0.00,62,0,0,0.0,0.0,2025-10-05T13:00:00Z,0,False,2,0,0,0,0,0,7,0,3156,0,0,,,0.0,0,26,199,173,49,False,0
Tommy Setford,GK,Arsenal,0.5,0,0,0,0,0,0.0,0,4,0.00,0.00,0.00,0.00,61,0,0,0.0,0.0,2025-10-04T14:00:00Z,0,False,19,0,0,0,0,0,7,0,26881,0,0,,,0.0,0,-1019,820,1839,40,True,0
José Malheiro de Sá,GK,Wolves,0.2,0,0,0,0,0,0.0,0,628,0.00,0.00,0.00,0.00,70,0,0,0.0,0.0,2025-10-05T13:00:00Z,0,False,6,0,0,0,0,0,7,0,169368,0,0,,,0.0,0,-9791,1307,11098,44,True,0
Rúben dos Santos Gato Alves Dias,DEF,Man City,3.0,0,0,0,0,0,0.0,0,408,0.00,0.00,0.00,0.00,64,0,0,0.0,0.0,2025-10-05T15:30:00Z,0,False,5,0,0,0,0,0,7,0,514408,0,0,,,0.0,0,-7722,19131,26853,55,False,0
Bradley Burrowes,MID,Aston Villa,0.5,0,0,0,0,0,0.0,0,702,0.00,0.00,0.00,0.00,62,0,0,0.0,0.0,2025-10-05T13:00:00Z,0,False,3,0,0,0,0,0,7,0,9179,0,0,,,0.0,0,-120,392,512,45,True,0
Jair Paula da Cunha Filho,DEF,Nott'm Forest,-0.5,0,0,0,0,0,0.0,0,510,0.00,0.00,0.00,0.00,69,0,0,0.0,0.0,2025-10-05T13:00:00Z,0,False,15,0,0,0,0,0,7,0,7140,0,0,,,0.0,0,-326,80,406,44,False,0
Hjalmar Ekdal,DEF,Burnley,1.0,0,0,0,0,0,0.0,0,190,0.00,0.00,0.00,0.00,62,0,0,0.0,0.0,2025-10-05T13:00:00Z,0,False,2,0,0,0,0,0,7,0,178765,0,0,,,0.0,0,-6352,5376,11728,40,False,0
Marcus Bettinelli,GK,Man City,0.5,0,0,0,0,0,0.0,0,401,0.00,0.00,0.00,0.00,64,0,0,0.0,0.0,2025-10-05T15:30:00Z,0,False,5,0,0,0,0,0,7,0,14592,0,0,,,0.0,0,-462,132,594,40,False,0
Max Weiß,GK,Burnley,-0.5,0,0,0,0,0,0.0,0,183,0.00,0.00,0.00,0.00,62,0,0,0.0,0.0,2025-10-05T13:00:00Z,0,False,2,0,0,0,0,0,7,0,15452,0,0,,,0.0,0,-619,189,808,44,False,0
Michael Kayode,DEF,Brentford,0.7,0,0,0,0,0,0.0,0,110,0.00,0.00,0.00,0.00,64,0,0,0.0,0.0,2025-10-05T15:30:00Z,0,False,13,0,0,0,0,0,7,0,41034,0,0,,,0.0,0,-2188,1567,3755,45,True,0
Piero Hincapié,DEF,Arsenal,0.0,0,0,0,0,0,0.0,0,725,0.00,0.00,0.00,0.00,61,0,0,0.0,0.0,2025-10-04T14:00:00Z,0,False,19,0,0,0,0,0,7,0,2946,0,0,,,0.0,0,-714,29,743,54,True,0
Dário Luís Essugo,MID,Chelsea,0.0,0,0,0,0,0,0.0,0,247,0.00,0.00,0.00,0.00,65,0,0,0.0,0.0,2025-10-04T16:30:00Z,0,False,12,0,0,0,0,0,7,0,5054,0,0,,,0.0,0,-256,128,384,44,True,0
Joël Piroe,FWD,Leeds,-0.5,0,0,0,0,0,0.0,0,362,0.00,0.00,0.00,0.00,67,0,0,0.0,0.0,2025-10-04T11:30:00Z,0,False,18,0,0,0,0,0,7,0,62529,0,0,,,0.0,0,-7989,1675,9664,52,True,0
Yankuba Minteh,MID,Brighton,5.0,0,0,0,0,0,0.0,0,160,0.00,0.00,0.00,0.00,70,0,0,0.0,0.0,2025-10-05T13:00:00Z,0,False,20,0,0,0,0,0,7,0,428481,0,0,,,0.0,0,234938,256757,21819,59,False,0
Toby Collyer,MID,Man Utd,0.0,0,0,0,0,0,0.0,0,460,0.00,0.00,0.00,0.00,68,0,0,0.0,0.0,2025-10-04T14:00:00Z,0,False,17,0,0,0,0,0,7,0,4685,0,0,,,0.0,0,-303,0,303,45,True,0
Lyle Foster,FWD,Burnley,2.0,0,0,0,0,0,0.0,0,217,0.00,0.00,0.00,0.00,62,0,0,0.0,0.0,2025-10-05T13:00:00Z,0,False,2,0,0,0,0,0,7,0,273785,0,0,,,0.0,0,29276,56771,27495,50,False,0
Fer López González,MID,Wolves,1.0,0,0,0,0,0,0.0,0,645,0.00,0.00,0.00,0.00,70,0,0,0.0,0.0,2025-10-05T13:00:00Z,0,False,6,0,0,0,0,0,7,0,3805,0,0,,,0.0,0,-173,55,228,53,True,0
Alan Browne,MID,Sunderland,0.0,0,0,0,0,0,0.0,0,555,0.00,0.00,0.00,0.00,68,0,0,0.0,0.0,2025-10-04T14:00:00Z,0,False,14,0,0,0,0,0,7,0,5695,0,0,,,0.0,0,-505,0,505,45,False,0
Bafodé Diakité,DEF,Bournemouth,2.5,0,0,11,0,6,1.4,6,685,0.04,0.04,0.00,0.89,63,1,0,2.9,23.4,2025-10-03T19:00:00Z,90,False,10,0,0,0,4,0,7,0,59181,1,0,1,3,4.0,2,1192,5494,4302,45,True,0
Antonee Robinson,DEF,Fulham,0.2,0,0,0,0,0,0.0,0,316,0.00,0.00,0.00,0.00,63,0,0,0.0,0.0,2025-10-03T19:00:00Z,0,False,4,0,0,0,0,0,7,0,92565,0,0,1,3,0.0,0,-2393,4598,6991,50,False,0
Fábio Ferreira Vieira,MID,Arsenal,0.0,0,0,0,0,0,0.0,0,23,0.00,0.00,0.00,0.00,61,0,0,0.0,0.0,2025-10-04T14:00:00Z,0,False,19,0,0,0,0,0,7,0,2899,0,0,,,0.0,0,-133,0,133,54,True,0
Charlie Crew,MID,Leeds,0.0,0,0,0,0,0,0.0,0,359,0.00,0.00,0.00,0.00,67,0,0,0.0,0.0,2025-10-04T11:30:00Z,0,False,18,0,0,0,0,0,7,0,581,0,0,,,0.0,0,-20,0,20,45,True,0
Youri Tielemans,MID,Aston Villa,0.0,0,0,0,0,0,0.0,0,48,0.00,0.00,0.00,0.00,62,0,0,0.0,0.0,2025-10-05T13:00:00Z,0,False,3,0,0,0,0,0,7,0,92455,0,0,,,0.0,0,-14861,69,14930,59,True,0
Toti Gomes,DEF,Wolves,0.8,0,0,0,0,0,0.0,0,637,0.00,0.00,0.00,0.00,70,0,0,0.0,0.0,2025-10-05T13:00:00Z,0,False,6,0,0,0,0,0,7,0,14586,0,0,,,0.0,0,-830,153,983,44,True,0
Josh Acheampong,DEF,Chelsea,-0.5,0,0,0,0,0,0.0,0,233,0.00,0.00,0.00,0.00,65,0,0,0.0,0.0,2025-10-04T16:30:00Z,0,False,12,0,0,0,0,0,7,0,147749,0,0,,,0.0,0,-13421,2030,15451,40,True,0
Bart Verbruggen,GK,Brighton,1.2,0,0,0,0,0,0.0,0,139,0.00,0.00,0.00,0.00,70,0,0,0.0,0.0,2025-10-05T13:00:00Z,0,False,20,0,0,0,0,0,7,0,550943,0,0,,,0.0,0,-23715,12373,36088,44,False,0
Destiny Udogie,DEF,Spurs,1.5,0,0,0,0,0,0.0,0,574,0.00,0.00,0.00,0.00,67,0,0,0.0,0.0,2025-10-04T11:30:00Z,0,False,11,0,0,0,0,0,7,0,68539,0,0,,,0.0,0,1953,5734,3781,44,False,0
Emiliano Buendía Stati,MID,Aston Villa,4.3,0,0,0,0,0,0.0,0,50,0.00,0.00,0.00,0.00,62,0,0,0.0,0.0,2025-10-05T13:00:00Z,0,False,3,0,0,0,0,0,7,0,25864,0,0,,,0.0,0,13516,15022,1506,53,True,0
Jurriën Timber,DEF,Arsenal,3.3,0,0,0,0,0,0.0,0,8,0.00,0.00,0.00,0.00,61,0,0,0.0,0.0,2025-10-04T14:00:00Z,0,False,19,0,0,0,0,0,7,0,1910147,0,0,,,0.0,0,197000,274109,77109,58,True,0
Omar Alderete,DEF,Sunderland,7.0,0,0,0,0,0,0.0,0,683,0.00,0.00,0.00,0.00,68,0,0,0.0,0.0,2025-10-04T14:00:00Z,0,False,14,0,0,0,0,0,7,0,763041,0,0,,,0.0,0,425512,441449,15937,41,False,0
Reece James,DEF,Chelsea,1.5,0,0,0,0,0,0.0,0,225,0.00,0.00,0.00,0.00,65,0,0,0.0,0.0,2025-10-04T16:30:00Z,0,False,12,0,0,0,0,0,7,0,515555,0,0,,,0.0,0,-13357,18015,31372,54,True,0
Jonah Kusi-Asare,FWD,Fulham,0.0,0,0,0,0,0,0.0,0,737,0.00,0.00,0.00,0.00,63,0,0,0.0,0.0,2025-10-03T19:00:00Z,0,False,4,0,0,0,0,0,7,0,5571,0,0,1,3,0.0,0,360,1161,801,45,False,0
Iwan Morgan,FWD,Brentford,-0.5,0,0,0,0,0,0.0,0,137,0.00,0.00,0.00,0.00,64,0,0,0.0,0.0,2025-10-05T15:30:00Z,0,False,13,0,0,0,0,0,7,0,53224,0,0,,,0.0,0,-1422,3727,5149,44,True,0
Matty Cash,DEF,Aston Villa,4.7,0,0,0,0,0,0.0,0,36,0.00,0.00,0.00,0.00,62,0,0,0.0,0.0,2025-10-05T13:00:00Z,0,False,3,0,0,0,0,0,7,0,673353,0,0,,,0.0,0,26256,51368,25112,46,True,0
Tomáš Souček,MID,West Ham,0.0,0,0,0,0,0,0.0,0,613,0.00,0.00,0.00,0.00,61,0,0,0.0,0.0,2025-10-04T14:00:00Z,0,False,1,0,0,0,0,0,7,0,27310,0,0,,,0.0,0,-3466,44,3510,57,False,0
Milos Kerkez,DEF,Liverpool,1.7,0,0,0,0,0,0.0,0,371,0.00,0.00,0.00,0.00,65,0,0,0.0,0.0,2025-10-04T16:30:00Z,0,False,7,0,0,0,0,0,7,0,546049,0,0,,,0.0,0,-48963,7258,56221,59,False,0
Dominik Szoboszlai,MID,Liverpool,2.7,0,0,0,0,0,0.0,0,387,0.00,0.00,0.00,0.00,65,0,0,0.0,0.0,2025-10-04T16:30:00Z,0,False,7,0,0,0,0,0,7,0,467789,0,0,,,0.0,0,-3684,39087,42771,65,False,0
Enzo Le Fée,MID,Sunderland,0.7,0,0,0,0,0,0.0,0,547,0.00,0.00,0.00,0.00,68,0,0,0.0,0.0,2025-10-04T14:00:00Z,0,False,14,0,0,0,0,0,7,0,50547,0,0,,,0.0,0,-1052,3407,4459,49,False,0
Václav Hladký,GK,Burnley,-0.5,0,0,0,0,0,0.0,0,185,0.00,0.00,0.00,0.00,62,0,0,0.0,0.0,2025-10-05T13:00:00Z,0,False,2,0,0,0,0,0,7,0,20951,0,0,,,0.0,0,-558,331,889,40,False,0
Jamaldeen Jimoh-Aloba,MID,Aston Villa,0.5,0,0,0,0,0,0.0,0,62,0.00,0.00,0.00,0.00,62,0,0,0.0,0.0,2025-10-05T13:00:00Z,0,False,3,0,0,0,0,0,7,0,7687,0,0,,,0.0,0,201,708,507,45,True,0
Manuel Ugarte Ribeiro,MID,Man Utd,2.3,0,0,0,0,0,0.0,0,459,0.00,0.00,0.00,0.00,68,0,0,0.0,0.0,2025-10-04T14:00:00Z,0,False,17,0,0,0,0,0,7,0,17688,0,0,,,0.0,0,-306,1239,1545,49,True,0
Matz Sels,GK,Nott'm Forest,1.0,0,0,0,0,0,0.0,0,502,0.00,0.00,0.00,0.00,69,0,0,0.0,0.0,2025-10-05T13:00:00Z,0,False,15,0,0,0,0,0,7,0,1336799,0,0,,,0.0,0,-191134,5161,196295,49,False,0
Fábio Freitas Gouveia Carvalho,MID,Brentford,1.5,0,0,0,0,0,0.0,0,123,0.00,0.00,0.00,0.00,64,0,0,0.0,0.0,2025-10-05T15:30:00Z,0,False,13,0,0,0,0,0,7,0,31444,0,0,,,0.0,0,-2616,1432,4048,49,True,0
Mateus Gonçalo Espanha Fernandes,MID,West Ham,1.0,0,0,0,0,0,0.0,0,708,0.00,0.00,0.00,0.00,61,0,0,0.0,0.0,2025-10-04T14:00:00Z,0,False,1,0,0,0,0,0,7,0,3042,0,0,,,0.0,0,-34,323,357,55,False,0
Joe Hodge,MID,Wolves,0.0,0,0,0,0,0,0.0,0,653,0.00,0.00,0.00,0.00,70,0,0,0.0,0.0,2025-10-05T13:00:00Z,0,False,6,0,0,0,0,0,7,0,4629,0,0,,,0.0,0,-257,0,257,45,True,0
Adam Aznou,DEF,Everton,0.0,0,0,0,0,0,0.0,0,667,0.00,0.00,0.00,0.00,66,0,0,0.0,0.0,2025-10-05T13:00:00Z,0,False,8,0,0,0,0,0,7,0,7157,0,0,,,0.0,0,-303,81,384,44,True,0
Manor Solomon,MID,Spurs,0.0,0,0,0,0,0,0.0,0,589,0.00,0.00,0.00,0.00,67,0,0,0.0,0.0,2025-10-04T11:30:00Z,0,False,11,0,0,0,0,0,7,0,981,0,0,,,0.0,0,-41,0,41,54,False,0
Kim Ji-soo,DEF,Brentford,0.0,0,0,0,0,0,0.0,0,117,0.00,0.00,0.00,0.00,64,0,0,0.0,0.0,2025-10-05T15:30:00Z,0,False,13,0,0,0,0,0,7,0,15606,0,0,,,0.0,0,-1497,0,1497,39,True,0
Olivier Boscagli,DEF,Brighton,0.0,0,0,0,0,0,0.0,0,143,0.00,0.00,0.00,0.00,70,0,0,0.0,0.0,2025-10-05T13:00:00Z,0,False,20,0,0,0,0,0,7,0,10108,0,0,,,0.0,0,-335,224,559,43,False,0
Jacob Bruun Larsen,MID,Burnley,-0.3,0,0,0,0,0,0.0,0,202,0.00,0.00,0.00,0.00,62,0,0,0.0,0.0,2025-10-05T13:00:00Z,0,False,2,0,0,0,0,0,7,0,3546,0,0,,,0.0,0,-84,150,234,53,False,0
Timothée Pembélé,DEF,Sunderland,-0.5,0,0,0,0,0,0.0,0,540,0.00,0.00,0.00,0.00,68,0,0,0.0,0.0,2025-10-04T14:00:00Z,0,False,14,0,0,0,0,0,7,0,56432,0,0,,,0.0,0,3229,7573,4344,39,False,0
Sam Johnstone,GK,Wolves,1.2,0,0,0,0,0,0.0,0,627,0.00,0.00,0.00,0.00,70,0,0,0.0,0.0,2025-10-05T13:00:00Z,0,False,6,0,0,0,0,0,7,0,16485,0,0,,,0.0,0,558,1250,692,45,True,0
Luke Harris,MID,Fulham,0.0,0,0,0,0,0,0.0,0,334,0.00,0.00,0.00,0.00,63,0,0,0.0,0.0,2025-10-03T19:00:00Z,0,False,4,0,0,0,0,0,7,0,234,0,0,1,3,0.0,0,-10,0,10,45,False,0
Julio Enciso Espínola,MID,Brighton,0.0,0,0,0,0,0,0.0,0,161,0.00,0.00,0.00,0.00,70,0,0,0.0,0.0,2025-10-05T13:00:00Z,0,False,20,0,0,0,0,0,7,0,1347,0,0,,,0.0,0,-58,0,58,54,False,0
Alex Murphy,DEF,Newcastle,0.5,0,0,0,0,0,0.0,0,481,0.00,0.00,0.00,0.00,69,0,0,0.0,0.0,2025-10-05T13:00:00Z,0,False,16,0,0,0,0,0,7,0,81106,0,0,,,0.0,0,-1018,3451,4469,39,True,0
Thierno Barry,FWD,Everton,0.8,0,0,0,0,0,0.0,0,310,0.00,0.00,0.00,0.00,66,0,0,0.0,0.0,2025-10-05T13:00:00Z,0,False,8,0,0,0,0,0,7,0,43960,0,0,,,0.0,0,-3193,1412,4605,58,True,0
Samuel Chukwueze,MID,Fulham,1.2,1,0,17,0,0,25.8,2,727,0.32,0.32,0.00,0.67,63,3,0,4.9,21.0,2025-10-03T19:00:00Z,23,False,4,0,0,0,2,0,7,0,2783,0,0,1,3,2.0,4,-80,349,429,54,False,0
Nick Woltemade,FWD,Newcastle,5.0,0,0,0,0,0,0.0,0,714,0.00,0.00,0.00,0.00,69,0,0,0.0,0.0,2025-10-05T13:00:00Z,0,False,16,0,0,0,0,0,7,0,819594,0,0,,,0.0,0,398735,439484,40749,71,True,0
Martin Dúbravka,GK,Burnley,1.5,0,0,0,0,0,0.0,0,470,0.00,0.00,0.00,0.00,62,0,0,0.0,0.0,2025-10-05T13:00:00Z,0,False,2,0,0,0,0,0,7,0,4138990,0,0,,,0.0,0,-4465,71787,76252,40,False,0
Sandro Tonali,MID,Newcastle,3.5,0,0,0,0,0,0.0,0,491,0.00,0.00,0.00,0.00,69,0,0,0.0,0.0,2025-10-05T13:00:00Z,0,False,16,0,0,0,0,0,7,0,166220,0,0,,,0.0,0,12949,21250,8301,54,True,0
Harvey Elliott,MID,Aston Villa,1.3,0,0,0,0,0,0.0,0,389,0.00,0.00,0.00,0.00,62,0,0,0.0,0.0,2025-10-05T13:00:00Z,0,False,3,0,0,0,0,0,7,0,59271,0,0,,,0.0,0,-6594,3264,9858,54,True,0
Yoane Wissa,FWD,Newcastle,0.0,0,0,0,0,0,0.0,0,135,0.00,0.00,0.00,0.00,69,0,0,0.0,0.0,2025-10-05T13:00:00Z,0,False,16,0,0,0,0,0,7,0,73669,0,0,,,0.0,0,-7125,201,7326,74,True,0
Nathan Collins,DEF,Brentford,0.5,0,0,0,0,0,0.0,0,106,0.00,0.00,0.00,0.00,64,0,0,0.0,0.0,2025-10-05T15:30:00Z,0,False,13,0,0,0,0,0,7,0,149458,0,0,,,0.0,0,-12453,2108,14561,50,True,0
Gonçalo Manuel Ganchinho Guedes,MID,Wolves,0.0,0,0,0,0,0,0.0,0,647,0.00,0.00,0.00,0.00,70,0,0,0.0,0.0,2025-10-05T13:00:00Z,0,False,6,0,0,0,0,0,7,0,452,0,0,,,0.0,0,-14,0,14,55,True,0
Alfie Pond,DEF,Wolves,0.0,0,0,0,0,0,0.0,0,641,0.00,0.00,0.00,0.00,70,0,0,0.0,0.0,2025-10-05T13:00:00Z,0,False,6,0,0,0,0,0,7,0,171226,0,0,,,0.0,0,20237,27932,7695,39,True,0
Jhon Arias,MID,Wolves,1.8,0,0,0,0,0,0.0,0,663,0.00,0.00,0.00,0.00,70,0,0,0.0,0.0,2025-10-05T13:00:00Z,0,False,6,0,0,0,0,0,7,0,29264,0,0,,,0.0,0,-252,2395,2647,52,True,0
Norberto Bercique Gomes Betuncal,FWD,Everton,1.2,0,0,0,0,0,0.0,0,311,0.00,0.00,0.00,0.00,66,0,0,0.0,0.0,2025-10-05T13:00:00Z,0,False,8,0,0,0,0,0,7,0,523212,0,0,,,0.0,0,-56061,18687,74748,54,True,0
Oleksandr Zinchenko,DEF,Nott'm Forest,0.1,0,0,0,0,0,0.0,0,12,0.00,0.00,0.00,0.00,69,0,0,0.0,0.0,2025-10-05T13:00:00Z,0,False,15,0,0,0,0,0,7,0,39509,0,0,,,0.0,0,-3685,1168,4853,49,False,0
Jack Moorhouse,MID,Man Utd,0.0,0,0,0,0,0,0.0,0,464,0.00,0.00,0.00,0.00,68,0,0,0.0,0.0,2025-10-04T14:00:00Z,0,False,17,0,0,0,0,0,7,0,2903,0,0,,,0.0,0,-269,0,269,45,True,0
James Trafford,GK,Man City,0.5,0,0,0,0,0,0.0,0,182,0.00,0.00,0.00,0.00,64,0,0,0.0,0.0,2025-10-05T15:30:00Z,0,False,5,0,0,0,0,0,7,0,166587,0,0,,,0.0,0,-14385,684,15069,48,False,0
John Stones,DEF,Man City,0.7,0,0,0,0,0,0.0,0,409,0.00,0.00,0.00,0.00,64,0,0,0.0,0.0,2025-10-05T15:30:00Z,0,False,5,0,0,0,0,0,7,0,92592,0,0,,,0.0,0,-3180,1671,4851,55,False,0
Jacob Murphy,MID,Newcastle,3.5,0,0,0,0,0,0.0,0,489,0.00,0.00,0.00,0.00,69,0,0,0.0,0.0,2025-10-05T13:00:00Z,0,False,16,0,0,0,0,0,7,0,127977,0,0,,,0.0,0,-970,9640,10610,62,True,0
William Osula,FWD,Newcastle,1.3,0,0,0,0,0,0.0,0,500,0.00,0.00,0.00,0.00,69,0,0,0.0,0.0,2025-10-05T13:00:00Z,0,False,16,0,0,0,0,0,7,0,42803,0,0,,,0.0,0,-2247,3397,5644,55,True,0
Daniel Ballard,DEF,Sunderland,0.0,0,0,0,0,0,0.0,0,531,0.00,0.00,0.00,0.00,68,0,0,0.0,0.0,2025-10-04T14:00:00Z,0,False,14,0,0,0,0,0,7,0,289236,0,0,,,0.0,0,-15605,5292,20897,46,False,0
Pervis Estupiñán Tenorio,DEF,Brighton,0.0,0,0,0,0,0,0.0,0,147,0.00,0.00,0.00,0.00,70,0,0,0.0,0.0,2025-10-05T13:00:00Z,0,False,20,0,0,0,0,0,7,0,1352,0,0,,,0.0,0,-30,0,30,45,False,0
Harry Tyrer,GK,Everton,0.0,0,0,0,0,0,0.0,0,289,0.00,0.00,0.00,0.00,66,0,0,0.0,0.0,2025-10-05T13:00:00Z,0,False,8,0,0,0,0,0,7,0,14042,0,0,,,0.0,0,-341,147,488,40,True,0
Julio Soler Barreto,DEF,Bournemouth,0.2,0,0,0,0,0,0.0,0,80,0.00,0.00,0.00,0.00,63,0,0,0.0,0.0,2025-10-03T19:00:00Z,0,False,10,0,0,0,0,0,7,0,29414,0,0,1,3,0.0,0,-841,778,1619,40,True,0
Enso González Medina,MID,Wolves,0.0,0,0,0,0,0,0.0,0,652,0.00,0.00,0.00,0.00,70,0,0,0.0,0.0,2025-10-05T13:00:00Z,0,False,6,0,0,0,0,0,7,0,198447,0,0,,,0.0,0,-5553,7995,13548,44,True,0
Zak Johnson,DEF,Sunderland,-0.5,0,0,0,0,0,0.0,0,538,0.00,0.00,0.00,0.00,68,0,0,0.0,0.0,2025-10-04T14:00:00Z,0,False,14,0,0,0,0,0,7,0,31903,0,0,,,0.0,0,1777,3606,1829,39,False,0
Daniel Bentley,GK,Wolves,0.0,0,0,0,0,0,0.0,0,629,0.00,0.00,0.00,0.00,70,0,0,0.0,0.0,2025-10-05T13:00:00Z,0,False,6,0,0,0,0,0,7,0,78857,0,0,,,0.0,0,-2038,671,2709,40,True,0
Remy Rees-Dottin,MID,Bournemouth,0.0,0,0,0,0,0,0.0,0,687,0.00,0.00,0.00,0.00,63,0,0,0.0,0.0,2025-10-03T19:00:00Z,0,False,10,0,0,0,0,0,7,0,15188,0,0,1,3,0.0,0,613,1270,657,44,True,0
Viktor Gyökeres,FWD,Arsenal,3.0,0,0,0,0,0,0.0,0,666,0.00,0.00,0.00,0.00,61,0,0,0.0,0.0,2025-10-04T14:00:00Z,0,False,19,0,0,0,0,0,7,0,3392158,0,0,,,0.0,0,268069,491582,223513,90,True,0
Antoñito Cordero Campillo,MID,Newcastle,0.0,0,0,0,0,0,0.0,0,492,0.00,0.00,0.00,0.00,69,0,0,0.0,0.0,2025-10-05T13:00:00Z,0,False,16,0,0,0,0,0,7,0,3394,0,0,,,0.0,0,-318,0,318,49,True,0
Jesurun Rak-Sakyi,MID,Crystal Palace,0.0,0,0,0,0,0,0.0,0,278,0.00,0.00,0.00,0.00,66,0,0,0.0,0.0,2025-10-05T13:00:00Z,0,False,9,0,0,0,0,0,7,0,6488,0,0,,,0.0,0,-933,0,933,44,False,0
Bruno Guimarães Rodriguez Moura,MID,Newcastle,1.5,0,0,0,0,0,0.0,0,488,0.00,0.00,0.00,0.00,69,0,0,0.0,0.0,2025-10-05T13:00:00Z,0,False,16,0,0,0,0,0,7,0,243837,0,0,,,0.0,0,-9189,8386,17575,65,True,0
Oscar Bobb,MID,Man City,1.0,0,0,0,0,0,0.0,0,424,0.00,0.00,0.00,0.00,64,0,0,0.0,0.0,2025-10-05T15:30:00Z,0,False,5,0,0,0,0,0,7,0,40894,0,0,,,0.0,0,-5456,1197,6653,55,False,0
Kieran Trippier,DEF,Newcastle,2.5,0,0,0,0,0,0.0,0,478,0.00,0.00,0.00,0.00,69,0,0,0.0,0.0,2025-10-05T13:00:00Z,0,False,16,0,0,0,0,0,7,0,309765,0,0,,,0.0,0,4572,21590,17018,50,True,0
Benjamin Arthur,DEF,Brentford,-0.5,0,0,0,0,0,0.0,0,114,0.00,0.00,0.00,0.00,64,0,0,0.0,0.0,2025-10-05T15:30:00Z,0,False,13,0,0,0,0,0,7,0,30110,0,0,,,0.0,0,-1178,550,1728,40,True,0
David Mota Veiga Teixeira do Carmo,DEF,Nott'm Forest,0.0,0,0,0,0,0,0.0,0,509,0.00,0.00,0.00,0.00,69,0,0,0.0,0.0,2025-10-05T13:00:00Z,0,False,15,0,0,0,0,0,7,0,3316,0,0,,,0.0,0,-184,0,184,45,False,0
Tyler Morton,MID,Liverpool,0.0,0,0,0,0,0,0.0,0,395,0.00,0.00,0.00,0.00,65,0,0,0.0,0.0,2025-10-04T16:30:00Z,0,False,7,0,0,0,0,0,7,0,319,0,0,,,0.0,0,-10,0,10,45,False,0
Mateo Joseph Fernández-Regatillo,FWD,Leeds,0.0,0,0,0,0,0,0.0,0,364,0.00,0.00,0.00,0.00,67,0,0,0.0,0.0,2025-10-04T11:30:00Z,0,False,18,0,0,0,0,0,7,0,1447,0,0,,,0.0,0,-50,0,50,50,True,0
Ryan Christie,MID,Bournemouth,1.5,0,0,3,0,0,1.6,2,87,0.00,0.00,0.00,0.23,63,0,0,0.6,4.2,2025-10-03T19:00:00Z,12,False,10,0,0,0,1,0,7,0,8534,0,1,1,3,0.0,1,242,733,491,50,True,0
Chris Richards,DEF,Crystal Palace,3.5,0,0,0,0,0,0.0,0,261,0.00,0.00,0.00,0.00,66,0,0,0.0,0.0,2025-10-05T13:00:00Z,0,False,9,0,0,0,0,0,7,0,368777,0,0,,,0.0,0,49000,67598,18598,45,False,0
Will Hughes,MID,Crystal Palace,1.1,0,0,0,0,0,0.0,0,270,0.00,0.00,0.00,0.00,66,0,0,0.0,0.0,2025-10-05T13:00:00Z,0,False,9,0,0,0,0,0,7,0,13831,0,0,,,0.0,0,-521,853,1374,49,False,0
Jack Grealish,MID,Everton,1.2,0,0,0,0,0,0.0,0,419,0.00,0.00,0.00,0.00,66,0,0,0.0,0.0,2025-10-05T13:00:00Z,0,False,8,0,0,0,0,0,7,0,2669788,0,0,,,0.0,0,-140194,105886,246080,69,True,0
Simon Adingra,MID,Sunderland,0.5,0,0,0,0,0,0.0,0,543,0.00,0.00,0.00,0.00,68,0,0,0.0,0.0,2025-10-04T14:00:00Z,0,False,14,0,0,0,0,0,7,0,88564,0,0,,,0.0,0,-11843,1812,13655,53,False,0
Luca Koleosho,MID,Burnley,0.0,0,0,0,0,0,0.0,0,208,0.00,0.00,0.00,0.00,62,0,0,0.0,0.0,2025-10-05T13:00:00Z,0,False,2,0,0,0,0,0,7,0,1628,0,0,,,0.0,0,-71,0,71,50,False,0
Nick Pope,GK,Newcastle,4.5,0,0,0,0,0,0.0,0,469,0.00,0.00,0.00,0.00,69,0,0,0.0,0.0,2025-10-05T13:00:00Z,0,False,16,0,0,0,0,0,7,0,1062484,0,0,,,0.0,0,214146,243259,29113,51,True,0
Chadi Riad Dnanou,DEF,Crystal Palace,0.0,0,0,0,0,0,0.0,0,262,0.00,0.00,0.00,0.00,66,0,0,0.0,0.0,2025-10-05T13:00:00Z,0,False,9,0,0,0,0,0,7,0,758,0,0,,,0.0,0,-87,15,102,40,False,0
Abdukodir Khusanov,DEF,Man City,0.0,0,0,0,0,0,0.0,0,406,0.00,0.00,0.00,0.00,64,0,0,0.0,0.0,2025-10-05T15:30:00Z,0,False,5,0,0,0,0,0,7,0,40040,0,0,,,0.0,0,-7039,117,7156,54,False,0
Hamed Traorè,MID,Bournemouth,0.0,0,0,0,0,0,0.0,0,93,0.00,0.00,0.00,0.00,63,0,0,0.0,0.0,2025-10-03T19:00:00Z,0,False,10,0,0,0,0,0,7,0,64080,0,0,1,3,0.0,0,-7858,0,7858,45,True,0
David Møller Wolfe,DEF,Wolves,0.0,0,0,0,0,0,0.0,0,682,0.00,0.00,0.00,0.00,70,0,0,0.0,0.0,2025-10-05T13:00:00Z,0,False,6,0,0,0,0,0,7,0,8172,0,0,,,0.0,0,-546,73,619,44,True,0
Darko Gyabi,MID,Leeds,0.0,0,0,0,0,0,0.0,0,361,0.00,0.00,0.00,0.00,67,0,0,0.0,0.0,2025-10-04T11:30:00Z,0,False,18,0,0,0,0,0,7,0,4662,0,0,,,0.0,0,-394,0,394,45,True,0
Oliver Sonne,DEF,Burnley,-0.5,0,0,0,0,0,0.0,0,197,0.00,0.00,0.00,0.00,62,0,0,0.0,0.0,2025-10-05T13:00:00Z,0,False,2,0,0,0,0,0,7,0,16494,0,0,,,0.0,0,-531,254,785,40,False,0
Noah Okafor,MID,Leeds,2.5,0,0,0,0,0,0.0,0,698,0.00,0.00,0.00,0.00,67,0,0,0.0,0.0,2025-10-04T11:30:00Z,0,False,18,0,0,0,0,0,7,0,10364,0,0,,,0.0,0,1381,3140,1759,55,True,0
Mathys Tel,MID,Spurs,1.5,0,0,0,0,0,0.0,0,584,0.00,0.00,0.00,0.00,67,0,0,0.0,0.0,2025-10-04T11:30:00Z,0,False,11,0,0,0,0,0,7,0,12362,0,0,,,0.0,0,-263,802,1065,63,False,0
Facundo Buonanotte,MID,Chelsea,-0.3,0,0,0,0,0,0.0,0,168,0.00,0.00,0.00,0.00,65,0,0,0.0,0.0,2025-10-04T16:30:00Z,0,False,12,0,0,0,0,0,7,0,12964,0,0,,,0.0,0,-395,829,1224,48,True,0
Malo Gusto,DEF,Chelsea,-0.3,0,0,0,0,0,0.0,0,228,0.00,0.00,0.00,0.00,65,0,0,0.0,0.0,2025-10-04T16:30:00Z,0,False,12,0,0,0,0,0,7,0,145190,0,0,,,0.0,0,-12998,2308,15306,49,True,0
John Victor Maciel Furtado,GK,Nott'm Forest,-0.5,0,0,0,0,0,0.0,0,715,0.00,0.00,0.00,0.00,69,0,0,0.0,0.0,2025-10-05T13:00:00Z,0,False,15,0,0,0,0,0,7,0,44495,0,0,,,0.0,0,-1262,1607,2869,40,False,0
Harry Gray,FWD,Leeds,-0.2,0,0,0,0,0,0.0,0,741,0.00,0.00,0.00,0.00,67,0,0,0.0,0.0,2025-10-04T11:30:00Z,0,False,18,0,0,0,0,0,7,0,8035,0,0,,,0.0,0,601,2768,2167,45,True,0
Steven Benda,GK,Fulham,0.0,0,0,0,0,0,0.0,0,315,0.00,0.00,0.00,0.00,63,0,0,0.0,0.0,2025-10-03T19:00:00Z,0,False,4,0,0,0,0,0,7,0,638,0,0,1,3,0.0,0,-23,0,23,40,False,0
Bruno Borges Fernandes,MID,Man Utd,3.3,0,0,0,0,0,0.0,0,449,0.00,0.00,0.00,0.00,68,0,0,0.0,0.0,2025-10-04T14:00:00Z,0,False,17,0,0,0,0,0,7,0,2399723,0,0,,,0.0,0,-165385,101549,266934,90,True,0
James Justin,DEF,Leeds,-0.3,0,0,0,0,0,0.0,0,706,0.00,0.00,0.00,0.00,67,0,0,0.0,0.0,2025-10-04T11:30:00Z,0,False,18,0,0,0,0,0,7,0,28450,0,0,,,0.0,0,-824,980,1804,40,True,0
Mads Roerslev Rasmussen,DEF,Brentford,0.0,0,0,0,0,0,0.0,0,112,0.00,0.00,0.00,0.00,64,0,0,0.0,0.0,2025-10-05T15:30:00Z,0,False,13,0,0,0,0,0,7,0,2280,0,0,,,0.0,0,-114,0,114,45,True,0
Mitoma Kaoru,MID,Brighton,2.1,0,0,0,0,0,0.0,0,157,0.00,0.00,0.00,0.00,70,0,0,0.0,0.0,2025-10-05T13:00:00Z,0,False,20,0,0,0,0,0,7,0,482118,0,0,,,0.0,0,-53579,15742,69321,64,False,0
João Pedro Junqueira de Jesus,FWD,Chelsea,2.3,0,0,0,0,0,0.0,0,249,0.00,0.00,0.00,0.00,65,0,0,0.0,0.0,2025-10-04T16:30:00Z,0,False,12,0,0,0,0,0,7,0,7517589,0,0,,,0.0,0,-628021,103592,731613,77,True,0
Nicolò Savona,DEF,Nott'm Forest,-0.5,0,0,0,0,0,0.0,0,716,0.00,0.00,0.00,0.00,69,0,0,0.0,0.0,2025-10-05T13:00:00Z,0,False,15,0,0,0,0,0,7,0,1359,0,0,,,0.0,0,-69,86,155,45,False,0
Maxence Lacroix,DEF,Crystal Palace,3.0,0,0,0,0,0,0.0,0,257,0.00,0.00,0.00,0.00,66,0,0,0.0,0.0,2025-10-05T13:00:00Z,0,False,9,0,0,0,0,0,7,0,507311,0,0,,,0.0,0,31362,59960,28598,51,False,0
Tijjani Reijnders,MID,Man City,4.0,0,0,0,0,0,0.0,0,427,0.00,0.00,0.00,0.00,64,0,0,0.0,0.0,2025-10-05T15:30:00Z,0,False,5,0,0,0,0,0,7,0,4061814,0,0,,,0.0,0,-79758,146472,226230,58,False,0
Maximilian Kilman,DEF,West Ham,1.0,0,0,0,0,0,0.0,0,605,0.00,0.00,0.00,0.00,61,0,0,0.0,0.0,2025-10-04T14:00:00Z,0,False,1,0,0,0,0,0,7,0,21820,0,0,,,0.0,0,-57,1788,1845,44,False,0
Eddie Nketiah,FWD,Crystal Palace,1.2,0,0,0,0,0,0.0,0,284,0.00,0.00,0.00,0.00,66,0,0,0.0,0.0,2025-10-05T13:00:00Z,0,False,9,0,0,0,0,0,7,0,44999,0,0,,,0.0,0,17964,20870,2906,54,False,0
Emile Smith Rowe,MID,Fulham,1.0,0,0,3,0,0,2.3,0,325,0.01,0.01,0.00,0.52,63,1,0,0.3,0.6,2025-10-03T19:00:00Z,4,False,4,0,0,0,0,0,7,0,68553,0,0,1,3,0.0,1,-5794,1666,7460,58,False,0
Joe White,MID,Newcastle,0.0,0,0,0,0,0,0.0,0,498,0.00,0.00,0.00,0.00,69,0,0,0.0,0.0,2025-10-05T13:00:00Z,0,False,16,0,0,0,0,0,7,0,793,0,0,,,0.0,0,-34,0,34,45,True,0
Aaron Ramsdale,GK,Newcastle,0.5,0,0,0,0,0,0.0,0,674,0.00,0.00,0.00,0.00,69,0,0,0.0,0.0,2025-10-05T13:00:00Z,0,False,16,0,0,0,0,0,7,0,77669,0,0,,,0.0,0,-2869,1104,3973,49,True,0
Dermot Mee,GK,Man Utd,0.5,0,0,0,0,0,0.0,0,435,0.00,0.00,0.00,0.00,68,0,0,0.0,0.0,2025-10-04T14:00:00Z,0,False,17,0,0,0,0,0,7,0,12500,0,0,,,0.0,0,-296,149,445,40,True,0
Boubacar Kamara,MID,Aston Villa,2.3,0,0,0,0,0,0.0,0,58,0.00,0.00,0.00,0.00,62,0,0,0.0,0.0,2025-10-05T13:00:00Z,0,False,3,0,0,0,0,0,7,0,17166,0,0,,,0.0,0,893,2088,1195,49,True,0
Omar Marmoush,MID,Man City,0.0,0,0,0,0,0,0.0,0,413,0.00,0.00,0.00,0.00,64,0,0,0.0,0.0,2025-10-05T15:30:00Z,0,False,5,0,0,0,0,0,7,0,332551,0,0,,,0.0,0,-29343,268,29611,83,False,0
Michael Keane,DEF,Everton,4.5,0,0,0,0,0,0.0,0,295,0.00,0.00,0.00,0.00,66,0,0,0.0,0.0,2025-10-05T13:00:00Z,0,False,8,0,0,0,0,0,7,0,117185,0,0,,,0.0,0,17451,24464,7013,45,True,0
Elijah Campbell,DEF,Everton,0.0,0,0,0,0,0,0.0,0,705,0.00,0.00,0.00,0.00,66,0,0,0.0,0.0,2025-10-05T13:00:00Z,0,False,8,0,0,0,0,0,7,0,19536,0,0,,,0.0,0,-509,472,981,40,True,0
Matt Turner,GK,Nott'm Forest,0.0,0,0,0,0,0,0.0,0,504,0.00,0.00,0.00,0.00,69,0,0,0.0,0.0,2025-10-05T13:00:00Z,0,False,15,0,0,0,0,0,7,0,14208,0,0,,,0.0,0,-716,0,716,40,False,0
Richarlison de Andrade,FWD,Spurs,3.5,0,0,0,0,0,0.0,0,597,0.00,0.00,0.00,0.00,67,0,0,0.0,0.0,2025-10-04T11:30:00Z,0,False,11,0,0,0,0,0,7,0,2044901,0,0,,,0.0,0,-67908,149273,217181,68,False,0
Tanaka Ao,MID,Leeds,0.0,0,0,0,0,0,0.0,0,358,0.00,0.00,0.00,0.00,67,0,0,0.0,0.0,2025-10-04T11:30:00Z,0,False,18,0,0,0,0,0,7,0,15103,0,0,,,0.0,0,-915,290,1205,49,True,0
Trevoh Chalobah,DEF,Chelsea,0.0,0,0,0,0,0,0.0,0,226,0.00,0.00,0.00,0.00,65,0,0,0.0,0.0,2025-10-04T16:30:00Z,0,False,12,0,0,0,0,0,7,0,897459,0,0,,,0.0,0,-404996,9421,414417,52,True,0
Jorge Cuenca Barreno,DEF,Fulham,0.2,0,0,0,0,0,0.0,0,321,0.00,0.00,0.00,0.00,63,0,0,0.0,0.0,2025-10-03T19:00:00Z,0,False,4,0,0,0,0,0,7,0,4449,0,0,1,3,0.0,0,-160,52,212,44,False,0
Ashley Phillips,DEF,Spurs,0.0,0,0,0,0,0,0.0,0,576,0.00,0.00,0.00,0.00,67,0,0,0.0,0.0,2025-10-04T11:30:00Z,0,False,11,0,0,0,0,0,7,0,1785,0,0,,,0.0,0,-71,0,71,40,False,0
Asher Agbinone,MID,Crystal Palace,0.0,0,0,0,0,0,0.0,0,274,0.00,0.00,0.00,0.00,66,0,0,0.0,0.0,2025-10-05T13:00:00Z,0,False,9,0,0,0,0,0,7,0,6253,0,0,,,0.0,0,7,394,387,45,False,0
Joachim Andersen,DEF,Fulham,5.0,0,0,4,0,12,0.9,13,317,0.00,0.00,0.00,1.12,63,3,0,3.2,30.6,2025-10-03T19:00:00Z,90,False,4,0,0,0,5,0,7,0,498275,1,1,1,3,0.0,3,-1927,30403,32330,45,False,0
Ben Davies,DEF,Spurs,0.5,0,0,0,0,0,0.0,0,571,0.00,0.00,0.00,0.00,67,0,0,0.0,0.0,2025-10-04T11:30:00Z,0,False,11,0,0,0,0,0,7,0,9834,0,0,,,0.0,0,-497,158,655,43,False,0
Antonín Kinský,GK,Spurs,0.5,0,0,0,0,0,0.0,0,567,0.00,0.00,0.00,0.00,67,0,0,0.0,0.0,2025-10-04T11:30:00Z,0,False,11,0,0,0,0,0,7,0,210961,0,0,,,0.0,0,21904,31839,9935,39,False,0
Ryan Yates,MID,Nott'm Forest,-0.3,0,0,0,0,0,0.0,0,522,0.00,0.00,0.00,0.00,69,0,0,0.0,0.0,2025-10-05T13:00:00Z,0,False,15,0,0,0,0,0,7,0,10247,0,0,,,0.0,0,-392,424,816,48,False,0
Zian Flemming,FWD,Burnley,-0.3,0,0,0,0,0,0.0,0,215,0.00,0.00,0.00,0.00,62,0,0,0.0,0.0,2025-10-05T13:00:00Z,0,False,2,0,0,0,0,0,7,0,12863,0,0,,,0.0,0,-532,560,1092,53,False,0
Matt O'Riley,MID,Brighton,0.0,0,0,0,0,0,0.0,0,164,0.00,0.00,0.00,0.00,70,0,0,0.0,0.0,2025-10-05T13:00:00Z,0,False,20,0,0,0,0,0,7,0,57585,0,0,,,0.0,0,-5969,0,5969,55,False,0
Emil Krafth,DEF,Newcastle,0.5,0,0,0,0,0,0.0,0,479,0.00,0.00,0.00,0.00,69,0,0,0.0,0.0,2025-10-05T13:00:00Z,0,False,16,0,0,0,0,0,7,0,5469,0,0,,,0.0,0,-127,102,229,44,True,0
Lewis O'Brien,MID,Nott'm Forest,0.0,0,0,0,0,0,0.0,0,520,0.00,0.00,0.00,0.00,69,0,0,0.0,0.0,2025-10-05T13:00:00Z,0,False,15,0,0,0,0,0,7,0,116,0,0,,,0.0,0,-3,0,3,50,False,0
Michael Obafemi,FWD,Burnley,0.0,0,0,0,0,0,0.0,0,219,0.00,0.00,0.00,0.00,62,0,0,0.0,0.0,2025-10-05T13:00:00Z,0,False,2,0,0,0,0,0,7,0,22350,0,0,,,0.0,0,-1997,0,1997,44,False,0
Cheick Doucouré,MID,Crystal Palace,0.0,0,0,0,0,0,0.0,0,268,0.00,0.00,0.00,0.00,66,0,0,0.0,0.0,2025-10-05T13:00:00Z,0,False,9,0,0,0,0,0,7,0,342,0,0,,,0.0,0,-42,16,58,49,False,0
Chris Wood,FWD,Nott'm Forest,0.7,0,0,0,0,0,0.0,0,525,0.00,0.00,0.00,0.00,69,0,0,0.0,0.0,2025-10-05T13:00:00Z,0,False,15,0,0,0,0,0,7,0,1602878,0,0,,,0.0,0,-528915,13690,542605,74,False,0
Romain Faivre,MID,Bournemouth,0.0,0,0,0,0,0,0.0,0,92,0.00,0.00,0.00,0.00,63,0,0,0.0,0.0,2025-10-03T19:00:00Z,0,False,10,0,0,0,0,0,7,0,11507,0,0,1,3,0.0,0,-1008,0,1008,45,True,0
Romain Esse,MID,Crystal Palace,0.0,0,0,0,0,0,0.0,0,269,0.00,0.00,0.00,0.00,66,0,0,0.0,0.0,2025-10-05T13:00:00Z,0,False,9,0,0,0,0,0,7,0,18792,0,0,,,0.0,0,-629,745,1374,48,False,0
Callum Hudson-Odoi,MID,Nott'm Forest,0.3,0,0,0,0,0,0.0,0,516,0.00,0.00,0.00,0.00,69,0,0,0.0,0.0,2025-10-05T13:00:00Z,0,False,15,0,0,0,0,0,7,0,136885,0,0,,,0.0,0,-28594,2700,31294,60,False,0
Filip Jörgensen,GK,Chelsea,-0.3,0,0,0,0,0,0.0,0,221,0.00,0.00,0.00,0.00,65,0,0,0.0,0.0,2025-10-04T16:30:00Z,0,False,12,0,0,0,0,0,7,0,23633,0,0,,,0.0,0,-2138,438,2576,44,True,0
Igor Jesus Maciel da Cruz,FWD,Nott'm Forest,0.0,0,0,0,0,0,0.0,0,526,0.00,0.00,0.00,0.00,69,0,0,0.0,0.0,2025-10-05T13:00:00Z,0,False,15,0,0,0,0,0,7,0,89071,0,0,,,0.0,0,-5929,9980,15909,58,False,0
Kenny Tete,DEF,Fulham,0.0,0,0,0,0,0,0.0,0,322,0.00,0.00,0.00,0.00,63,0,0,0.0,0.0,2025-10-03T19:00:00Z,0,False,4,0,0,0,0,0,7,0,20765,0,0,1,3,0.0,0,-4564,225,4789,45,False,0
Evan Ferguson,FWD,Brighton,0.0,0,0,0,0,0,0.0,0,179,0.00,0.00,0.00,0.00,70,0,0,0.0,0.0,2025-10-05T13:00:00Z,0,False,20,0,0,0,0,0,7,0,1064,0,0,,,0.0,0,-38,0,38,55,False,0
Jamie Bynoe-Gittens,MID,Chelsea,-0.3,0,0,0,0,0,0.0,0,239,0.00,0.00,0.00,0.00,65,0,0,0.0,0.0,2025-10-04T16:30:00Z,0,False,12,0,0,0,0,0,7,0,14261,0,0,,,0.0,0,-954,463,1417,62,True,0
Kiernan Dewsbury-Hall,MID,Everton,0.0,0,0,0,0,0,0.0,0,242,0.00,0.00,0.00,0.00,66,0,0,0.0,0.0,2025-10-05T13:00:00Z,0,False,8,0,0,0,0,0,7,0,466926,0,0,,,0.0,0,-116679,9983,126662,50,True,0
Caoimhín Kelleher,GK,Brentford,2.3,0,0,0,0,0,0.0,0,101,0.00,0.00,0.00,0.00,64,0,0,0.0,0.0,2025-10-05T15:30:00Z,0,False,13,0,0,0,0,0,7,0,976642,0,0,,,0.0,0,-23330,24395,47725,45,True,0
Mikey Moore,MID,Spurs,0.0,0,0,0,0,0,0.0,0,592,0.00,0.00,0.00,0.00,67,0,0,0.0,0.0,2025-10-04T11:30:00Z,0,False,11,0,0,0,0,0,7,0,486,0,0,,,0.0,0,-13,0,13,50,False,0
Omar Richards,DEF,Nott'm Forest,0.0,0,0,0,0,0,0.0,0,512,0.00,0.00,0.00,0.00,69,0,0,0.0,0.0,2025-10-05T13:00:00Z,0,False,15,0,0,0,0,0,7,0,3082,0,0,,,0.0,0,-180,0,180,45,False,0
Justin Kluivert,MID,Bournemouth,2.8,0,2,32,0,0,13.5,5,81,0.01,0.03,0.02,0.63,63,1,1,6.4,39.6,2025-10-03T19:00:00Z,29,False,10,0,0,0,3,0,7,0,93566,0,2,1,3,11.0,8,236,9367,9131,70,True,0
Ármin Pécsi,GK,Liverpool,0.5,0,0,0,0,0,0.0,0,368,0.00,0.00,0.00,0.00,65,0,0,0.0,0.0,2025-10-04T16:30:00Z,0,False,7,0,0,0,0,0,7,0,47422,0,0,,,0.0,0,4432,7301,2869,39,False,0
Joe Rodon,DEF,Leeds,2.7,0,0,0,0,0,0.0,0,348,0.00,0.00,0.00,0.00,67,0,0,0.0,0.0,2025-10-04T11:30:00Z,0,False,18,0,0,0,0,0,7,0,632370,0,0,,,0.0,0,80470,103035,22565,40,True,0
Bernd Leno,GK,Fulham,3.0,0,0,4,0,2,0.0,0,314,0.00,0.00,0.00,1.12,63,3,0,2.3,22.6,2025-10-03T19:00:00Z,90,False,4,0,0,0,5,0,7,3,180865,1,0,1,3,0.0,2,-6981,2660,9641,50,False,0
Callum Bates,MID,Everton,0.0,0,0,0,0,0,0.0,0,306,0.00,0.00,0.00,0.00,66,0,0,0.0,0.0,2025-10-05T13:00:00Z,0,False,8,0,0,0,0,0,7,0,9055,0,0,,,0.0,0,52,668,616,45,True,0
Rob Holding,DEF,Crystal Palace,0.0,0,0,0,0,0,0.0,0,264,0.00,0.00,0.00,0.00,66,0,0,0.0,0.0,2025-10-05T13:00:00Z,0,False,9,0,0,0,0,0,7,0,2802,0,0,,,0.0,0,-124,0,124,40,False,0
Adrian Mazilu,MID,Brighton,0.0,0,0,0,0,0,0.0,0,176,0.00,0.00,0.00,0.00,70,0,0,0.0,0.0,2025-10-05T13:00:00Z,0,False,20,0,0,0,0,0,7,0,3610,0,0,,,0.0,0,-425,0,425,45,False,0
Tom Watson,MID,Brighton,0.0,0,0,0,0,0,0.0,0,172,0.00,0.00,0.00,0.00,70,0,0,0.0,0.0,2025-10-05T13:00:00Z,0,False,20,0,0,0,0,0,7,0,3437,0,0,,,0.0,0,-87,90,177,49,False,0
Pierre Ekwah Elimby,MID,Sunderland,0.0,0,0,0,0,0,0.0,0,556,0.00,0.00,0.00,0.00,68,0,0,0.0,0.0,2025-10-04T14:00:00Z,0,False,14,0,0,0,0,0,7,0,930,0,0,,,0.0,0,-60,0,60,45,False,0
Alexander Isak,FWD,Liverpool,1.3,0,0,0,0,0,0.0,0,499,0.00,0.00,0.00,0.00,65,0,0,0.0,0.0,2025-10-04T16:30:00Z,0,False,7,0,0,0,0,0,7,0,1331565,0,0,,,0.0,0,-155998,89582,245580,106,False,0
Nathan Fraser,FWD,Wolves,0.0,0,0,0,0,0,0.0,0,658,0.00,0.00,0.00,0.00,70,0,0,0.0,0.0,2025-10-05T13:00:00Z,0,False,6,0,0,0,0,0,7,0,268760,0,0,,,0.0,0,-10598,9647,20245,44,True,0
Paris Maghoma,MID,Brentford,0.0,0,0,0,0,0,0.0,0,132,0.00,0.00,0.00,0.00,64,0,0,0.0,0.0,2025-10-05T15:30:00Z,0,False,13,0,0,0,0,0,7,0,1536,0,0,,,0.0,0,-115,20,135,45,True,0
Sepp van den Berg,DEF,Brentford,0.5,0,0,0,0,0,0.0,0,113,0.00,0.00,0.00,0.00,64,0,0,0.0,0.0,2025-10-05T15:30:00Z,0,False,13,0,0,0,0,0,7,0,75900,0,0,,,0.0,0,-5459,1459,6918,45,True,0
André Onana,GK,Man Utd,0.0,0,0,0,0,0,0.0,0,432,0.00,0.00,0.00,0.00,68,0,0,0.0,0.0,2025-10-04T14:00:00Z,0,False,17,0,0,0,0,0,7,0,22132,0,0,,,0.0,0,-1067,0,1067,49,True,0
Guglielmo Vicario,GK,Spurs,3.3,0,0,0,0,0,0.0,0,565,0.00,0.00,0.00,0.00,67,0,0,0.0,0.0,2025-10-04T11:30:00Z,0,False,11,0,0,0,0,0,7,0,1481098,0,0,,,0.0,0,-8411,61842,70253,51,False,0
Harry Maguire,DEF,Man Utd,3.7,0,0,0,0,0,0.0,0,442,0.00,0.00,0.00,0.00,68,0,0,0.0,0.0,2025-10-04T14:00:00Z,0,False,17,0,0,0,0,0,7,0,88407,0,0,,,0.0,0,-967,5407,6374,44,True,0
Jayce Fitzgerald,MID,Man Utd,0.5,0,0,0,0,0,0.0,0,461,0.00,0.00,0.00,0.00,68,0,0,0.0,0.0,2025-10-04T14:00:00Z,0,False,17,0,0,0,0,0,7,0,4696,0,0,,,0.0,0,-13,239,252,44,True,0
Moisés Caicedo Corozo,MID,Chelsea,4.0,0,0,0,0,0,0.0,0,241,0.00,0.00,0.00,0.00,65,0,0,0.0,0.0,2025-10-04T16:30:00Z,0,False,12,0,0,0,0,0,7,0,1405013,0,0,,,0.0,0,-44282,78549,122831,57,True,0
Jacob Slater,DEF,Brighton,0.0,0,0,0,0,0,0.0,0,155,0.00,0.00,0.00,0.00,70,0,0,0.0,0.0,2025-10-05T13:00:00Z,0,False,20,0,0,0,0,0,7,0,16699,0,0,,,0.0,0,-1656,0,1656,40,False,0
Lucas Bergvall,MID,Spurs,4.5,0,0,0,0,0,0.0,0,586,0.00,0.00,0.00,0.00,67,0,0,0.0,0.0,2025-10-04T11:30:00Z,0,False,11,0,0,0,0,0,7,0,84575,0,0,,,0.0,0,-112,10523,10635,54,False,0
Tyrone Mings,DEF,Aston Villa,1.0,0,0,0,0,0,0.0,0,40,0.00,0.00,0.00,0.00,62,0,0,0.0,0.0,2025-10-05T13:00:00Z,0,False,3,0,0,0,0,0,7,0,158097,0,0,,,0.0,0,-31074,2198,33272,45,True,0
Anthony Elanga,MID,Newcastle,1.3,0,0,0,0,0,0.0,0,486,0.00,0.00,0.00,0.00,69,0,0,0.0,0.0,2025-10-05T13:00:00Z,0,False,16,0,0,0,0,0,7,0,587250,0,0,,,0.0,0,-54053,13873,67926,69,True,0
Lamare Bogarde,DEF,Aston Villa,3.5,0,0,0,0,0,0.0,0,44,0.00,0.00,0.00,0.00,62,0,0,0.0,0.0,2025-10-05T13:00:00Z,0,False,3,0,0,0,0,0,7,0,86197,0,0,,,0.0,0,7306,12122,4816,40,True,0
Danny Welbeck,FWD,Brighton,3.5,0,0,0,0,0,0.0,0,178,0.00,0.00,0.00,0.00,70,0,0,0.0,0.0,2025-10-05T13:00:00Z,0,False,20,0,0,0,0,0,7,0,290829,0,0,,,0.0,0,63558,82321,18763,63,False,0
Lisandro Martínez,DEF,Man Utd,0.0,0,0,0,0,0,0.0,0,437,0.00,0.00,0.00,0.00,68,0,0,0.0,0.0,2025-10-04T14:00:00Z,0,False,17,0,0,0,0,0,7,0,9498,0,0,,,0.0,0,-347,41,388,49,True,0
Matheus Nunes,DEF,Man City,3.7,0,0,0,0,0,0.0,0,407,0.00,0.00,0.00,0.00,64,0,0,0.0,0.0,2025-10-05T15:30:00Z,0,False,5,0,0,0,0,0,7,0,55611,0,0,,,0.0,0,17382,20205,2823,53,False,0
Enzo Barrenechea,MID,Aston Villa,0.0,0,0,0,0,0,0.0,0,56,0.00,0.00,0.00,0.00,62,0,0,0.0,0.0,2025-10-05T13:00:00Z,0,False,3,0,0,0,0,0,7,0,52,0,0,,,0.0,0,0,0,0,50,True,0
Reinildo Mandava,DEF,Sunderland,0.0,0,0,0,0,0,0.0,0,541,0.00,0.00,0.00,0.00,68,0,0,0.0,0.0,2025-10-04T14:00:00Z,0,False,14,0,0,0,0,0,7,0,669078,0,0,,,0.0,0,-107732,761,108493,40,False,0
Cody Gakpo,MID,Liverpool,2.0,0,0,0,0,0,0.0,0,384,0.00,0.00,0.00,0.00,65,0,0,0.0,0.0,2025-10-04T16:30:00Z,0,False,7,0,0,0,0,0,7,0,1434059,0,0,,,0.0,0,-359392,34991,394383,75,False,0
Aaron Ramsey,MID,Burnley,0.0,0,0,0,0,0,0.0,0,211,0.00,0.00,0.00,0.00,62,0,0,0.0,0.0,2025-10-05T13:00:00Z,0,False,2,0,0,0,0,0,7,0,361549,0,0,,,0.0,0,-49136,0,49136,44,False,0
Eiran Cashin,DEF,Brighton,0.0,0,0,0,0,0,0.0,0,154,0.00,0.00,0.00,0.00,70,0,0,0.0,0.0,2025-10-05T13:00:00Z,0,False,20,0,0,0,0,0,7,0,752,0,0,,,0.0,0,-33,0,33,40,False,0
Isaac Schmidt,DEF,Leeds,0.0,0,0,0,0,0,0.0,0,349,0.00,0.00,0.00,0.00,67,0,0,0.0,0.0,2025-10-04T11:30:00Z,0,False,18,0,0,0,0,0,7,0,11580,0,0,,,0.0,0,-803,0,803,40,True,0
Jérémy Doku,MID,Man City,6.3,0,0,0,0,0,0.0,0,418,0.00,0.00,0.00,0.00,64,0,0,0.0,0.0,2025-10-05T15:30:00Z,0,False,5,0,0,0,0,0,7,0,932046,0,0,,,0.0,0,412142,442668,30526,66,False,0
Senne Lammens,GK,Man Utd,0.5,0,0,0,0,0,0.0,0,733,0.00,0.00,0.00,0.00,68,0,0,0.0,0.0,2025-10-04T14:00:00Z,0,False,17,0,0,0,0,0,7,0,16142,0,0,,,0.0,0,-465,1326,1791,50,True,0
Carlos Henrique Casimiro,MID,Man Utd,1.5,0,0,0,0,0,0.0,0,457,0.00,0.00,0.00,0.00,68,0,0,0.0,0.0,2025-10-04T14:00:00Z,0,False,17,0,0,0,0,0,7,0,26300,0,0,,,0.0,0,1002,2378,1376,55,True,0
Kjell Scherpen,GK,Brighton,0.0,0,0,0,0,0,0.0,0,142,0.00,0.00,0.00,0.00,70,0,0,0.0,0.0,2025-10-05T13:00:00Z,0,False,20,0,0,0,0,0,7,0,277,0,0,,,0.0,0,-9,0,9,40,False,0
Daniel James,MID,Leeds,0.0,0,0,0,0,0,0.0,0,353,0.00,0.00,0.00,0.00,67,0,0,0.0,0.0,2025-10-04T11:30:00Z,0,False,18,0,0,0,0,0,7,0,19312,0,0,,,0.0,0,-2731,209,2940,53,True,0
Marc Guéhi,DEF,Crystal Palace,5.0,0,0,0,0,0,0.0,0,260,0.00,0.00,0.00,0.00,66,0,0,0.0,0.0,2025-10-05T13:00:00Z,0,False,9,0,0,0,0,0,7,0,3642394,0,0,,,0.0,0,526259,558565,32306,48,False,0
Jason Steele,GK,Brighton,0.0,0,0,0,0,0,0.0,0,138,0.00,0.00,0.00,0.00,70,0,0,0.0,0.0,2025-10-05T13:00:00Z,0,False,20,0,0,0,0,0,7,0,37954,0,0,,,0.0,0,-1609,562,2171,44,False,0
Gabriel Martinelli Silva,MID,Arsenal,2.7,0,0,0,0,0,0.0,0,19,0.00,0.00,0.00,0.00,61,0,0,0.0,0.0,2025-10-04T14:00:00Z,0,False,19,0,0,0,0,0,7,0,149452,0,0,,,0.0,0,11827,21805,9978,69,True,0
Mohamed Salah,MID,Liverpool,4.5,0,0,0,0,0,0.0,0,381,0.00,0.00,0.00,0.00,65,0,0,0.0,0.0,2025-10-04T16:30:00Z,0,False,7,0,0,0,0,0,7,0,5036539,0,0,,,0.0,0,-708702,45559,754261,145,False,0
Angus Gunn,GK,Nott'm Forest,-0.5,0,0,0,0,0,0.0,0,675,0.00,0.00,0.00,0.00,69,0,0,0.0,0.0,2025-10-05T13:00:00Z,0,False,15,0,0,0,0,0,7,0,193173,0,0,,,0.0,0,-4127,1178,5305,40,False,0
Odsonne Édouard,FWD,Crystal Palace,0.0,0,0,0,0,0,0.0,0,285,0.00,0.00,0.00,0.00,66,0,0,0.0,0.0,2025-10-05T13:00:00Z,0,False,9,0,0,0,0,0,7,0,37039,0,0,,,0.0,0,-3344,0,3344,50,False,0
Vitaly Janelt,MID,Brentford,0.0,0,0,0,0,0,0.0,0,125,0.00,0.00,0.00,0.00,64,0,0,0.0,0.0,2025-10-05T15:30:00Z,0,False,13,0,0,0,0,0,7,0,1429,0,0,,,0.0,0,9,106,97,49,True,0
Walter Benítez,GK,Crystal Palace,0.0,0,0,0,0,0,0.0,0,254,0.00,0.00,0.00,0.00,66,0,0,0.0,0.0,2025-10-05T13:00:00Z,0,False,9,0,0,0,0,0,7,0,40497,0,0,,,0.0,0,-1993,242,2235,40,False,0
Eric da Silva Moreira,MID,Nott'm Forest,0.0,0,0,0,0,0,0.0,0,523,0.00,0.00,0.00,0.00,69,0,0,0.0,0.0,2025-10-05T13:00:00Z,0,False,15,0,0,0,0,0,7,0,9302,0,0,,,0.0,0,-746,0,746,45,False,0
Ferdi Kadıoğlu,DEF,Brighton,1.8,0,0,0,0,0,0.0,0,148,0.00,0.00,0.00,0.00,70,0,0,0.0,0.0,2025-10-05T13:00:00Z,0,False,20,0,0,0,0,0,7,0,17921,0,0,,,0.0,0,587,1614,1027,44,False,0
Jake O'Brien,DEF,Everton,2.2,0,0,0,0,0,0.0,0,293,0.00,0.00,0.00,0.00,66,0,0,0.0,0.0,2025-10-05T13:00:00Z,0,False,8,0,0,0,0,0,7,0,59471,0,0,,,0.0,0,-3067,1890,4957,50,True,0
Alex Paulsen,GK,Bournemouth,0.0,0,0,0,0,0,0.0,0,70,0.00,0.00,0.00,0.00,63,0,0,0.0,0.0,2025-10-03T19:00:00Z,0,False,10,0,0,0,0,0,7,0,10380,0,0,1,3,0.0,0,-595,0,595,40,True,0
Nathaniel Clyne,DEF,Crystal Palace,0.0,0,0,0,0,0,0.0,0,263,0.00,0.00,0.00,0.00,66,0,0,0.0,0.0,2025-10-05T13:00:00Z,0,False,9,0,0,0,0,0,7,0,60846,0,0,,,0.0,0,308,4024,3716,39,False,0
Yunus Emre Konak,MID,Brentford,-0.5,0,0,0,0,0,0.0,0,131,0.00,0.00,0.00,0.00,64,0,0,0.0,0.0,2025-10-05T15:30:00Z,0,False,13,0,0,0,0,0,7,0,26828,0,0,,,0.0,0,-463,1943,2406,44,True,0
Eli Junior Kroupi,FWD,Bournemouth,1.5,0,0,0,0,0,0.0,0,100,0.00,0.00,0.00,0.00,63,0,0,0.0,0.0,2025-10-03T19:00:00Z,0,False,10,0,0,0,0,0,7,0,205044,0,0,1,3,0.0,0,20730,38291,17561,45,True,0
Kalvin Phillips,MID,Man City,0.5,0,0,0,0,0,0.0,0,429,0.00,0.00,0.00,0.00,64,0,0,0.0,0.0,2025-10-05T15:30:00Z,0,False,5,0,0,0,0,0,7,0,7720,0,0,,,0.0,0,-210,236,446,49,False,0
Carlos Alcaraz Durán,MID,Everton,0.2,0,0,0,0,0,0.0,0,301,0.00,0.00,0.00,0.00,66,0,0,0.0,0.0,2025-10-05T13:00:00Z,0,False,8,0,0,0,0,0,7,0,11437,0,0,,,0.0,0,-606,296,902,53,True,0
Wilson Odobert,MID,Spurs,1.5,0,0,0,0,0,0.0,0,588,0.00,0.00,0.00,0.00,67,0,0,0.0,0.0,2025-10-04T11:30:00Z,0,False,11,0,0,0,0,0,7,0,3963,0,0,,,0.0,0,-69,228,297,53,False,0
Mike Trésor Ndayishimiye,MID,Burnley,-0.5,0,0,0,0,0,0.0,0,214,0.00,0.00,0.00,0.00,62,0,0,0.0,0.0,2025-10-05T13:00:00Z,0,False,2,0,0,0,0,0,7,0,9444,0,0,,,0.0,0,258,1071,813,44,False,0
Joško Gvardiol,DEF,Man City,3.5,0,0,0,0,0,0.0,0,403,0.00,0.00,0.00,0.00,64,0,0,0.0,0.0,2025-10-05T15:30:00Z,0,False,5,0,0,0,0,0,7,0,622286,0,0,,,0.0,0,20357,56102,35745,58,False,0
Altay Bayındır,GK,Man Utd,2.0,0,0,0,0,0,0.0,0,431,0.00,0.00,0.00,0.00,68,0,0,0.0,0.0,2025-10-04T14:00:00Z,0,False,17,0,0,0,0,0,7,0,54926,0,0,,,0.0,0,-58,4305,4363,50,True,0
Crysencio Summerville,MID,West Ham,1.0,0,0,0,0,0,0.0,0,615,0.00,0.00,0.00,0.00,61,0,0,0.0,0.0,2025-10-04T14:00:00Z,0,False,1,0,0,0,0,0,7,0,9544,0,0,,,0.0,0,1480,2598,1118,55,False,0
James McAtee,MID,Nott'm Forest,0.0,0,0,0,0,0,0.0,0,426,0.00,0.00,0.00,0.00,69,0,0,0.0,0.0,2025-10-05T13:00:00Z,0,False,15,0,0,0,0,0,7,0,13689,0,0,,,0.0,0,-876,542,1418,53,False,0
Albert Sambi Lokonga,MID,Arsenal,0.0,0,0,0,0,0,0.0,0,29,0.00,0.00,0.00,0.00,61,0,0,0.0,0.0,2025-10-04T14:00:00Z,0,False,19,0,0,0,0,0,7,0,8757,0,0,,,0.0,0,-636,0,636,45,True,0
Hannibal Mejbri,MID,Burnley,0.3,0,0,0,0,0,0.0,0,207,0.00,0.00,0.00,0.00,62,0,0,0.0,0.0,2025-10-05T13:00:00Z,0,False,2,0,0,0,0,0,7,0,16659,0,0,,,0.0,0,-945,533,1478,49,False,0
Yehor Yarmoliuk,MID,Brentford,2.5,0,0,0,0,0,0.0,0,129,0.00,0.00,0.00,0.00,64,0,0,0.0,0.0,2025-10-05T15:30:00Z,0,False,13,0,0,0,0,0,7,0,9233,0,0,,,0.0,0,840,1543,703,50,True,0
Sverre Nypan,MID,Man City,0.0,0,0,0,0,0,0.0,0,428,0.00,0.00,0.00,0.00,64,0,0,0.0,0.0,2025-10-05T15:30:00Z,0,False,5,0,0,0,0,0,7,0,1660,0,0,,,0.0,0,-48,0,48,50,False,0
Ethan Ampadu,MID,Leeds,1.7,0,0,0,0,0,0.0,0,354,0.00,0.00,0.00,0.00,67,0,0,0.0,0.0,2025-10-04T11:30:00Z,0,False,18,0,0,0,0,0,7,0,8377,0,0,,,0.0,0,161,1011,850,49,True,0
Tyrick Mitchell,DEF,Crystal Palace,4.5,0,0,0,0,0,0.0,0,258,0.00,0.00,0.00,0.00,66,0,0,0.0,0.0,2025-10-05T13:00:00Z,0,False,9,0,0,0,0,0,7,0,299624,0,0,,,0.0,0,52594,64472,11878,50,False,0
Claudio Echeverri,MID,Man City,0.0,0,0,0,0,0,0.0,0,425,0.00,0.00,0.00,0.00,64,0,0,0.0,0.0,2025-10-05T15:30:00Z,0,False,5,0,0,0,0,0,7,0,1416,0,0,,,0.0,0,-50,0,50,54,False,0
Gabriel Słonina,GK,Chelsea,-0.5,0,0,0,0,0,0.0,0,223,0.00,0.00,0.00,0.00,65,0,0,0.0,0.0,2025-10-04T16:30:00Z,0,False,12,0,0,0,0,0,7,0,12522,0,0,,,0.0,0,-141,364,505,40,True,0
Daichi Kamada,MID,Crystal Palace,2.5,0,0,0,0,0,0.0,0,271,0.00,0.00,0.00,0.00,66,0,0,0.0,0.0,2025-10-05T13:00:00Z,0,False,9,0,0,0,0,0,7,0,17480,0,0,,,0.0,0,3512,5693,2181,50,False,0
Florentino Ibrain Morris Luís,MID,Burnley,1.5,0,0,0,0,0,0.0,0,722,0.00,0.00,0.00,0.00,62,0,0,0.0,0.0,2025-10-05T13:00:00Z,0,False,2,0,0,0,0,0,7,0,1178,0,0,,,0.0,0,132,245,113,50,False,0
Andreas Hoelgebaum Pereira,MID,Fulham,0.0,0,0,0,0,0,0.0,0,327,0.00,0.00,0.00,0.00,63,0,0,0.0,0.0,2025-10-03T19:00:00Z,0,False,4,0,0,0,0,0,7,0,10251,0,0,1,3,0.0,0,-997,0,997,53,False,0
Milan Aleksić,MID,Sunderland,0.0,0,0,0,0,0,0.0,0,546,0.00,0.00,0.00,0.00,68,0,0,0.0,0.0,2025-10-04T14:00:00Z,0,False,14,0,0,0,0,0,7,0,2434,0,0,,,0.0,0,-126,0,126,49,False,0
Illan Meslier,GK,Leeds,-0.5,0,0,0,0,0,0.0,0,339,0.00,0.00,0.00,0.00,67,0,0,0.0,0.0,2025-10-04T11:30:00Z,0,False,18,0,0,0,0,0,7,0,55244,0,0,,,0.0,0,-2981,499,3480,44,True,0
Luis Díaz Marulanda,MID,Liverpool,0.0,0,0,0,0,0,0.0,0,383,0.00,0.00,0.00,0.00,65,0,0,0.0,0.0,2025-10-04T16:30:00Z,0,False,7,0,0,0,0,0,7,0,5986,0,0,,,0.0,0,-87,0,87,80,False,0
Marc Cucurella Saseta,DEF,Chelsea,-0.3,0,0,0,0,0,0.0,0,224,0.00,0.00,0.00,0.00,65,0,0,0.0,0.0,2025-10-04T16:30:00Z,0,False,12,0,0,0,0,0,7,0,2612010,0,0,,,0.0,0,-372032,25031,397063,61,True,0
Marcos Senesi Barón,DEF,Bournemouth,5.2,0,0,9,0,7,2.0,7,72,0.28,0.28,0.00,0.65,63,1,0,2.7,23.0,2025-10-03T19:00:00Z,77,False,10,0,0,0,2,0,7,0,2940581,1,0,1,3,2.0,2,705030,728338,23308,49,True,0
Ian Poveda-Ocampo,MID,Sunderland,-0.5,0,0,0,0,0,0.0,0,550,0.00,0.00,0.00,0.00,68,0,0,0.0,0.0,2025-10-04T14:00:00Z,0,False,14,0,0,0,0,0,7,0,2679,0,0,,,0.0,0,-62,43,105,49,False,0
James Hill,DEF,Bournemouth,2.2,0,0,27,1,1,2.3,3,77,0.16,0.16,0.00,0.26,63,0,0,1.2,9.6,2025-10-03T19:00:00Z,60,False,10,0,0,0,3,0,7,0,107467,1,2,1,3,0.0,6,-6354,3185,9539,40,True,0
Nectarios Triantis,MID,Sunderland,0.0,0,0,0,0,0,0.0,0,559,0.00,0.00,0.00,0.00,68,0,0,0.0,0.0,2025-10-04T14:00:00Z,0,False,14,0,0,0,0,0,7,0,6512,0,0,,,0.0,0,-754,0,754,44,False,0
Neco Williams,DEF,Nott'm Forest,2.3,0,0,0,0,0,0.0,0,508,0.00,0.00,0.00,0.00,69,0,0,0.0,0.0,2025-10-05T13:00:00Z,0,False,15,0,0,0,0,0,7,0,609278,0,0,,,0.0,0,-116770,4677,121447,49,False,0
Gabriel Fernando de Jesus,FWD,Arsenal,0.0,0,0,0,0,0,0.0,0,31,0.00,0.00,0.00,0.00,61,0,0,0.0,0.0,2025-10-04T14:00:00Z,0,False,19,0,0,0,0,0,7,0,4680,0,0,,,0.0,0,-101,84,185,64,True,0
Micky van de Ven,DEF,Spurs,4.7,0,0,0,0,0,0.0,0,575,0.00,0.00,0.00,0.00,67,0,0,0.0,0.0,2025-10-04T11:30:00Z,0,False,11,0,0,0,0,0,7,0,4171448,0,0,,,0.0,0,28519,134966,106447,48,False,0
Josh Cullen,MID,Burnley,2.3,0,0,0,0,0,0.0,0,205,0.00,0.00,0.00,0.00,62,0,0,0.0,0.0,2025-10-05T13:00:00Z,0,False,2,0,0,0,0,0,7,0,234837,0,0,,,0.0,0,1902,19789,17887,50,False,0
Marco Bizot,GK,Aston Villa,0.5,0,0,0,0,0,0.0,0,33,0.00,0.00,0.00,0.00,62,0,0,0.0,0.0,2025-10-05T13:00:00Z,0,False,3,0,0,0,0,0,7,0,70101,0,0,,,0.0,0,-4038,1391,5429,44,True,0
Martin Sherif,FWD,Everton,0.0,0,0,0,0,0,0.0,0,313,0.00,0.00,0.00,0.00,66,0,0,0.0,0.0,2025-10-05T13:00:00Z,0,False,8,0,0,0,0,0,7,0,21042,0,0,,,0.0,0,-2299,0,2299,44,True,0
Carl Rushworth,GK,Brighton,0.0,0,0,0,0,0,0.0,0,141,0.00,0.00,0.00,0.00,70,0,0,0.0,0.0,2025-10-05T13:00:00Z,0,False,20,0,0,0,0,0,7,0,313,0,0,,,0.0,0,-16,0,16,40,False,0
Timothy Castagne,DEF,Fulham,1.0,0,0,6,0,5,12.5,7,319,0.02,0.08,0.06,1.12,63,3,0,2.9,11.6,2025-10-03T19:00:00Z,90,False,4,0,0,0,6,0,7,0,13072,1,2,1,3,5.0,1,-321,475,796,44,False,0
Raúl Jiménez Rodríguez,FWD,Fulham,1.5,0,0,0,0,0,0.0,0,337,0.00,0.00,0.00,0.00,63,0,0,0.0,0.0,2025-10-03T19:00:00Z,0,False,4,0,0,0,0,0,7,0,111257,0,0,1,3,0.0,0,-13877,1743,15620,63,False,0
Dean Henderson,GK,Crystal Palace,2.5,0,0,0,0,0,0.0,0,253,0.00,0.00,0.00,0.00,66,0,0,0.0,0.0,2025-10-05T13:00:00Z,0,False,9,0,0,0,0,0,7,0,961958,0,0,,,0.0,0,29369,60621,31252,50,False,0
Adrien Truffert,DEF,Bournemouth,4.8,1,0,24,0,4,24.0,5,74,0.05,0.08,0.03,0.89,63,1,0,6.4,33.6,2025-10-03T19:00:00Z,90,False,10,0,0,0,6,0,7,0,236377,1,1,1,3,6.0,5,8811,25335,16524,45,True,0
Hannes Delcroix,DEF,Burnley,-0.5,0,0,0,0,0,0.0,0,188,0.00,0.00,0.00,0.00,62,0,0,0.0,0.0,2025-10-05T13:00:00Z,0,False,2,0,0,0,0,0,7,0,31841,0,0,,,0.0,0,-269,1457,1726,39,False,0
Philip Billing,MID,Bournemouth,0.0,0,0,0,0,0,0.0,0,89,0.00,0.00,0.00,0.00,63,0,0,0.0,0.0,2025-10-03T19:00:00Z,0,False,10,0,0,0,0,0,7,0,3433,0,0,1,3,0.0,0,-193,0,193,49,True,0
Aarón Anselmino,DEF,Chelsea,0.0,0,0,0,0,0,0.0,0,234,0.00,0.00,0.00,0.00,65,0,0,0.0,0.0,2025-10-04T16:30:00Z,0,False,12,0,0,0,0,0,7,0,8431,0,0,,,0.0,0,-379,0,379,40,True,0
Christopher Nkunku,MID,Chelsea,0.0,0,0,0,0,0,0.0,0,240,0.00,0.00,0.00,0.00,65,0,0,0.0,0.0,2025-10-04T16:30:00Z,0,False,12,0,0,0,0,0,7,0,11839,0,0,,,0.0,0,-434,0,434,59,True,0
Diego Gómez Amarilla,MID,Brighton,0.5,0,0,0,0,0,0.0,0,169,0.00,0.00,0.00,0.00,70,0,0,0.0,0.0,2025-10-05T13:00:00Z,0,False,20,0,0,0,0,0,7,0,13928,0,0,,,0.0,0,979,2042,1063,49,False,0
Gabriel Gudmundsson,DEF,Leeds,0.7,0,0,0,0,0,0.0,0,347,0.00,0.00,0.00,0.00,67,0,0,0.0,0.0,2025-10-04T11:30:00Z,0,False,18,0,0,0,0,0,7,0,685172,0,0,,,0.0,0,-10048,23399,33447,40,True,0
Vitor de Oliveira Nunes dos Reis,DEF,Man City,0.0,0,0,0,0,0,0.0,0,412,0.00,0.00,0.00,0.00,64,0,0,0.0,0.0,2025-10-05T15:30:00Z,0,False,5,0,0,0,0,0,7,0,637,0,0,,,0.0,0,-18,0,18,50,False,0
Wesley Fofana,DEF,Chelsea,0.0,0,0,0,0,0,0.0,0,230,0.00,0.00,0.00,0.00,65,0,0,0.0,0.0,2025-10-04T16:30:00Z,0,False,12,0,0,0,0,0,7,0,19262,0,0,,,0.0,0,-3347,70,3417,44,True,0
Manuel Benson Hedilazio,MID,Burnley,0.0,0,0,0,0,0,0.0,0,201,0.00,0.00,0.00,0.00,62,0,0,0.0,0.0,2025-10-05T13:00:00Z,0,False,2,0,0,0,0,0,7,0,2511,0,0,,,0.0,0,-288,0,288,54,False,0
Andrés García,DEF,Aston Villa,0.5,0,0,0,0,0,0.0,0,42,0.00,0.00,0.00,0.00,62,0,0,0.0,0.0,2025-10-05T13:00:00Z,0,False,3,0,0,0,0,0,7,0,32930,0,0,,,0.0,0,3844,5554,1710,39,True,0
Joe Knight,MID,Brighton,0.0,0,0,0,0,0,0.0,0,175,0.00,0.00,0.00,0.00,70,0,0,0.0,0.0,2025-10-05T13:00:00Z,0,False,20,0,0,0,0,0,7,0,10474,0,0,,,0.0,0,96,892,796,45,False,0
Romelle Donovan,MID,Brentford,-0.5,0,0,0,0,0,0.0,0,130,0.00,0.00,0.00,0.00,64,0,0,0.0,0.0,2025-10-05T15:30:00Z,0,False,13,0,0,0,0,0,7,0,12785,0,0,,,0.0,0,145,1128,983,45,True,0
Arthur Masuaku,DEF,Sunderland,-0.3,0,0,0,0,0,0.0,0,678,0.00,0.00,0.00,0.00,68,0,0,0.0,0.0,2025-10-04T14:00:00Z,0,False,14,0,0,0,0,0,7,0,70092,0,0,,,0.0,0,-2100,870,2970,40,False,0
Fabian Schär,DEF,Newcastle,2.5,0,0,0,0,0,0.0,0,474,0.00,0.00,0.00,0.00,69,0,0,0.0,0.0,2025-10-05T13:00:00Z,0,False,16,0,0,0,0,0,7,0,241223,0,0,,,0.0,0,-14698,10855,25553,54,True,0
Morgan Rogers,MID,Aston Villa,3.0,0,0,0,0,0,0.0,0,47,0.00,0.00,0.00,0.00,62,0,0,0.0,0.0,2025-10-05T13:00:00Z,0,False,3,0,0,0,0,0,7,0,687856,0,0,,,0.0,0,-27111,33588,60699,69,True,0
Takai Kōta,DEF,Spurs,0.2,0,0,0,0,0,0.0,0,577,0.00,0.00,0.00,0.00,67,0,0,0.0,0.0,2025-10-04T11:30:00Z,0,False,11,0,0,0,0,0,7,0,7412,0,0,,,0.0,0,-290,74,364,40,False,0
Randal Kolo Muani,FWD,Spurs,0.0,0,0,0,0,0,0.0,0,726,0.00,0.00,0.00,0.00,67,0,0,0.0,0.0,2025-10-04T11:30:00Z,0,False,11,0,0,0,0,0,7,0,19268,0,0,,,0.0,0,-6074,178,6252,69,False,0
Tosin Adarabioyo,DEF,Chelsea,0.0,0,0,0,0,0,0.0,0,232,0.00,0.00,0.00,0.00,65,0,0,0.0,0.0,2025-10-04T16:30:00Z,0,False,12,0,0,0,0,0,7,0,70118,0,0,,,0.0,0,-25831,158,25989,44,True,0
Largie Ramazani,MID,Leeds,0.0,0,0,0,0,0,0.0,0,357,0.00,0.00,0.00,0.00,67,0,0,0.0,0.0,2025-10-04T11:30:00Z,0,False,18,0,0,0,0,0,7,0,2334,0,0,,,0.0,0,-129,0,129,49,True,0
Josh King,MID,Fulham,1.5,0,0,8,1,2,1.7,2,335,0.02,0.03,0.01,0.45,63,0,0,1.2,1.2,2025-10-03T19:00:00Z,66,False,4,0,0,0,0,0,7,0,483381,1,0,1,3,9.0,3,13884,54260,40376,45,False,0
Tolu Arokodare,FWD,Wolves,1.2,0,0,0,0,0,0.0,0,720,0.00,0.00,0.00,0.00,70,0,0,0.0,0.0,2025-10-05T13:00:00Z,0,False,6,0,0,0,0,0,7,0,8460,0,0,,,0.0,0,-329,1267,1596,55,True,0
Đorđe Petrović,GK,Bournemouth,3.5,0,0,13,0,2,0.0,0,67,0.00,0.00,0.00,0.89,63,1,0,1.9,19.4,2025-10-03T19:00:00Z,90,False,10,0,0,0,9,0,7,3,689759,1,0,1,3,0.0,3,20309,51090,30781,45,True,0
Jadon Sancho,MID,Aston Villa,0.5,0,0,0,0,0,0.0,0,456,0.00,0.00,0.00,0.00,62,0,0,0.0,0.0,2025-10-05T13:00:00Z,0,False,3,0,0,0,0,0,7,0,25447,0,0,,,0.0,0,-3026,1354,4380,59,True,0
Callan McKenna,GK,Bournemouth,0.0,0,0,0,0,0,0.0,0,69,0.00,0.00,0.00,0.00,63,0,0,0.0,0.0,2025-10-03T19:00:00Z,0,False,10,0,0,0,0,0,7,0,25232,0,0,1,3,0.0,0,-614,300,914,40,True,0
James Wright,GK,Aston Villa,0.5,0,0,0,0,0,0.0,0,688,0.00,0.00,0.00,0.00,62,0,0,0.0,0.0,2025-10-05T13:00:00Z,0,False,3,0,0,0,0,0,7,0,61522,0,0,,,0.0,0,-1095,632,1727,40,True,0
Álex Jiménez Sánchez,DEF,Bournemouth,0.2,0,0,-1,0,1,0.9,1,713,0.00,0.00,0.00,0.63,63,1,0,0.6,2.6,2025-10-03T19:00:00Z,29,False,10,0,0,0,0,0,7,0,1963,0,0,1,3,2.0,1,125,344,219,45,True,0
Blondy Nna Noukeu,GK,Sunderland,-0.5,0,0,0,0,0,0.0,0,530,0.00,0.00,0.00,0.00,68,0,0,0.0,0.0,2025-10-04T14:00:00Z,0,False,14,0,0,0,0,0,7,0,15814,0,0,,,0.0,0,-295,277,572,40,False,0
Ahmed Abdullahi,FWD,Sunderland,-0.5,0,0,0,0,0,0.0,0,562,0.00,0.00,0.00,0.00,68,0,0,0.0,0.0,2025-10-04T14:00:00Z,0,False,14,0,0,0,0,0,7,0,48284,0,0,,,0.0,0,-1549,2257,3806,44,False,0
Kaden Rodney,MID,Crystal Palace,0.0,0,0,0,0,0,0.0,0,281,0.00,0.00,0.00,0.00,66,0,0,0.0,0.0,2025-10-05T13:00:00Z,0,False,9,0,0,0,0,0,7,0,5282,0,0,,,0.0,0,38,364,326,45,False,0
David Brooks,MID,Bournemouth,1.8,0,0,11,0,1,5.8,3,86,0.01,0.01,0.00,0.68,63,1,0,1.6,4.2,2025-10-03T19:00:00Z,84,False,10,0,0,0,2,0,7,0,44045,1,0,1,3,6.0,2,-3947,1925,5872,50,True,0
Youssef Ramalho Chermiti,FWD,Everton,0.0,0,0,0,0,0,0.0,0,312,0.00,0.00,0.00,0.00,66,0,0,0.0,0.0,2025-10-05T13:00:00Z,0,False,8,0,0,0,0,0,7,0,10096,0,0,,,0.0,0,-579,0,579,49,True,0
Dominic Sadi,MID,Bournemouth,0.0,0,0,0,0,0,0.0,0,94,0.00,0.00,0.00,0.00,63,0,0,0.0,0.0,2025-10-03T19:00:00Z,0,False,10,0,0,0,0,0,7,0,6272,0,0,1,3,0.0,0,-850,0,850,45,True,0
Ryan McAidoo,MID,Man City,0.5,0,0,0,0,0,0.0,0,742,0.00,0.00,0.00,0.00,64,0,0,0.0,0.0,2025-10-05T15:30:00Z,0,False,5,0,0,0,0,0,7,0,323,0,0,,,0.0,0,189,220,31,45,False,0
Daniel Adu-Adjei,FWD,Bournemouth,0.0,0,0,0,0,0,0.0,0,99,0.00,0.00,0.00,0.00,63,0,0,0.0,0.0,2025-10-03T19:00:00Z,0,False,10,0,0,0,0,0,7,0,30410,0,0,1,3,0.0,0,-4134,0,4134,44,True,0
Antoine Semenyo,MID,Bournemouth,10.8,1,3,63,0,1,16.5,8,82,0.10,0.76,0.66,0.89,63,1,2,17.4,92.4,2025-10-03T19:00:00Z,90,False,10,0,0,0,6,0,7,0,6771772,1,1,1,3,65.0,18,552867,587033,34166,78,True,0
Jarrad Branthwaite,DEF,Everton,0.0,0,0,0,0,0,0.0,0,290,0.00,0.00,0.00,0.00,66,0,0,0.0,0.0,2025-10-05T13:00:00Z,0,False,8,0,0,0,0,0,7,0,23642,0,0,,,0.0,0,-1690,62,1752,53,True,0
Harrison Armstrong,MID,Everton,0.0,0,0,0,0,0,0.0,0,305,0.00,0.00,0.00,0.00,66,0,0,0.0,0.0,2025-10-05T13:00:00Z,0,False,8,0,0,0,0,0,7,0,8218,0,0,,,0.0,0,-719,0,719,45,True,0
Jakub Kiwior,DEF,Arsenal,0.0,0,0,0,0,0,0.0,0,9,0.00,0.00,0.00,0.00,61,0,0,0.0,0.0,2025-10-04T14:00:00Z,0,False,19,0,0,0,0,0,7,0,7242,0,0,,,0.0,0,-348,0,348,54,True,0
Kyle Walker-Peters,DEF,West Ham,0.3,0,0,0,0,0,0.0,0,659,0.00,0.00,0.00,0.00,61,0,0,0.0,0.0,2025-10-04T14:00:00Z,0,False,1,0,0,0,0,0,7,0,39410,0,0,,,0.0,0,-1506,1011,2517,44,False,0
Ethan Wheatley,FWD,Man Utd,0.0,0,0,0,0,0,0.0,0,468,0.00,0.00,0.00,0.00,68,0,0,0.0,0.0,2025-10-04T14:00:00Z,0,False,17,0,0,0,0,0,7,0,13930,0,0,,,0.0,0,-1269,0,1269,45,True,0
Carlos Baleba,MID,Brighton,0.8,0,0,0,0,0,0.0,0,167,0.00,0.00,0.00,0.00,70,0,0,0.0,0.0,2025-10-05T13:00:00Z,0,False,20,0,0,0,0,0,7,0,294958,0,0,,,0.0,0,-12530,12095,24625,48,False,0
Lewis Miley,MID,Newcastle,1.3,0,0,0,0,0,0.0,0,497,0.00,0.00,0.00,0.00,69,0,0,0.0,0.0,2025-10-05T13:00:00Z,0,False,16,0,0,0,0,0,7,0,262986,0,0,,,0.0,0,6181,25321,19140,44,True,0
Sander Berge,MID,Fulham,2.5,0,0,12,0,0,3.8,10,330,0.04,0.04,0.00,1.12,63,3,0,1.2,8.4,2025-10-03T19:00:00Z,90,False,4,0,0,0,8,0,7,0,7925,1,2,1,3,0.0,2,-206,253,459,50,False,0
Zépiqueno Redmond,FWD,Aston Villa,0.0,0,0,0,0,0,0.0,0,65,0.00,0.00,0.00,0.00,62,0,0,0.0,0.0,2025-10-05T13:00:00Z,0,False,3,0,0,0,0,0,7,0,53389,0,0,,,0.0,0,-4121,0,4121,45,True,0
Fábio Soares Silva,FWD,Wolves,0.0,0,0,0,0,0,0.0,0,655,0.00,0.00,0.00,0.00,70,0,0,0.0,0.0,2025-10-05T13:00:00Z,0,False,6,0,0,0,0,0,7,0,28442,0,0,,,0.0,0,-2173,0,2173,49,True,0
André Trindade da Costa Neto,MID,Wolves,1.8,0,0,0,0,0,0.0,0,643,0.00,0.00,0.00,0.00,70,0,0,0.0,0.0,2025-10-05T13:00:00Z,0,False,6,0,0,0,0,0,7,0,8565,0,0,,,0.0,0,18,410,392,54,True,0
Christantus Uche,FWD,Crystal Palace,0.2,0,0,0,0,0,0.0,0,732,0.00,0.00,0.00,0.00,66,0,0,0.0,0.0,2025-10-05T13:00:00Z,0,False,9,0,0,0,0,0,7,0,3252,0,0,,,0.0,0,5,609,604,55,False,0
Noussair Mazraoui,DEF,Man Utd,0.0,0,0,0,0,0,0.0,0,438,0.00,0.00,0.00,0.00,68,0,0,0.0,0.0,2025-10-04T14:00:00Z,0,False,17,0,0,0,0,0,7,0,24131,0,0,,,0.0,0,-5441,80,5521,49,True,0
Shurandy Sambo,DEF,Burnley,0.0,0,0,0,0,0,0.0,0,196,0.00,0.00,0.00,0.00,62,0,0,0.0,0.0,2025-10-05T13:00:00Z,0,False,2,0,0,0,0,0,7,0,6720,0,0,,,0.0,0,-333,0,333,40,False,0
Emmanuel Agbadou,DEF,Wolves,2.0,0,0,0,0,0,0.0,0,631,0.00,0.00,0.00,0.00,70,0,0,0.0,0.0,2025-10-05T13:00:00Z,0,False,6,0,0,0,0,0,7,0,31699,0,0,,,0.0,0,-2859,871,3730,45,True,0
Ismaïla Sarr,MID,Crystal Palace,2.8,0,0,0,0,0,0.0,0,267,0.00,0.00,0.00,0.00,66,0,0,0.0,0.0,2025-10-05T13:00:00Z,0,False,9,0,0,0,0,0,7,0,668297,0,0,,,0.0,0,356745,380670,23925,64,False,0
Elliot Anderson,MID,Nott'm Forest,2.3,0,0,0,0,0,0.0,0,517,0.00,0.00,0.00,0.00,69,0,0,0.0,0.0,2025-10-05T13:00:00Z,0,False,15,0,0,0,0,0,7,0,493389,0,0,,,0.0,0,-60387,7997,68384,54,False,0
Lucas Digne,DEF,Aston Villa,3.3,0,0,0,0,0,0.0,0,37,0.00,0.00,0.00,0.00,62,0,0,0.0,0.0,2025-10-05T13:00:00Z,0,False,3,0,0,0,0,0,7,0,234410,0,0,,,0.0,0,3638,12966,9328,45,True,0
Triston Rowe,DEF,Aston Villa,0.0,0,0,0,0,0,0.0,0,701,0.00,0.00,0.00,0.00,62,0,0,0.0,0.0,2025-10-05T13:00:00Z,0,False,3,0,0,0,0,0,7,0,12716,0,0,,,0.0,0,-1378,0,1378,40,True,0
Diego León Blanco,DEF,Man Utd,0.5,0,0,0,0,0,0.0,0,439,0.00,0.00,0.00,0.00,68,0,0,0.0,0.0,2025-10-04T14:00:00Z,0,False,17,0,0,0,0,0,7,0,6987,0,0,,,0.0,0,-179,270,449,43,True,0
Liam Delap,FWD,Chelsea,0.0,0,0,0,0,0,0.0,0,250,0.00,0.00,0.00,0.00,65,0,0,0.0,0.0,2025-10-04T16:30:00Z,0,False,12,0,0,0,0,0,7,0,123616,0,0,,,0.0,0,-8730,149,8879,62,True,0
Veljko Milosavljevic,DEF,Bournemouth,1.2,0,0,3,0,0,0.0,0,721,0.00,0.00,0.00,0.20,63,0,0,0.0,0.4,2025-10-03T19:00:00Z,5,False,10,0,0,0,0,0,7,0,3651,0,0,1,3,0.0,1,-299,241,540,45,True,0
Luis Guilherme Lira dos Santos,MID,West Ham,0.3,0,0,0,0,0,0.0,0,619,0.00,0.00,0.00,0.00,61,0,0,0.0,0.0,2025-10-04T14:00:00Z,0,False,1,0,0,0,0,0,7,0,2299,0,0,,,0.0,0,-27,62,89,49,False,0
James Milner,MID,Brighton,0.5,0,0,0,0,0,0.0,0,170,0.00,0.00,0.00,0.00,70,0,0,0.0,0.0,2025-10-05T13:00:00Z,0,False,20,0,0,0,0,0,7,0,17975,0,0,,,0.0,0,-321,1334,1655,50,False,0
Callum Wilson,FWD,West Ham,0.0,0,0,0,0,0,0.0,0,671,0.00,0.00,0.00,0.00,61,0,0,0.0,0.0,2025-10-04T14:00:00Z,0,False,1,0,0,0,0,0,7,0,49161,0,0,,,0.0,0,-3820,1875,5695,59,False,0
Rayan Aït-Nouri,DEF,Man City,0.0,0,0,0,0,0,0.0,0,402,0.00,0.00,0.00,0.00,64,0,0,0.0,0.0,2025-10-05T15:30:00Z,0,False,5,0,0,0,0,0,7,0,720387,0,0,,,0.0,0,-136544,181,136725,58,False,0
Leny Yoro,DEF,Man Utd,1.3,0,0,0,0,0,0.0,0,444,0.00,0.00,0.00,0.00,68,0,0,0.0,0.0,2025-10-04T14:00:00Z,0,False,17,0,0,0,0,0,7,0,240327,0,0,,,0.0,0,-17008,3295,20303,45,True,0
Kendry Páez Andrade,MID,Chelsea,0.0,0,0,0,0,0,0.0,0,248,0.00,0.00,0.00,0.00,65,0,0,0.0,0.0,2025-10-04T16:30:00Z,0,False,12,0,0,0,0,0,7,0,661,0,0,,,0.0,0,-24,0,24,45,True,0
Dane Scarlett,FWD,Spurs,0.5,0,0,0,0,0,0.0,0,599,0.00,0.00,0.00,0.00,67,0,0,0.0,0.0,2025-10-04T11:30:00Z,0,False,11,0,0,0,0,0,7,0,80631,0,0,,,0.0,0,-2692,2685,5377,44,False,0
Yasin Ayari,MID,Brighton,3.0,0,0,0,0,0,0.0,0,166,0.00,0.00,0.00,0.00,70,0,0,0.0,0.0,2025-10-05T13:00:00Z,0,False,20,0,0,0,0,0,7,0,40727,0,0,,,0.0,0,5194,8740,3546,49,False,0
Joël Veltman,DEF,Brighton,0.0,0,0,0,0,0,0.0,0,152,0.00,0.00,0.00,0.00,70,0,0,0.0,0.0,2025-10-05T13:00:00Z,0,False,20,0,0,0,0,0,7,0,20336,0,0,,,0.0,0,-2577,511,3088,44,False,0
Jenson Seelt,DEF,Sunderland,0.0,0,0,0,0,0,0.0,0,542,0.00,0.00,0.00,0.00,68,0,0,0.0,0.0,2025-10-04T14:00:00Z,0,False,14,0,0,0,0,0,7,0,17000,0,0,,,0.0,0,-1381,0,1381,40,False,0
Mohammed Kudus,MID,Spurs,3.5,0,0,0,0,0,0.0,0,582,0.00,0.00,0.00,0.00,67,0,0,0.0,0.0,2025-10-04T11:30:00Z,0,False,11,0,0,0,0,0,7,0,3779814,0,0,,,0.0,0,-110254,114837,225091,67,False,0
Brayden Clarke,DEF,Arsenal,0.5,0,0,0,0,0,0.0,0,13,0.00,0.00,0.00,0.00,61,0,0,0.0,0.0,2025-10-04T14:00:00Z,0,False,19,0,0,0,0,0,7,0,59227,0,0,,,0.0,0,-1654,2098,3752,39,True,0
Harrison Ashby,DEF,Newcastle,0.5,0,0,0,0,0,0.0,0,482,0.00,0.00,0.00,0.00,69,0,0,0.0,0.0,2025-10-05T13:00:00Z,0,False,16,0,0,0,0,0,7,0,20054,0,0,,,0.0,0,-649,343,992,39,True,0
Anthony Gordon,MID,Newcastle,1.3,0,0,0,0,0,0.0,0,485,0.00,0.00,0.00,0.00,69,0,0,0.0,0.0,2025-10-05T13:00:00Z,0,False,16,0,0,0,0,0,7,0,280033,0,0,,,0.0,0,137866,150491,12625,74,True,0
Tawanda Chirewa,MID,Wolves,0.0,0,0,0,0,0,0.0,0,650,0.00,0.00,0.00,0.00,70,0,0,0.0,0.0,2025-10-05T13:00:00Z,0,False,6,0,0,0,0,0,7,0,36581,0,0,,,0.0,0,-1169,1237,2406,44,True,0
Romaine Mundle,MID,Sunderland,0.0,0,0,0,0,0,0.0,0,548,0.00,0.00,0.00,0.00,68,0,0,0.0,0.0,2025-10-04T14:00:00Z,0,False,14,0,0,0,0,0,7,0,540,0,0,,,0.0,0,-12,11,23,49,False,0
Noah Sadiki,MID,Sunderland,1.0,0,0,0,0,0,0.0,0,552,0.00,0.00,0.00,0.00,68,0,0,0.0,0.0,2025-10-04T14:00:00Z,0,False,14,0,0,0,0,0,7,0,6330,0,0,,,0.0,0,155,583,428,50,False,0
Kevin Santos Lopes de Macedo,MID,Fulham,0.8,0,0,6,0,1,5.8,2,731,0.01,0.04,0.03,0.67,63,3,0,2.0,7.2,2025-10-03T19:00:00Z,23,False,4,0,0,0,1,0,7,0,10264,0,0,1,3,7.0,1,-1806,837,2643,60,False,0
Adama Traoré Diarra,MID,Fulham,1.0,0,0,4,0,0,0.9,1,326,0.01,0.01,0.00,0.52,63,1,0,0.5,2.2,2025-10-03T19:00:00Z,4,False,4,0,0,0,1,0,7,0,20764,0,0,1,3,2.0,1,-779,647,1426,53,False,0
Will Dennis,GK,Bournemouth,0.0,0,0,0,0,0,0.0,0,68,0.00,0.00,0.00,0.00,63,0,0,0.0,0.0,2025-10-03T19:00:00Z,0,False,10,0,0,0,0,0,7,0,128854,0,0,1,3,0.0,0,-3034,2032,5066,40,True,0
Patrick Bamford,FWD,Leeds,0.0,0,0,0,0,0,0.0,0,363,0.00,0.00,0.00,0.00,67,0,0,0.0,0.0,2025-10-04T11:30:00Z,0,False,18,0,0,0,0,0,7,0,64477,0,0,,,0.0,0,-7277,0,7277,49,True,0
Stefan Ortega Moreno,GK,Man City,0.5,0,0,0,0,0,0.0,0,400,0.00,0.00,0.00,0.00,64,0,0,0.0,0.0,2025-10-05T15:30:00Z,0,False,5,0,0,0,0,0,7,0,22267,0,0,,,0.0,0,-764,104,868,48,False,0
Sebastiaan Bornauw,DEF,Leeds,-0.5,0,0,0,0,0,0.0,0,345,0.00,0.00,0.00,0.00,67,0,0,0.0,0.0,2025-10-04T11:30:00Z,0,False,18,0,0,0,0,0,7,0,9465,0,0,,,0.0,0,-399,463,862,39,True,0
Leon Chiwome,FWD,Wolves,0.0,0,0,0,0,0,0.0,0,657,0.00,0.00,0.00,0.00,70,0,0,0.0,0.0,2025-10-05T13:00:00Z,0,False,6,0,0,0,0,0,7,0,3966,0,0,,,0.0,0,-16,254,270,45,True,0
Darwin Núñez Ribeiro,FWD,Liverpool,0.0,0,0,0,0,0,0.0,0,397,0.00,0.00,0.00,0.00,65,0,0,0.0,0.0,2025-10-04T16:30:00Z,0,False,7,0,0,0,0,0,7,0,8735,0,0,,,0.0,0,-159,0,159,65,False,0
Brandon Austin,GK,Spurs,0.5,0,0,0,0,0,0.0,0,566,0.00,0.00,0.00,0.00,67,0,0,0.0,0.0,2025-10-04T11:30:00Z,0,False,11,0,0,0,0,0,7,0,29082,0,0,,,0.0,0,-697,267,964,40,False,0
Yerson Mosquera Valdelamar,DEF,Wolves,0.8,0,0,0,0,0,0.0,0,634,0.00,0.00,0.00,0.00,70,0,0,0.0,0.0,2025-10-05T13:00:00Z,0,False,6,0,0,0,0,0,7,0,6202,0,0,,,0.0,0,-198,127,325,44,True,0
Adam Webster,DEF,Brighton,0.0,0,0,0,0,0,0.0,0,153,0.00,0.00,0.00,0.00,70,0,0,0.0,0.0,2025-10-05T13:00:00Z,0,False,20,0,0,0,0,0,7,0,858,0,0,,,0.0,0,-42,22,64,44,False,0
Joe Gelhardt,MID,Leeds,0.0,0,0,0,0,0,0.0,0,360,0.00,0.00,0.00,0.00,67,0,0,0.0,0.0,2025-10-04T11:30:00Z,0,False,18,0,0,0,0,0,7,0,1371,0,0,,,0.0,0,-97,0,97,45,True,0
Nayef Aguerd,DEF,West Ham,0.0,0,0,0,0,0,0.0,0,607,0.00,0.00,0.00,0.00,61,0,0,0.0,0.0,2025-10-04T14:00:00Z,0,False,1,0,0,0,0,0,7,0,6748,0,0,,,0.0,0,-449,0,449,44,False,0
Jay Matete,MID,Sunderland,-0.5,0,0,0,0,0,0.0,0,558,0.00,0.00,0.00,0.00,68,0,0,0.0,0.0,2025-10-04T14:00:00Z,0,False,14,0,0,0,0,0,7,0,28271,0,0,,,0.0,0,-291,1709,2000,44,False,0
Bashir Humphreys,DEF,Burnley,-0.5,0,0,0,0,0,0.0,0,193,0.00,0.00,0.00,0.00,62,0,0,0.0,0.0,2025-10-05T13:00:00Z,0,False,2,0,0,0,0,0,7,0,7017,0,0,,,0.0,0,-101,214,315,40,False,0
Ben Gannon-Doak,MID,Bournemouth,1.2,1,0,16,0,0,11.0,1,391,0.05,0.05,0.00,0.23,63,0,0,3.4,19.0,2025-10-03T19:00:00Z,12,False,10,0,0,0,0,0,7,0,5440,0,1,1,3,4.0,4,-240,135,375,49,True,0
Dejan Kulusevski,MID,Spurs,0.0,0,0,0,0,0,0.0,0,583,0.00,0.00,0.00,0.00,67,0,0,0.0,0.0,2025-10-04T11:30:00Z,0,False,11,0,0,0,0,0,7,0,1478,0,0,,,0.0,0,-19,41,60,64,False,0
Alexis Mac Allister,MID,Liverpool,1.7,0,0,0,0,0,0.0,0,386,0.00,0.00,0.00,0.00,65,0,0,0.0,0.0,2025-10-04T16:30:00Z,0,False,7,0,0,0,0,0,7,0,159012,0,0,,,0.0,0,-7392,3643,11035,63,False,0
Donyell Malen,MID,Aston Villa,1.3,0,0,0,0,0,0.0,0,53,0.00,0.00,0.00,0.00,62,0,0,0.0,0.0,2025-10-05T13:00:00Z,0,False,3,0,0,0,0,0,7,0,67137,0,0,,,0.0,0,-5586,3046,8632,51,True,0
Alex Iwobi,MID,Fulham,5.0,0,0,16,0,0,37.4,7,324,0.11,0.23,0.12,0.60,63,2,0,6.3,14.6,2025-10-03T19:00:00Z,85,False,4,0,0,0,7,0,7,0,211328,1,0,1,3,11.0,2,-993,20706,21699,65,False,0
Pedro Lomba Neto,MID,Chelsea,0.7,0,0,0,0,0,0.0,0,236,0.00,0.00,0.00,0.00,65,0,0,0.0,0.0,2025-10-04T16:30:00Z,0,False,12,0,0,0,0,0,7,0,484399,0,0,,,0.0,0,-56960,10898,67858,70,True,0
Jordan Henderson,MID,Brentford,3.0,0,0,0,0,0,0.0,0,124,0.00,0.00,0.00,0.00,64,0,0,0.0,0.0,2025-10-05T15:30:00Z,0,False,13,0,0,0,0,0,7,0,51070,0,0,,,0.0,0,8203,11713,3510,50,True,0
Joe Gauci,GK,Aston Villa,0.0,0,0,0,0,0,0.0,0,34,0.00,0.00,0.00,0.00,62,0,0,0.0,0.0,2025-10-05T13:00:00Z,0,False,3,0,0,0,0,0,7,0,17159,0,0,,,0.0,0,-905,0,905,40,True,0
Daniel Muñoz Mejía,DEF,Crystal Palace,2.2,0,0,0,0,0,0.0,0,256,0.00,0.00,0.00,0.00,66,0,0,0.0,0.0,2025-10-05T13:00:00Z,0,False,9,0,0,0,0,0,7,0,1494167,0,0,,,0.0,0,-10284,79290,89574,56,False,0
Lino da Cruz Sousa,DEF,Aston Villa,0.5,0,0,0,0,0,0.0,0,45,0.00,0.00,0.00,0.00,62,0,0,0.0,0.0,2025-10-05T13:00:00Z,0,False,3,0,0,0,0,0,7,0,38955,0,0,,,0.0,0,-710,1067,1777,40,True,0
Sam Greenwood,MID,Leeds,0.0,0,0,0,0,0,0.0,0,355,0.00,0.00,0.00,0.00,67,0,0,0.0,0.0,2025-10-04T11:30:00Z,0,False,18,0,0,0,0,0,7,0,5328,0,0,,,0.0,0,-337,0,337,49,True,0
George Earthy,MID,West Ham,0.0,0,0,0,0,0,0.0,0,620,0.00,0.00,0.00,0.00,61,0,0,0.0,0.0,2025-10-04T14:00:00Z,0,False,1,0,0,0,0,0,7,0,7390,0,0,,,0.0,0,-169,391,560,45,False,0
Endo Wataru,MID,Liverpool,0.5,0,0,0,0,0,0.0,0,392,0.00,0.00,0.00,0.00,65,0,0,0.0,0.0,2025-10-04T16:30:00Z,0,False,7,0,0,0,0,0,7,0,12354,0,0,,,0.0,0,-391,411,802,49,False,0
Bernardo Mota Veiga de Carvalho e Silva,MID,Man City,2.5,0,0,0,0,0,0.0,0,416,0.00,0.00,0.00,0.00,64,0,0,0.0,0.0,2025-10-05T15:30:00Z,0,False,5,0,0,0,0,0,7,0,73672,0,0,,,0.0,0,-5027,2715,7742,64,False,0
Alex Scott,MID,Bournemouth,4.2,0,0,18,0,3,6.3,15,90,0.02,0.14,0.12,0.89,63,1,0,2.4,11.4,2025-10-03T19:00:00Z,90,False,10,0,0,0,10,0,7,0,41039,1,2,1,3,6.0,4,279,5737,5458,50,True,0
Garang Kuol,MID,Newcastle,0.0,0,0,0,0,0,0.0,0,496,0.00,0.00,0.00,0.00,69,0,0,0.0,0.0,2025-10-05T13:00:00Z,0,False,16,0,0,0,0,0,7,0,6306,0,0,,,0.0,0,-748,0,748,44,True,0
Elyh Harrison,GK,Man Utd,0.0,0,0,0,0,0,0.0,0,433,0.00,0.00,0.00,0.00,68,0,0,0.0,0.0,2025-10-04T14:00:00Z,0,False,17,0,0,0,0,0,7,0,250,0,0,,,0.0,0,-6,0,6,40,True,0
Jeremy Sarmiento Morante,MID,Brighton,0.0,0,0,0,0,0,0.0,0,171,0.00,0.00,0.00,0.00,70,0,0,0.0,0.0,2025-10-05T13:00:00Z,0,False,20,0,0,0,0,0,7,0,2346,0,0,,,0.0,0,-108,0,108,49,False,0
Vitalii Mykolenko,DEF,Everton,0.5,0,0,0,0,0,0.0,0,292,0.00,0.00,0.00,0.00,66,0,0,0.0,0.0,2025-10-05T13:00:00Z,0,False,8,0,0,0,0,0,7,0,44680,0,0,,,0.0,0,-1211,2208,3419,49,True,0
Brajan Gruda,MID,Brighton,1.8,0,0,0,0,0,0.0,0,162,0.00,0.00,0.00,0.00,70,0,0,0.0,0.0,2025-10-05T13:00:00Z,0,False,20,0,0,0,0,0,7,0,10528,0,0,,,0.0,0,324,1317,993,54,False,0
Cole Palmer,MID,Chelsea,0.0,0,0,0,0,0,0.0,0,235,0.00,0.00,0.00,0.00,65,0,0,0.0,0.0,2025-10-04T16:30:00Z,0,False,12,0,0,0,0,0,7,0,1464891,0,0,,,0.0,0,-307798,2446,310244,103,True,0
Francisco Evanilson de Lima Barbosa,FWD,Bournemouth,2.8,0,0,6,0,0,12.8,4,97,0.04,0.31,0.27,0.89,63,1,0,4.8,3.2,2025-10-03T19:00:00Z,90,False,10,0,0,0,4,0,7,0,388234,1,0,1,3,32.0,2,-30906,35548,66454,70,True,0
Keane Lewis-Potter,DEF,Brentford,0.3,0,0,0,0,0,0.0,0,107,0.00,0.00,0.00,0.00,64,0,0,0.0,0.0,2025-10-05T15:30:00Z,0,False,13,0,0,0,0,0,7,0,43823,0,0,,,0.0,0,-3415,887,4302,50,True,0
Sven Botman,DEF,Newcastle,3.5,0,0,0,0,0,0.0,0,475,0.00,0.00,0.00,0.00,69,0,0,0.0,0.0,2025-10-05T13:00:00Z,0,False,16,0,0,0,0,0,7,0,65160,0,0,,,0.0,0,7829,10873,3044,49,True,0
Enes Ünal,FWD,Bournemouth,0.0,0,0,0,0,0,0.0,0,98,0.00,0.00,0.00,0.00,63,0,0,0.0,0.0,2025-10-03T19:00:00Z,0,False,10,0,0,0,0,0,7,0,1222,0,0,1,3,0.0,0,-36,38,74,54,True,0
Rio Cardines,MID,Crystal Palace,0.0,0,0,0,0,0,0.0,0,690,0.00,0.00,0.00,0.00,66,0,0,0.0,0.0,2025-10-05T13:00:00Z,0,False,9,0,0,0,0,0,7,0,48194,0,0,,,0.0,0,15287,19344,4057,44,False,0
Stefanos Tzimas,FWD,Brighton,0.5,0,0,0,0,0,0.0,0,180,0.00,0.00,0.00,0.00,70,0,0,0.0,0.0,2025-10-05T13:00:00Z,0,False,20,0,0,0,0,0,7,0,12015,0,0,,,0.0,0,-531,504,1035,54,False,0
Lukas Nmecha,FWD,Leeds,0.3,0,0,0,0,0,0.0,0,365,0.00,0.00,0.00,0.00,67,0,0,0.0,0.0,2025-10-04T11:30:00Z,0,False,18,0,0,0,0,0,7,0,91131,0,0,,,0.0,0,-4958,6709,11667,50,True,0
Ashley Barnes,FWD,Burnley,-0.5,0,0,0,0,0,0.0,0,218,0.00,0.00,0.00,0.00,62,0,0,0.0,0.0,2025-10-05T13:00:00Z,0,False,2,0,0,0,0,0,7,0,179289,0,0,,,0.0,0,-9919,5862,15781,44,False,0
Matthew Cox,GK,Brentford,-0.5,0,0,0,0,0,0.0,0,103,0.00,0.00,0.00,0.00,64,0,0,0.0,0.0,2025-10-05T15:30:00Z,0,False,13,0,0,0,0,0,7,0,17303,0,0,,,0.0,0,-456,220,676,40,True,0
Jaydon Banel,MID,Burnley,-0.5,0,0,0,0,0,0.0,0,213,0.00,0.00,0.00,0.00,62,0,0,0.0,0.0,2025-10-05T13:00:00Z,0,False,2,0,0,0,0,0,7,0,5135,0,0,,,0.0,0,93,526,433,45,False,0
Dan Burn,DEF,Newcastle,4.3,0,0,0,0,0,0.0,0,476,0.00,0.00,0.00,0.00,69,0,0,0.0,0.0,2025-10-05T13:00:00Z,0,False,16,0,0,0,0,0,7,0,875663,0,0,,,0.0,0,129182,164015,34833,50,True,0
Kaelan Casey,DEF,West Ham,0.0,0,0,0,0,0,0.0,0,611,0.00,0.00,0.00,0.00,61,0,0,0.0,0.0,2025-10-04T14:00:00Z,0,False,1,0,0,0,0,0,7,0,11600,0,0,,,0.0,0,-498,0,498,40,False,0
Alisson Becker,GK,Liverpool,0.0,0,0,0,0,0,0.0,0,366,0.00,0.00,0.00,0.00,65,0,0,0.0,0.0,2025-10-04T16:30:00Z,0,False,7,0,0,0,0,0,7,0,1088830,0,0,,,0.0,0,-183719,13516,197235,55,False,0
Jayden Bogle,DEF,Leeds,1.7,0,0,0,0,0,0.0,0,342,0.00,0.00,0.00,0.00,67,0,0,0.0,0.0,2025-10-04T11:30:00Z,0,False,18,0,0,0,0,0,7,0,23375,0,0,,,0.0,0,612,1707,1095,45,True,0
Benjamin Lecomte,GK,Fulham,0.0,0,0,0,0,0,0.0,0,664,0.00,0.00,0.00,0.00,63,0,0,0.0,0.0,2025-10-03T19:00:00Z,0,False,4,0,0,0,0,0,7,0,82374,0,0,1,3,0.0,0,-2234,316,2550,40,False,0
Granit Xhaka,MID,Sunderland,4.0,0,0,0,0,0,0.0,0,668,0.00,0.00,0.00,0.00,68,0,0,0.0,0.0,2025-10-04T14:00:00Z,0,False,14,0,0,0,0,0,7,0,459044,0,0,,,0.0,0,98370,117307,18937,50,False,0
Levi Samuels Colwill,DEF,Chelsea,0.0,0,0,0,0,0,0.0,0,227,0.00,0.00,0.00,0.00,65,0,0,0.0,0.0,2025-10-04T16:30:00Z,0,False,12,0,0,0,0,0,7,0,15368,0,0,,,0.0,0,-528,54,582,48,True,0
Wes Foderingham,GK,West Ham,0.0,0,0,0,0,0,0.0,0,601,0.00,0.00,0.00,0.00,61,0,0,0.0,0.0,2025-10-04T14:00:00Z,0,False,1,0,0,0,0,0,7,0,45043,0,0,,,0.0,0,-2991,0,2991,40,False,0
Abdoullah Ba,MID,Sunderland,-0.5,0,0,0,0,0,0.0,0,554,0.00,0.00,0.00,0.00,68,0,0,0.0,0.0,2025-10-04T14:00:00Z,0,False,14,0,0,0,0,0,7,0,24686,0,0,,,0.0,0,-812,1064,1876,44,False,0
Ola Aina,DEF,Nott'm Forest,0.0,0,0,0,0,0,0.0,0,507,0.00,0.00,0.00,0.00,69,0,0,0.0,0.0,2025-10-05T13:00:00Z,0,False,15,0,0,0,0,0,7,0,446200,0,0,,,0.0,0,-93864,56,93920,48,False,0
Murillo Costa dos Santos,DEF,Nott'm Forest,0.2,0,0,0,0,0,0.0,0,506,0.00,0.00,0.00,0.00,69,0,0,0.0,0.0,2025-10-05T13:00:00Z,0,False,15,0,0,0,0,0,7,0,298866,0,0,,,0.0,0,-60217,709,60926,54,False,0
Enzo Fernández,MID,Chelsea,3.0,0,0,0,0,0,0.0,0,237,0.00,0.00,0.00,0.00,65,0,0,0.0,0.0,2025-10-04T16:30:00Z,0,False,12,0,0,0,0,0,7,0,1706221,0,0,,,0.0,0,154108,240220,86112,67,True,0
Curtis Jones,MID,Liverpool,1.0,0,0,0,0,0,0.0,0,388,0.00,0.00,0.00,0.00,65,0,0,0.0,0.0,2025-10-04T16:30:00Z,0,False,7,0,0,0,0,0,7,0,9134,0,0,,,0.0,0,-94,465,559,54,False,0
Soungoutou Magassa,MID,West Ham,0.0,0,0,0,0,0,0.0,0,718,0.00,0.00,0.00,0.00,61,0,0,0.0,0.0,2025-10-04T14:00:00Z,0,False,1,0,0,0,0,0,7,0,813,0,0,,,0.0,0,30,110,80,50,False,0
Joe Gomez,DEF,Liverpool,0.5,0,0,0,0,0,0.0,0,376,0.00,0.00,0.00,0.00,65,0,0,0.0,0.0,2025-10-04T16:30:00Z,0,False,7,0,0,0,0,0,7,0,16607,0,0,,,0.0,0,-375,546,921,50,False,0
Brian Brobbey,FWD,Sunderland,0.0,0,0,0,0,0,0.0,0,730,0.00,0.00,0.00,0.00,68,0,0,0.0,0.0,2025-10-04T14:00:00Z,0,False,14,0,0,0,0,0,7,0,6985,0,0,,,0.0,0,-320,943,1263,55,False,0
Arnaud Kalimuendo,FWD,Nott'm Forest,0.3,0,0,0,0,0,0.0,0,696,0.00,0.00,0.00,0.00,69,0,0,0.0,0.0,2025-10-05T13:00:00Z,0,False,15,0,0,0,0,0,7,0,10836,0,0,,,0.0,0,-537,587,1124,60,False,0
Leo Fuhr Hjelde,DEF,Sunderland,0.0,0,0,0,0,0,0.0,0,536,0.00,0.00,0.00,0.00,68,0,0,0.0,0.0,2025-10-04T14:00:00Z,0,False,14,0,0,0,0,0,7,0,559,0,0,,,0.0,0,-4,25,29,40,False,0
Dan Ndoye,MID,Nott'm Forest,0.7,0,0,0,0,0,0.0,0,669,0.00,0.00,0.00,0.00,69,0,0,0.0,0.0,2025-10-05T13:00:00Z,0,False,15,0,0,0,0,0,7,0,265722,0,0,,,0.0,0,-79137,3973,83110,60,False,0
Malick Thiaw,DEF,Newcastle,3.0,0,0,0,0,0,0.0,0,684,0.00,0.00,0.00,0.00,69,0,0,0.0,0.0,2025-10-05T13:00:00Z,0,False,16,0,0,0,0,0,7,0,23362,0,0,,,0.0,0,4958,6071,1113,49,True,0
Patrick Dorgu,DEF,Man Utd,2.0,0,0,0,0,0,0.0,0,441,0.00,0.00,0.00,0.00,68,0,0,0.0,0.0,2025-10-04T14:00:00Z,0,False,17,0,0,0,0,0,7,0,573173,0,0,,,0.0,0,-45582,12540,58122,45,True,0
Lucas Pires Silva,DEF,Burnley,-0.5,0,0,0,0,0,0.0,0,195,0.00,0.00,0.00,0.00,62,0,0,0.0,0.0,2025-10-05T13:00:00Z,0,False,2,0,0,0,0,0,7,0,21506,0,0,,,0.0,0,-492,649,1141,39,False,0
Igor Thiago Nascimento Rodrigues,FWD,Brentford,3.5,0,0,0,0,0,0.0,0,136,0.00,0.00,0.00,0.00,64,0,0,0.0,0.0,2025-10-05T15:30:00Z,0,False,13,0,0,0,0,0,7,0,323939,0,0,,,0.0,0,112516,145385,32869,60,True,0
Matheus Santos Carneiro da Cunha,MID,Man Utd,1.3,0,0,0,0,0,0.0,0,450,0.00,0.00,0.00,0.00,68,0,0,0.0,0.0,2025-10-04T14:00:00Z,0,False,17,0,0,0,0,0,7,0,512942,0,0,,,0.0,0,-14552,23894,38446,80,True,0
Seung-Soo Park,MID,Newcastle,0.5,0,0,0,0,0,0.0,0,689,0.00,0.00,0.00,0.00,69,0,0,0.0,0.0,2025-10-05T13:00:00Z,0,False,16,0,0,0,0,0,7,0,31166,0,0,,,0.0,0,3673,6218,2545,44,True,0
Estêvão Almeida de Oliveira Gonçalves,MID,Chelsea,0.5,0,0,0,0,0,0.0,0,238,0.00,0.00,0.00,0.00,65,0,0,0.0,0.0,2025-10-04T16:30:00Z,0,False,12,0,0,0,0,0,7,0,210523,0,0,,,0.0,0,-20690,5480,26170,65,True,0
Illia Zabarnyi,DEF,Bournemouth,0.0,0,0,0,0,0,0.0,0,71,0.00,0.00,0.00,0.00,63,0,0,0.0,0.0,2025-10-03T19:00:00Z,0,False,10,0,0,0,0,0,7,0,3438,0,0,1,3,0.0,0,-104,0,104,50,True,0
Karl Hein,GK,Arsenal,0.0,0,0,0,0,0,0.0,0,3,0.00,0.00,0.00,0.00,61,0,0,0.0,0.0,2025-10-04T14:00:00Z,0,False,19,0,0,0,0,0,7,0,41629,0,0,,,0.0,0,-2897,0,2897,40,True,0
Frank Onyeka,MID,Brentford,-0.3,0,0,0,0,0,0.0,0,128,0.00,0.00,0.00,0.00,64,0,0,0.0,0.0,2025-10-05T15:30:00Z,0,False,13,0,0,0,0,0,7,0,7029,0,0,,,0.0,0,-248,175,423,50,True,0
Ryan Trevitt,MID,Brentford,0.0,0,0,0,0,0,0.0,0,134,0.00,0.00,0.00,0.00,64,0,0,0.0,0.0,2025-10-05T15:30:00Z,0,False,13,0,0,0,0,0,7,0,656,0,0,,,0.0,0,-30,0,30,45,True,0
Rodrigo Martins Gomes,DEF,Wolves,0.5,0,0,0,0,0,0.0,0,635,0.00,0.00,0.00,0.00,70,0,0,0.0,0.0,2025-10-05T13:00:00Z,0,False,6,0,0,0,0,0,7,0,11705,0,0,,,0.0,0,-750,271,1021,45,True,0
Samuel Iling-Junior,MID,Aston Villa,0.0,0,0,0,0,0,0.0,0,51,0.00,0.00,0.00,0.00,62,0,0,0.0,0.0,2025-10-05T13:00:00Z,0,False,3,0,0,0,0,0,7,0,3120,0,0,,,0.0,0,-366,0,366,55,True,0
Jefferson Lerma Solís,MID,Crystal Palace,1.0,0,0,0,0,0,0.0,0,272,0.00,0.00,0.00,0.00,66,0,0,0.0,0.0,2025-10-05T13:00:00Z,0,False,9,0,0,0,0,0,7,0,7032,0,0,,,0.0,0,-181,272,453,49,False,0
Mike Penders,GK,Chelsea,0.0,0,0,0,0,0,0.0,0,222,0.00,0.00,0.00,0.00,65,0,0,0.0,0.0,2025-10-04T16:30:00Z,0,False,12,0,0,0,0,0,7,0,427,0,0,,,0.0,0,-11,0,11,40,True,0
Leandro Trossard,MID,Arsenal,2.5,0,0,0,0,0,0.0,0,20,0.00,0.00,0.00,0.00,61,0,0,0.0,0.0,2025-10-04T14:00:00Z,0,False,19,0,0,0,0,0,7,0,35798,0,0,,,0.0,0,1933,3969,2036,69,True,0
Rodrigo 'Rodri' Hernandez Cascante,MID,Man City,2.3,0,0,0,0,0,0.0,0,421,0.00,0.00,0.00,0.00,64,0,0,0.0,0.0,2025-10-05T15:30:00Z,0,False,5,0,0,0,0,0,7,0,75205,0,0,,,0.0,0,-10877,1652,12529,64,False,0
Nikola Milenković,DEF,Nott'm Forest,0.5,0,0,0,0,0,0.0,0,505,0.00,0.00,0.00,0.00,69,0,0,0.0,0.0,2025-10-05T13:00:00Z,0,False,15,0,0,0,0,0,7,0,667209,0,0,,,0.0,0,-112825,3607,116432,54,False,0
Evann Guessand,MID,Aston Villa,2.0,0,0,0,0,0,0.0,0,677,0.00,0.00,0.00,0.00,62,0,0,0.0,0.0,2025-10-05T13:00:00Z,0,False,3,0,0,0,0,0,7,0,5567,0,0,,,0.0,0,258,784,526,63,True,0
Chris Mepham,DEF,Bournemouth,0.0,0,0,0,0,0,0.0,0,79,0.00,0.00,0.00,0.00,63,0,0,0.0,0.0,2025-10-03T19:00:00Z,0,False,10,0,0,0,0,0,7,0,12637,0,0,1,3,0.0,0,-875,0,875,40,True,0
Ethan Nwaneri,MID,Arsenal,1.5,0,0,0,0,0,0.0,0,25,0.00,0.00,0.00,0.00,61,0,0,0.0,0.0,2025-10-04T14:00:00Z,0,False,19,0,0,0,0,0,7,0,20638,0,0,,,0.0,0,-1316,717,2033,53,True,0
Divine Mukasa,MID,Man City,0.5,0,0,0,0,0,0.0,0,739,0.00,0.00,0.00,0.00,64,0,0,0.0,0.0,2025-10-05T15:30:00Z,0,False,5,0,0,0,0,0,7,0,1845,0,0,,,0.0,0,101,342,241,45,False,0
Jaidon Anthony,MID,Burnley,4.3,0,0,0,0,0,0.0,0,200,0.00,0.00,0.00,0.00,62,0,0,0.0,0.0,2025-10-05T13:00:00Z,0,False,2,0,0,0,0,0,7,0,777288,0,0,,,0.0,0,411927,439801,27874,57,False,0
Luke O'Nien,DEF,Sunderland,-0.5,0,0,0,0,0,0.0,0,539,0.00,0.00,0.00,0.00,68,0,0,0.0,0.0,2025-10-04T14:00:00Z,0,False,14,0,0,0,0,0,7,0,3437,0,0,,,0.0,0,441,623,182,40,False,0
Tyler Fredricson,DEF,Man Utd,0.5,0,0,0,0,0,0.0,0,446,0.00,0.00,0.00,0.00,68,0,0,0.0,0.0,2025-10-04T14:00:00Z,0,False,17,0,0,0,0,0,7,0,15661,0,0,,,0.0,0,-404,322,726,39,True,0
David Ozoh,MID,Crystal Palace,0.0,0,0,0,0,0,0.0,0,280,0.00,0.00,0.00,0.00,66,0,0,0.0,0.0,2025-10-05T13:00:00Z,0,False,9,0,0,0,0,0,7,0,180,0,0,,,0.0,0,-6,0,6,45,False,0
Tyler Dibling,MID,Everton,0.5,0,0,0,0,0,0.0,0,707,0.00,0.00,0.00,0.00,66,0,0,0.0,0.0,2025-10-05T13:00:00Z,0,False,8,0,0,0,0,0,7,0,2772,0,0,,,0.0,0,-76,252,328,55,True,0
Lewis Hall,DEF,Newcastle,2.3,0,0,0,0,0,0.0,0,473,0.00,0.00,0.00,0.00,69,0,0,0.0,0.0,2025-10-05T13:00:00Z,0,False,16,0,0,0,0,0,7,0,149016,0,0,,,0.0,0,-3310,7880,11190,53,True,0
Calvin Bassey,DEF,Fulham,3.5,0,0,1,0,4,1.0,5,318,0.00,0.00,0.00,1.12,63,3,0,1.6,14.6,2025-10-03T19:00:00Z,90,False,4,0,0,0,1,0,7,0,66542,1,1,1,3,0.0,1,-1571,3153,4724,45,False,0
Jayden Danns,FWD,Liverpool,0.5,0,0,0,0,0,0.0,0,398,0.00,0.00,0.00,0.00,65,0,0,0.0,0.0,2025-10-04T16:30:00Z,0,False,7,0,0,0,0,0,7,0,17289,0,0,,,0.0,0,-244,835,1079,44,False,0
Hwang Hee-chan,MID,Wolves,0.8,0,0,0,0,0,0.0,0,642,0.00,0.00,0.00,0.00,70,0,0,0.0,0.0,2025-10-05T13:00:00Z,0,False,6,0,0,0,0,0,7,0,19764,0,0,,,0.0,0,-1984,1232,3216,59,True,0
Lewis Dobbin,MID,Aston Villa,0.0,0,0,0,0,0,0.0,0,57,0.00,0.00,0.00,0.00,62,0,0,0.0,0.0,2025-10-05T13:00:00Z,0,False,3,0,0,0,0,0,7,0,3702,0,0,,,0.0,0,-145,0,145,50,True,0
Ben Winterburn,MID,Bournemouth,0.0,0,0,0,0,0,0.0,0,96,0.00,0.00,0.00,0.00,63,0,0,0.0,0.0,2025-10-03T19:00:00Z,0,False,10,0,0,0,0,0,7,0,5811,0,0,1,3,0.0,0,-479,0,479,45,True,0
Quilindschy Hartman,DEF,Burnley,1.7,0,0,0,0,0,0.0,0,192,0.00,0.00,0.00,0.00,62,0,0,0.0,0.0,2025-10-05T13:00:00Z,0,False,2,0,0,0,0,0,7,0,61749,0,0,,,0.0,0,1121,4982,3861,40,False,0
Erling Haaland,FWD,Man City,10.0,0,0,0,0,0,0.0,0,430,0.00,0.00,0.00,0.00,64,0,0,0.0,0.0,2025-10-05T15:30:00Z,0,False,5,0,0,0,0,0,7,0,7060510,0,0,,,0.0,0,1031965,1038671,6706,144,False,0
Matt Targett,DEF,Newcastle,0.0,0,0,0,0,0,0.0,0,484,0.00,0.00,0.00,0.00,69,0,0,0.0,0.0,2025-10-05T13:00:00Z,0,False,16,0,0,0,0,0,7,0,28951,0,0,,,0.0,0,-2474,0,2474,40,True,0
Kadan Young,MID,Aston Villa,0.5,0,0,0,0,0,0.0,0,63,0.00,0.00,0.00,0.00,62,0,0,0.0,0.0,2025-10-05T13:00:00Z,0,False,3,0,0,0,0,0,7,0,80187,0,0,,,0.0,0,3923,9651,5728,44,True,0
Ryan Gravenberch,MID,Liverpool,7.0,0,0,0,0,0,0.0,0,390,0.00,0.00,0.00,0.00,65,0,0,0.0,0.0,2025-10-04T16:30:00Z,0,False,7,0,0,0,0,0,7,0,688040,0,0,,,0.0,0,236197,270454,34257,56,False,0
Tariq Lamptey,DEF,Brighton,0.0,0,0,0,0,0,0.0,0,150,0.00,0.00,0.00,0.00,70,0,0,0.0,0.0,2025-10-05T13:00:00Z,0,False,20,0,0,0,0,0,7,0,16126,0,0,,,0.0,0,-1590,0,1590,44,False,0
Aaron Hickey,DEF,Brentford,0.3,0,0,0,0,0,0.0,0,116,0.00,0.00,0.00,0.00,64,0,0,0.0,0.0,2025-10-05T15:30:00Z,0,False,13,0,0,0,0,0,7,0,46132,0,0,,,0.0,0,-160,2290,2450,40,True,0
Roméo Lavia,MID,Chelsea,-0.3,0,0,0,0,0,0.0,0,244,0.00,0.00,0.00,0.00,65,0,0,0.0,0.0,2025-10-04T16:30:00Z,0,False,12,0,0,0,0,0,7,0,1777,0,0,,,0.0,0,201,268,67,49,True,0
Joe Anderson,DEF,Sunderland,-0.5,0,0,0,0,0,0.0,0,534,0.00,0.00,0.00,0.00,68,0,0,0.0,0.0,2025-10-04T14:00:00Z,0,False,14,0,0,0,0,0,7,0,56236,0,0,,,0.0,0,599,4503,3904,39,False,0
Martial Godo,MID,Fulham,0.0,0,0,0,0,0,0.0,0,333,0.00,0.00,0.00,0.00,63,0,0,0.0,0.0,2025-10-03T19:00:00Z,0,False,4,0,0,0,0,0,7,0,4238,0,0,1,3,0.0,0,-339,0,339,45,False,0
Odysseas Vlachodimos,GK,Newcastle,0.0,0,0,0,0,0,0.0,0,472,0.00,0.00,0.00,0.00,69,0,0,0.0,0.0,2025-10-05T13:00:00Z,0,False,16,0,0,0,0,0,7,0,2382,0,0,,,0.0,0,-113,0,113,40,True,0
Owen Bevan,DEF,Bournemouth,0.0,0,0,0,0,0,0.0,0,76,0.00,0.00,0.00,0.00,63,0,0,0.0,0.0,2025-10-03T19:00:00Z,0,False,10,0,0,0,0,0,7,0,19683,0,0,1,3,0.0,0,256,1158,902,39,True,0
Joshua Zirkzee,FWD,Man Utd,1.0,0,0,0,0,0,0.0,0,466,0.00,0.00,0.00,0.00,68,0,0,0.0,0.0,2025-10-04T14:00:00Z,0,False,17,0,0,0,0,0,7,0,46036,0,0,,,0.0,0,-1816,1776,3592,59,True,0
Malick Yalcouyé,MID,Brighton,0.0,0,0,0,0,0,0.0,0,174,0.00,0.00,0.00,0.00,70,0,0,0.0,0.0,2025-10-05T13:00:00Z,0,False,20,0,0,0,0,0,7,0,723,0,0,,,0.0,0,-23,0,23,50,False,0
Diogo Dalot Teixeira,DEF,Man Utd,0.7,0,0,0,0,0,0.0,0,440,0.00,0.00,0.00,0.00,68,0,0,0.0,0.0,2025-10-04T14:00:00Z,0,False,17,0,0,0,0,0,7,0,113864,0,0,,,0.0,0,-2131,3646,5777,44,True,0
Ollie Watkins,FWD,Aston Villa,3.5,0,0,0,0,0,0.0,0,64,0.00,0.00,0.00,0.00,62,0,0,0.0,0.0,2025-10-05T13:00:00Z,0,False,3,0,0,0,0,0,7,0,1212657,0,0,,,0.0,0,-4197,99199,103396,87,True,0
Luis Eduardo Soares da Silva,DEF,Nott'm Forest,0.0,0,0,0,0,0,0.0,0,729,0.00,0.00,0.00,0.00,69,0,0,0.0,0.0,2025-10-05T13:00:00Z,0,False,15,0,0,0,0,0,7,0,54,0,0,,,0.0,0,-7,0,7,45,False,0
Mikkel Damsgaard,MID,Brentford,2.0,0,0,0,0,0,0.0,0,121,0.00,0.00,0.00,0.00,64,0,0,0.0,0.0,2025-10-05T15:30:00Z,0,False,13,0,0,0,0,0,7,0,75488,0,0,,,0.0,0,-5228,2396,7624,58,True,0
Tyrique George,MID,Chelsea,-0.5,0,0,0,0,0,0.0,0,243,0.00,0.00,0.00,0.00,65,0,0,0.0,0.0,2025-10-04T16:30:00Z,0,False,12,0,0,0,0,0,7,0,7132,0,0,,,0.0,0,-84,448,532,49,True,0
Mathias Jensen,MID,Brentford,1.5,0,0,0,0,0,0.0,0,126,0.00,0.00,0.00,0.00,64,0,0,0.0,0.0,2025-10-05T15:30:00Z,0,False,13,0,0,0,0,0,7,0,8598,0,0,,,0.0,0,683,1165,482,49,True,0
Isaac Heath,MID,Everton,0.0,0,0,0,0,0,0.0,0,308,0.00,0.00,0.00,0.00,66,0,0,0.0,0.0,2025-10-05T13:00:00Z,0,False,8,0,0,0,0,0,7,0,2730,0,0,,,0.0,0,-162,0,162,45,True,0
Yasin Özcan,DEF,Aston Villa,0.0,0,0,0,0,0,0.0,0,46,0.00,0.00,0.00,0.00,62,0,0,0.0,0.0,2025-10-05T13:00:00Z,0,False,3,0,0,0,0,0,7,0,20915,0,0,,,0.0,0,-2127,0,2127,40,True,0
Tino Livramento,DEF,Newcastle,0.0,0,0,0,0,0,0.0,0,477,0.00,0.00,0.00,0.00,69,0,0,0.0,0.0,2025-10-05T13:00:00Z,0,False,16,0,0,0,0,0,7,0,862111,0,0,,,0.0,0,-267335,52655,319990,51,True,0
Maxime Estève,DEF,Burnley,1.0,0,0,0,0,0,0.0,0,191,0.00,0.00,0.00,0.00,62,0,0,0.0,0.0,2025-10-05T13:00:00Z,0,False,2,0,0,0,0,0,7,0,1684361,0,0,,,0.0,0,-106386,19518,125904,40,False,0
Andre Harriman-Annous,MID,Arsenal,0.5,0,0,0,0,0,0.0,0,711,0.00,0.00,0.00,0.00,61,0,0,0.0,0.0,2025-10-04T14:00:00Z,0,False,19,0,0,0,0,0,7,0,1240,0,0,,,0.0,0,4,114,110,45,True,0
Kobbie Mainoo,MID,Man Utd,1.3,0,0,0,0,0,0.0,0,458,0.00,0.00,0.00,0.00,68,0,0,0.0,0.0,2025-10-04T14:00:00Z,0,False,17,0,0,0,0,0,7,0,62518,0,0,,,0.0,0,-519,4414,4933,48,True,0
Cristhian Mosquera,DEF,Arsenal,2.7,0,0,0,0,0,0.0,0,662,0.00,0.00,0.00,0.00,61,0,0,0.0,0.0,2025-10-04T14:00:00Z,0,False,19,0,0,0,0,0,7,0,25306,0,0,,,0.0,0,-701,2426,3127,54,True,0
Matheus França de Oliveira,MID,Crystal Palace,0.0,0,0,0,0,0,0.0,0,279,0.00,0.00,0.00,0.00,66,0,0,0.0,0.0,2025-10-05T13:00:00Z,0,False,9,0,0,0,0,0,7,0,1040,0,0,,,0.0,0,-55,0,55,45,False,0
Nathan Aké,DEF,Man City,1.3,0,0,0,0,0,0.0,0,405,0.00,0.00,0.00,0.00,64,0,0,0.0,0.0,2025-10-05T15:30:00Z,0,False,5,0,0,0,0,0,7,0,80185,0,0,,,0.0,0,-2089,1927,4016,54,False,0
Tyrell Malacia,DEF,Man Utd,0.5,0,0,0,0,0,0.0,0,448,0.00,0.00,0.00,0.00,68,0,0,0.0,0.0,2025-10-04T14:00:00Z,0,False,17,0,0,0,0,0,7,0,44331,0,0,,,0.0,0,-1325,1442,2767,39,True,0
Samuel Amissah,DEF,Fulham,0.0,0,0,0,0,0,0.0,0,323,0.00,0.00,0.00,0.00,63,0,0,0.0,0.0,2025-10-03T19:00:00Z,0,False,4,0,0,0,0,0,7,0,17550,0,0,1,3,0.0,0,-357,412,769,39,False,0
Franco Umeh-Chibueze,MID,Crystal Palace,0.0,0,0,0,0,0,0.0,0,282,0.00,0.00,0.00,0.00,66,0,0,0.0,0.0,2025-10-05T13:00:00Z,0,False,9,0,0,0,0,0,7,0,2829,0,0,,,0.0,0,-274,0,274,45,False,0
Marc Guiu Paz,FWD,Chelsea,-0.5,0,0,0,0,0,0.0,0,252,0.00,0.00,0.00,0.00,65,0,0,0.0,0.0,2025-10-04T16:30:00Z,0,False,12,0,0,0,0,0,7,0,957269,0,0,,,0.0,0,-62467,51086,113553,43,True,0
Idrissa Gana Gueye,MID,Everton,3.8,0,0,0,0,0,0.0,0,302,0.00,0.00,0.00,0.00,66,0,0,0.0,0.0,2025-10-05T13:00:00Z,0,False,8,0,0,0,0,0,7,0,16919,0,0,,,0.0,0,533,2217,1684,54,True,0
Sávio Moreira de Oliveira,MID,Man City,1.5,0,0,0,0,0,0.0,0,415,0.00,0.00,0.00,0.00,64,0,0,0.0,0.0,2025-10-05T15:30:00Z,0,False,5,0,0,0,0,0,7,0,51985,0,0,,,0.0,0,137,2271,2134,69,False,0
Matthijs de Ligt,DEF,Man Utd,2.0,0,0,0,0,0,0.0,0,436,0.00,0.00,0.00,0.00,68,0,0,0.0,0.0,2025-10-04T14:00:00Z,0,False,17,0,0,0,0,0,7,0,337170,0,0,,,0.0,0,-4552,15298,19850,50,True,0
Séamus Coleman,DEF,Everton,0.0,0,0,0,0,0,0.0,0,294,0.00,0.00,0.00,0.00,66,0,0,0.0,0.0,2025-10-05T13:00:00Z,0,False,8,0,0,0,0,0,7,0,15460,0,0,,,0.0,0,-509,303,812,44,True,0
Jacob Ramsey,MID,Newcastle,0.5,0,0,0,0,0,0.0,0,52,0.00,0.00,0.00,0.00,69,0,0,0.0,0.0,2025-10-05T13:00:00Z,0,False,16,0,0,0,0,0,7,0,25840,0,0,,,0.0,0,-2217,140,2357,53,True,0
Nazarii Rusyn,FWD,Sunderland,0.0,0,0,0,0,0,0.0,0,564,0.00,0.00,0.00,0.00,68,0,0,0.0,0.0,2025-10-04T14:00:00Z,0,False,14,0,0,0,0,0,7,0,14713,0,0,,,0.0,0,-922,0,922,44,False,0
Tom Edozie,MID,Wolves,0.0,0,0,0,0,0,0.0,0,651,0.00,0.00,0.00,0.00,70,0,0,0.0,0.0,2025-10-05T13:00:00Z,0,False,6,0,0,0,0,0,7,0,49243,0,0,,,0.0,0,-1632,1625,3257,44,True,0
Kepa Arrizabalaga Revuelta,GK,Arsenal,0.5,0,0,0,0,0,0.0,0,2,0.00,0.00,0.00,0.00,61,0,0,0.0,0.0,2025-10-04T14:00:00Z,0,False,19,0,0,0,0,0,7,0,64932,0,0,,,0.0,0,-3442,461,3903,43,True,0
Ryan Sessegnon,MID,Fulham,4.8,0,2,32,0,4,13.8,10,328,0.12,0.52,0.40,1.12,63,3,1,8.6,45.6,2025-10-03T19:00:00Z,90,False,4,0,0,0,5,0,7,0,5053,1,1,1,3,27.0,9,27,549,522,54,False,0
Josh Nichols,DEF,Arsenal,0.5,0,0,0,0,0,0.0,0,15,0.00,0.00,0.00,0.00,61,0,0,0.0,0.0,2025-10-04T14:00:00Z,0,False,19,0,0,0,0,0,7,0,26585,0,0,,,0.0,0,972,2802,1830,39,True,0
Owen Dodgson,DEF,Burnley,0.0,0,0,0,0,0,0.0,0,189,0.00,0.00,0.00,0.00,62,0,0,0.0,0.0,2025-10-05T13:00:00Z,0,False,2,0,0,0,0,0,7,0,2018,0,0,,,0.0,0,-69,0,69,40,False,0
Dwight McNeil,MID,Everton,0.0,0,0,0,0,0,0.0,0,300,0.00,0.00,0.00,0.00,66,0,0,0.0,0.0,2025-10-05T13:00:00Z,0,False,8,0,0,0,0,0,7,0,16866,0,0,,,0.0,0,-1170,461,1631,56,True,0
Mads Hermansen,GK,West Ham,-0.3,0,0,0,0,0,0.0,0,679,0.00,0.00,0.00,0.00,61,0,0,0.0,0.0,2025-10-04T14:00:00Z,0,False,1,0,0,0,0,0,7,0,33870,0,0,,,0.0,0,-1298,1206,2504,45,False,0
Benjamin White,DEF,Arsenal,0.5,0,0,0,0,0,0.0,0,11,0.00,0.00,0.00,0.00,61,0,0,0.0,0.0,2025-10-04T14:00:00Z,0,False,19,0,0,0,0,0,7,0,53910,0,0,,,0.0,0,-1487,1842,3329,54,True,0
Igor Julio dos Santos de Paulo,DEF,West Ham,-0.3,0,0,0,0,0,0.0,0,149,0.00,0.00,0.00,0.00,61,0,0,0.0,0.0,2025-10-04T14:00:00Z,0,False,1,0,0,0,0,0,7,0,7019,0,0,,,0.0,0,57,429,372,45,False,0
Manuel Akanji,DEF,Man City,0.0,0,0,0,0,0,0.0,0,404,0.00,0.00,0.00,0.00,64,0,0,0.0,0.0,2025-10-05T15:30:00Z,0,False,5,0,0,0,0,0,7,0,40636,0,0,,,0.0,0,-2335,0,2335,54,False,0
Reece Welch,DEF,Everton,0.0,0,0,0,0,0,0.0,0,298,0.00,0.00,0.00,0.00,66,0,0,0.0,0.0,2025-10-05T13:00:00Z,0,False,8,0,0,0,0,0,7,0,17896,0,0,,,0.0,0,-396,366,762,39,True,0
Kyle Walker,DEF,Burnley,0.3,0,0,0,0,0,0.0,0,187,0.00,0.00,0.00,0.00,62,0,0,0.0,0.0,2025-10-05T13:00:00Z,0,False,2,0,0,0,0,0,7,0,186425,0,0,,,0.0,0,-9666,4804,14470,45,False,0
Jørgen Strand Larsen,FWD,Wolves,0.6,0,0,0,0,0,0.0,0,654,0.00,0.00,0.00,0.00,70,0,0,0.0,0.0,2025-10-05T13:00:00Z,0,False,6,0,0,0,0,0,7,0,168111,0,0,,,0.0,0,-4924,16035,20959,64,True,0
Kevin Danso,DEF,Spurs,0.7,0,0,0,0,0,0.0,0,570,0.00,0.00,0.00,0.00,67,0,0,0.0,0.0,2025-10-04T11:30:00Z,0,False,11,0,0,0,0,0,7,0,18338,0,0,,,0.0,0,-391,1051,1442,43,False,0
James Ward-Prowse,MID,West Ham,0.5,0,0,0,0,0,0.0,0,614,0.00,0.00,0.00,0.00,61,0,0,0.0,0.0,2025-10-04T14:00:00Z,0,False,1,0,0,0,0,0,7,0,27363,0,0,,,0.0,0,-2013,735,2748,58,False,0
Federico Chiesa,MID,Liverpool,1.5,0,0,0,0,0,0.0,0,385,0.00,0.00,0.00,0.00,65,0,0,0.0,0.0,2025-10-04T16:30:00Z,0,False,7,0,0,0,0,0,7,0,41496,0,0,,,0.0,0,4108,7283,3175,64,False,0
Rico Henry,DEF,Brentford,0.3,0,0,0,0,0,0.0,0,109,0.00,0.00,0.00,0.00,64,0,0,0.0,0.0,2025-10-05T15:30:00Z,0,False,13,0,0,0,0,0,7,0,14551,0,0,,,0.0,0,-608,277,885,44,True,0
Kai Havertz,FWD,Arsenal,0.0,0,0,0,0,0,0.0,0,30,0.00,0.00,0.00,0.00,61,0,0,0.0,0.0,2025-10-04T14:00:00Z,0,False,19,0,0,0,0,0,7,0,44160,0,0,,,0.0,0,-1395,89,1484,73,True,0
Kevin Schade,MID,Brentford,2.7,0,0,0,0,0,0.0,0,120,0.00,0.00,0.00,0.00,64,0,0,0.0,0.0,2025-10-05T15:30:00Z,0,False,13,0,0,0,0,0,7,0,55074,0,0,,,0.0,0,234,9255,9021,70,True,0
Miodrag Pivaš,DEF,Newcastle,0.5,0,0,0,0,0,0.0,0,483,0.00,0.00,0.00,0.00,69,0,0,0.0,0.0,2025-10-05T13:00:00Z,0,False,16,0,0,0,0,0,7,0,28171,0,0,,,0.0,0,-1071,615,1686,39,True,0
Tim Iroegbunam,MID,Everton,0.5,0,0,0,0,0,0.0,0,304,0.00,0.00,0.00,0.00,66,0,0,0.0,0.0,2025-10-05T13:00:00Z,0,False,8,0,0,0,0,0,7,0,3725,0,0,,,0.0,0,-119,70,189,49,True,0
Zain Silcott-Duberry,MID,Bournemouth,0.0,0,0,0,0,0,0.0,0,95,0.00,0.00,0.00,0.00,63,0,0,0.0,0.0,2025-10-03T19:00:00Z,0,False,10,0,0,0,0,0,7,0,14527,0,0,1,3,0.0,0,-2519,0,2519,44,True,0
Karl Darlow,GK,Leeds,1.5,0,0,0,0,0,0.0,0,341,0.00,0.00,0.00,0.00,67,0,0,0.0,0.0,2025-10-04T11:30:00Z,0,False,18,0,0,0,0,0,7,0,302595,0,0,,,0.0,0,1801,15152,13351,40,True,0
Benjamin Sesko,FWD,Man Utd,3.3,0,0,0,0,0,0.0,0,681,0.00,0.00,0.00,0.00,68,0,0,0.0,0.0,2025-10-04T14:00:00Z,0,False,17,0,0,0,0,0,7,0,578552,0,0,,,0.0,0,25445,53754,28309,73,True,0
William Saliba,DEF,Arsenal,1.3,0,0,0,0,0,0.0,0,6,0.00,0.00,0.00,0.00,61,0,0,0.0,0.0,2025-10-04T14:00:00Z,0,False,19,0,0,0,0,0,7,0,1526375,0,0,,,0.0,0,10476,75755,65279,60,True,0
Saša Lukić,MID,Fulham,3.0,0,0,6,0,3,0.0,5,332,0.00,0.00,0.00,0.05,63,0,0,0.6,6.0,2025-10-03T19:00:00Z,13,False,4,0,0,0,0,0,7,0,10318,1,2,1,3,0.0,1,75,779,704,50,False,0
Marshall Munetsi,MID,Wolves,1.2,0,0,0,0,0,0.0,0,648,0.00,0.00,0.00,0.00,70,0,0,0.0,0.0,2025-10-05T13:00:00Z,0,False,6,0,0,0,0,0,7,0,5825,0,0,,,0.0,0,21,475,454,54,True,0
Ladislav Krejcí,DEF,Wolves,2.5,0,0,0,0,0,0.0,0,709,0.00,0.00,0.00,0.00,70,0,0,0.0,0.0,2025-10-05T13:00:00Z,0,False,6,0,0,0,0,0,7,0,4979,0,0,,,0.0,0,1347,1701,354,45,True,0
Myles Lewis-Skelly,DEF,Arsenal,1.0,0,0,0,0,0,0.0,0,10,0.00,0.00,0.00,0.00,61,0,0,0.0,0.0,2025-10-04T14:00:00Z,0,False,19,0,0,0,0,0,7,0,230990,0,0,,,0.0,0,-14553,2830,17383,53,True,0
Harry Wilson,MID,Fulham,3.5,0,0,11,1,1,12.9,9,329,0.08,0.15,0.07,0.45,63,0,0,4.0,8.4,2025-10-03T19:00:00Z,66,False,4,0,0,0,7,0,7,0,48260,1,1,1,3,19.0,3,-2662,3028,5690,53,False,0
Sékou Koné,MID,Man Utd,0.5,0,0,0,0,0,0.0,0,463,0.00,0.00,0.00,0.00,68,0,0,0.0,0.0,2025-10-04T14:00:00Z,0,False,17,0,0,0,0,0,7,0,10312,0,0,,,0.0,0,-171,491,662,44,True,0
Chemsdine Talbi,MID,Sunderland,1.5,0,0,0,0,0,0.0,0,553,0.00,0.00,0.00,0.00,68,0,0,0.0,0.0,2025-10-04T14:00:00Z,0,False,14,0,0,0,0,0,7,0,29377,0,0,,,0.0,0,-1395,1461,2856,50,False,0
Pedro Porro Sauceda,DEF,Spurs,2.5,0,0,0,0,0,0.0,0,568,0.00,0.00,0.00,0.00,67,0,0,0.0,0.0,2025-10-04T11:30:00Z,0,False,11,0,0,0,0,0,7,0,2630539,0,0,,,0.0,0,-170047,44969,215016,56,False,0
Lutsharel Geertruida,DEF,Sunderland,0.3,0,0,0,0,0,0.0,0,724,0.00,0.00,0.00,0.00,68,0,0,0.0,0.0,2025-10-04T14:00:00Z,0,False,14,0,0,0,0,0,7,0,1787,0,0,,,0.0,0,107,318,211,45,False,0
Amad Diallo,MID,Man Utd,1.5,0,0,0,0,0,0.0,0,452,0.00,0.00,0.00,0.00,68,0,0,0.0,0.0,2025-10-04T14:00:00Z,0,False,17,0,0,0,0,0,7,0,145013,0,0,,,0.0,0,-24550,919,25469,63,True,0
Saša Kalajdžić,FWD,Wolves,0.0,0,0,0,0,0,0.0,0,656,0.00,0.00,0.00,0.00,70,0,0,0.0,0.0,2025-10-05T13:00:00Z,0,False,6,0,0,0,0,0,7,0,7753,0,0,,,0.0,0,-448,0,448,49,True,0
Niclas Füllkrug,FWD,West Ham,0.3,0,0,0,0,0,0.0,0,625,0.00,0.00,0.00,0.00,61,0,0,0.0,0.0,2025-10-04T14:00:00Z,0,False,1,0,0,0,0,0,7,0,116763,0,0,,,0.0,0,-9412,3300,12712,57,False,0
Brennan Johnson,MID,Spurs,1.3,0,0,0,0,0,0.0,0,580,0.00,0.00,0.00,0.00,67,0,0,0.0,0.0,2025-10-04T11:30:00Z,0,False,11,0,0,0,0,0,7,0,600355,0,0,,,0.0,0,-109322,7560,116882,69,False,0
Lucas Tolentino Coelho de Lima,MID,West Ham,1.3,0,0,0,0,0,0.0,0,612,0.00,0.00,0.00,0.00,61,0,0,0.0,0.0,2025-10-04T14:00:00Z,0,False,1,0,0,0,0,0,7,0,351154,0,0,,,0.0,0,-40550,14491,55041,59,False,0
Bertrand Traoré,MID,Sunderland,-0.3,0,0,0,0,0,0.0,0,735,0.00,0.00,0.00,0.00,68,0,0,0.0,0.0,2025-10-04T14:00:00Z,0,False,14,0,0,0,0,0,7,0,2036,0,0,,,0.0,0,425,662,237,55,False,0
Rayan Cherki,MID,Man City,0.0,0,0,0,0,0,0.0,0,417,0.00,0.00,0.00,0.00,64,0,0,0.0,0.0,2025-10-05T15:30:00Z,0,False,5,0,0,0,0,0,7,0,253993,0,0,,,0.0,0,-20667,170,20837,63,False,0
Sam Byram,DEF,Leeds,-0.5,0,0,0,0,0,0.0,0,346,0.00,0.00,0.00,0.00,67,0,0,0.0,0.0,2025-10-04T11:30:00Z,0,False,18,0,0,0,0,0,7,0,32822,0,0,,,0.0,0,102,2396,2294,39,True,0
Abdallah Sima,MID,Brighton,0.0,0,0,0,0,0,0.0,0,165,0.00,0.00,0.00,0.00,70,0,0,0.0,0.0,2025-10-05T13:00:00Z,0,False,20,0,0,0,0,0,7,0,1712,0,0,,,0.0,0,-97,0,97,54,False,0
Merlin Röhl,MID,Everton,0.0,0,0,0,0,0,0.0,0,728,0.00,0.00,0.00,0.00,66,0,0,0.0,0.0,2025-10-05T13:00:00Z,0,False,8,0,0,0,0,0,7,0,515,0,0,,,0.0,0,-54,21,75,50,True,0
Antony dos Santos,MID,Man Utd,0.0,0,0,0,0,0,0.0,0,454,0.00,0.00,0.00,0.00,68,0,0,0.0,0.0,2025-10-04T14:00:00Z,0,False,17,0,0,0,0,0,7,0,8321,0,0,,,0.0,0,-284,0,284,59,True,0
Trey Nyoni,MID,Liverpool,0.5,0,0,0,0,0,0.0,0,396,0.00,0.00,0.00,0.00,65,0,0,0.0,0.0,2025-10-04T16:30:00Z,0,False,7,0,0,0,0,0,7,0,24123,0,0,,,0.0,0,-943,797,1740,44,False,0
James Garner,MID,Everton,4.0,0,0,0,0,0,0.0,0,303,0.00,0.00,0.00,0.00,66,0,0,0.0,0.0,2025-10-05T13:00:00Z,0,False,8,0,0,0,0,0,7,0,118435,0,0,,,0.0,0,30821,38770,7949,50,True,0
João Victor Gomes da Silva,MID,Wolves,2.2,0,0,0,0,0,0.0,0,646,0.00,0.00,0.00,0.00,70,0,0,0.0,0.0,2025-10-05T13:00:00Z,0,False,6,0,0,0,0,0,7,0,11796,0,0,,,0.0,0,-295,589,884,54,True,0
Lukasz Fabianski,GK,West Ham,-0.5,0,0,0,0,0,0.0,0,738,0.00,0.00,0.00,0.00,61,0,0,0.0,0.0,2025-10-04T14:00:00Z,0,False,1,0,0,0,0,0,7,0,3007,0,0,,,0.0,0,169,419,250,45,False,0
Harry Amass,DEF,Man Utd,0.0,0,0,0,0,0,0.0,0,445,0.00,0.00,0.00,0.00,68,0,0,0.0,0.0,2025-10-04T14:00:00Z,0,False,17,0,0,0,0,0,7,0,11894,0,0,,,0.0,0,-705,0,705,40,True,0
Anton Stach,MID,Leeds,4.0,0,0,0,0,0,0.0,0,660,0.00,0.00,0.00,0.00,67,0,0,0.0,0.0,2025-10-04T11:30:00Z,0,False,18,0,0,0,0,0,7,0,382980,0,0,,,0.0,0,45729,74994,29265,50,True,0
Riccardo Calafiori,DEF,Arsenal,2.5,0,0,0,0,0,0.0,0,7,0.00,0.00,0.00,0.00,61,0,0,0.0,0.0,2025-10-04T14:00:00Z,0,False,19,0,0,0,0,0,7,0,1786011,0,0,,,0.0,0,25129,121007,95878,57,True,0
Andrew Robertson,DEF,Liverpool,0.7,0,0,0,0,0,0.0,0,372,0.00,0.00,0.00,0.00,65,0,0,0.0,0.0,2025-10-04T16:30:00Z,0,False,7,0,0,0,0,0,7,0,120410,0,0,,,0.0,0,-5125,1367,6492,58,False,0
Jayden Meghoma,DEF,Brentford,0.0,0,0,0,0,0,0.0,0,118,0.00,0.00,0.00,0.00,64,0,0,0.0,0.0,2025-10-05T15:30:00Z,0,False,13,0,0,0,0,0,7,0,7195,0,0,,,0.0,0,-370,0,370,40,True,0
Declan Rice,MID,Arsenal,3.7,0,0,0,0,0,0.0,0,21,0.00,0.00,0.00,0.00,61,0,0,0.0,0.0,2025-10-04T14:00:00Z,0,False,19,0,0,0,0,0,7,0,1033670,0,0,,,0.0,0,62858,106096,43238,65,True,0
Zach Abbott,DEF,Nott'm Forest,-0.5,0,0,0,0,0,0.0,0,513,0.00,0.00,0.00,0.00,69,0,0,0.0,0.0,2025-10-05T13:00:00Z,0,False,15,0,0,0,0,0,7,0,23300,0,0,,,0.0,0,-151,894,1045,39,False,0
Connor Roberts,DEF,Burnley,0.0,0,0,0,0,0,0.0,0,186,0.00,0.00,0.00,0.00,62,0,0,0.0,0.0,2025-10-05T13:00:00Z,0,False,2,0,0,0,0,0,7,0,4772,0,0,,,0.0,0,-200,124,324,44,False,0
Hugo Ekitiké,FWD,Liverpool,2.2,0,0,0,0,0,0.0,0,661,0.00,0.00,0.00,0.00,65,0,0,0.0,0.0,2025-10-04T16:30:00Z,0,False,7,0,0,0,0,0,7,0,2136832,0,0,,,0.0,0,-323653,86657,410310,87,False,0
Giorgi Mamardashvili,GK,Liverpool,0.5,0,0,0,0,0,0.0,0,367,0.00,0.00,0.00,0.00,65,0,0,0.0,0.0,2025-10-04T16:30:00Z,0,False,7,0,0,0,0,0,7,0,73644,0,0,,,0.0,0,28770,33466,4696,43,False,0
Rodrigo Muniz Carvalho,FWD,Fulham,0.0,0,0,0,0,0,0.0,0,338,0.00,0.00,0.00,0.00,63,0,0,0.0,0.0,2025-10-03T19:00:00Z,0,False,4,0,0,0,0,0,7,0,227020,0,0,1,3,0.0,0,-67116,4764,71880,55,False,0
Dominic Calvert-Lewin,FWD,Leeds,3.3,0,0,0,0,0,0.0,0,691,0.00,0.00,0.00,0.00,67,0,0,0.0,0.0,2025-10-04T11:30:00Z,0,False,18,0,0,0,0,0,7,0,125301,0,0,,,0.0,0,30712,49428,18716,55,True,0
Stephen Mfuni,DEF,Man City,0.5,0,0,0,0,0,0.0,0,740,0.00,0.00,0.00,0.00,64,0,0,0.0,0.0,2025-10-05T15:30:00Z,0,False,5,0,0,0,0,0,7,0,2125,0,0,,,0.0,0,37,229,192,40,False,0
Guido Rodríguez,MID,West Ham,-0.5,0,0,0,0,0,0.0,0,618,0.00,0.00,0.00,0.00,61,0,0,0.0,0.0,2025-10-04T14:00:00Z,0,False,1,0,0,0,0,0,7,0,5601,0,0,,,0.0,0,-130,107,237,49,False,0
Hugo Bueno López,DEF,Wolves,1.8,0,0,0,0,0,0.0,0,633,0.00,0.00,0.00,0.00,70,0,0,0.0,0.0,2025-10-05T13:00:00Z,0,False,6,0,0,0,0,0,7,0,8916,0,0,,,0.0,0,528,962,434,44,True,0
Jorrel Hato,DEF,Chelsea,0.0,0,0,0,0,0,0.0,0,672,0.00,0.00,0.00,0.00,65,0,0,0.0,0.0,2025-10-04T16:30:00Z,0,False,12,0,0,0,0,0,7,0,23073,0,0,,,0.0,0,-636,753,1389,48,True,0
Remi Matthews,GK,Crystal Palace,0.0,0,0,0,0,0,0.0,0,255,0.00,0.00,0.00,0.00,66,0,0,0.0,0.0,2025-10-05T13:00:00Z,0,False,9,0,0,0,0,0,7,0,12885,0,0,,,0.0,0,-415,274,689,40,False,0
Mateo Kovačić,MID,Man City,0.5,0,0,0,0,0,0.0,0,422,0.00,0.00,0.00,0.00,64,0,0,0.0,0.0,2025-10-05T15:30:00Z,0,False,5,0,0,0,0,0,7,0,1903,0,0,,,0.0,0,362,463,101,59,False,0
Omari Hutchinson,MID,Nott'm Forest,-0.3,0,0,0,0,0,0.0,0,693,0.00,0.00,0.00,0.00,69,0,0,0.0,0.0,2025-10-05T13:00:00Z,0,False,15,0,0,0,0,0,7,0,3254,0,0,,,0.0,0,-80,240,320,55,False,0
Zach Marsh,FWD,Crystal Palace,0.0,0,0,0,0,0,0.0,0,286,0.00,0.00,0.00,0.00,66,0,0,0.0,0.0,2025-10-05T13:00:00Z,0,False,9,0,0,0,0,0,7,0,36900,0,0,,,0.0,0,8,3687,3679,45,False,0
Son Heung-min,MID,Spurs,0.0,0,0,0,0,0,0.0,0,579,0.00,0.00,0.00,0.00,67,0,0,0.0,0.0,2025-10-04T11:30:00Z,0,False,11,0,0,0,0,0,7,0,16642,0,0,,,0.0,0,-273,0,273,85,False,0
Trai Hume,DEF,Sunderland,3.5,0,0,0,0,0,0.0,0,532,0.00,0.00,0.00,0.00,68,0,0,0.0,0.0,2025-10-04T14:00:00Z,0,False,14,0,0,0,0,0,7,0,35892,0,0,,,0.0,0,4254,6242,1988,45,False,0
Leander Dendoncker,MID,Aston Villa,0.0,0,0,0,0,0,0.0,0,61,0.00,0.00,0.00,0.00,62,0,0,0.0,0.0,2025-10-05T13:00:00Z,0,False,3,0,0,0,0,0,7,0,14242,0,0,,,0.0,0,-1105,0,1105,45,True,0
Alejandro Garnacho Ferreyra,MID,Chelsea,-0.3,0,0,0,0,0,0.0,0,453,0.00,0.00,0.00,0.00,65,0,0,0.0,0.0,2025-10-04T16:30:00Z,0,False,12,0,0,0,0,0,7,0,34732,0,0,,,0.0,0,-3280,1454,4734,64,True,0
El Hadji Malick Diouf,DEF,West Ham,1.7,0,0,0,0,0,0.0,0,603,0.00,0.00,0.00,0.00,61,0,0,0.0,0.0,2025-10-04T14:00:00Z,0,False,1,0,0,0,0,0,7,0,441606,0,0,,,0.0,0,-18661,24926,43587,44,False,0
Jack Hinshelwood,MID,Brighton,0.0,0,0,0,0,0,0.0,0,163,0.00,0.00,0.00,0.00,70,0,0,0.0,0.0,2025-10-05T13:00:00Z,0,False,20,0,0,0,0,0,7,0,4470,0,0,,,0.0,0,-640,13,653,52,False,0
Pascal Struijk,DEF,Leeds,1.7,0,0,0,0,0,0.0,0,343,0.00,0.00,0.00,0.00,67,0,0,0.0,0.0,2025-10-04T11:30:00Z,0,False,18,0,0,0,0,0,7,0,46492,0,0,,,0.0,0,193,3820,3627,45,True,0
Nico O'Reilly,DEF,Man City,4.0,0,0,0,0,0,0.0,0,411,0.00,0.00,0.00,0.00,64,0,0,0.0,0.0,2025-10-05T15:30:00Z,0,False,5,0,0,0,0,0,7,0,78078,0,0,,,0.0,0,8412,15334,6922,49,False,0
Alex Cairns,GK,Leeds,-0.5,0,0,0,0,0,0.0,0,340,0.00,0.00,0.00,0.00,67,0,0,0.0,0.0,2025-10-04T11:30:00Z,0,False,18,0,0,0,0,0,7,0,21296,0,0,,,0.0,0,-507,402,909,40,True,0
Ethan Pinnock,DEF,Brentford,-0.5,0,0,0,0,0,0.0,0,111,0.00,0.00,0.00,0.00,64,0,0,0.0,0.0,2025-10-05T15:30:00Z,0,False,13,0,0,0,0,0,7,0,15900,0,0,,,0.0,0,-997,417,1414,44,True,0
Florian Wirtz,MID,Liverpool,1.7,0,0,0,0,0,0.0,0,382,0.00,0.00,0.00,0.00,65,0,0,0.0,0.0,2025-10-04T16:30:00Z,0,False,7,0,0,0,0,0,7,0,1172817,0,0,,,0.0,0,-215217,12120,227337,82,False,0
Leon Bailey,MID,Aston Villa,0.0,0,0,0,0,0,0.0,0,49,0.00,0.00,0.00,0.00,62,0,0,0.0,0.0,2025-10-05T13:00:00Z,0,False,3,0,0,0,0,0,7,0,11718,0,0,,,0.0,0,-662,0,662,55,True,0
Jarrod Bowen,FWD,West Ham,4.5,0,0,0,0,0,0.0,0,624,0.00,0.00,0.00,0.00,61,0,0,0.0,0.0,2025-10-04T14:00:00Z,0,False,1,0,0,0,0,0,7,0,776123,0,0,,,0.0,0,7495,80293,72798,77,False,0
Callum Olusesi,MID,Spurs,0.5,0,0,0,0,0,0.0,0,595,0.00,0.00,0.00,0.00,67,0,0,0.0,0.0,2025-10-04T11:30:00Z,0,False,11,0,0,0,0,0,7,0,26084,0,0,,,0.0,0,-461,1131,1592,44,False,0
Lewis Dunk,DEF,Brighton,1.5,0,0,0,0,0,0.0,0,146,0.00,0.00,0.00,0.00,70,0,0,0.0,0.0,2025-10-05T13:00:00Z,0,False,20,0,0,0,0,0,7,0,142512,0,0,,,0.0,0,391,8982,8591,45,False,0
Tyler Adams,MID,Bournemouth,2.0,0,0,14,0,3,4.7,9,85,0.03,0.05,0.02,0.65,63,1,0,2.3,11.0,2025-10-03T19:00:00Z,77,False,10,0,0,0,6,0,7,0,48323,1,0,1,3,7.0,2,-360,3683,4043,50,True,0
Ibrahima Konaté,DEF,Liverpool,4.5,0,0,0,0,0,0.0,0,374,0.00,0.00,0.00,0.00,65,0,0,0.0,0.0,2025-10-04T16:30:00Z,0,False,7,0,0,0,0,0,7,0,422137,0,0,,,0.0,0,-5592,27165,32757,55,False,0
Dilane Bakwa,MID,Nott'm Forest,0.5,0,0,0,0,0,0.0,0,734,0.00,0.00,0.00,0.00,69,0,0,0.0,0.0,2025-10-05T13:00:00Z,0,False,15,0,0,0,0,0,7,0,1922,0,0,,,0.0,0,-112,272,384,60,False,0
Robert Lynch Sánchez,GK,Chelsea,-0.5,0,0,0,0,0,0.0,0,220,0.00,0.00,0.00,0.00,65,0,0,0.0,0.0,2025-10-04T16:30:00Z,0,False,12,0,0,0,0,0,7,0,1825464,0,0,,,0.0,0,-220549,11248,231797,49,True,0
Luís Hemir Silva Semedo,FWD,Sunderland,0.0,0,0,0,0,0,0.0,0,563,0.00,0.00,0.00,0.00,68,0,0,0.0,0.0,2025-10-04T14:00:00Z,0,False,14,0,0,0,0,0,7,0,16217,0,0,,,0.0,0,-1689,0,1689,44,False,0
Jack Harrison,MID,Leeds,0.3,0,0,0,0,0,0.0,0,352,0.00,0.00,0.00,0.00,67,0,0,0.0,0.0,2025-10-04T11:30:00Z,0,False,18,0,0,0,0,0,7,0,7796,0,0,,,0.0,0,-551,218,769,53,True,0
Giovanni Leoni,DEF,Liverpool,0.0,0,0,0,0,0,0.0,0,692,0.00,0.00,0.00,0.00,65,0,0,0.0,0.0,2025-10-04T16:30:00Z,0,False,7,0,0,0,0,0,7,0,1917,0,0,,,0.0,0,-187,40,227,50,False,0
James McConnell,MID,Liverpool,0.0,0,0,0,0,0,0.0,0,394,0.00,0.00,0.00,0.00,65,0,0,0.0,0.0,2025-10-04T16:30:00Z,0,False,7,0,0,0,0,0,7,0,3601,0,0,,,0.0,0,-381,0,381,44,False,0
Amine Adli,MID,Bournemouth,0.8,0,0,0,0,0,0.0,0,697,0.00,0.00,0.00,0.00,63,0,0,0.0,0.0,2025-10-03T19:00:00Z,0,False,10,0,0,0,0,0,7,0,4053,0,0,1,3,0.0,0,55,462,407,55,True,0
João Pedro Ferreira da Silva,MID,Nott'm Forest,0.0,0,0,0,0,0,0.0,0,518,0.00,0.00,0.00,0.00,69,0,0,0.0,0.0,2025-10-05T13:00:00Z,0,False,15,0,0,0,0,0,7,0,6127,0,0,,,0.0,0,-421,0,421,54,False,0
Emiliano Martínez Romero,GK,Aston Villa,2.6,0,0,0,0,0,0.0,0,32,0.00,0.00,0.00,0.00,62,0,0,0.0,0.0,2025-10-05T13:00:00Z,0,False,3,0,0,0,0,0,7,0,267044,0,0,,,0.0,0,3927,23536,19609,50,True,0
Chris Rigg,MID,Sunderland,0.3,0,0,0,0,0,0.0,0,551,0.00,0.00,0.00,0.00,68,0,0,0.0,0.0,2025-10-04T14:00:00Z,0,False,14,0,0,0,0,0,7,0,5935,0,0,,,0.0,0,420,803,383,48,False,0
Maxwel Cornet,MID,West Ham,0.0,0,0,0,0,0,0.0,0,617,0.00,0.00,0.00,0.00,61,0,0,0.0,0.0,2025-10-04T14:00:00Z,0,False,1,0,0,0,0,0,7,0,2364,0,0,,,0.0,0,-116,0,116,49,False,0
Jan Paul van Hecke,DEF,Brighton,1.8,0,0,0,0,0,0.0,0,151,0.00,0.00,0.00,0.00,70,0,0,0.0,0.0,2025-10-05T13:00:00Z,0,False,20,0,0,0,0,0,7,0,100751,0,0,,,0.0,0,-414,5798,6212,44,False,0
Borna Sosa,DEF,Crystal Palace,0.0,0,0,0,0,0,0.0,0,259,0.00,0.00,0.00,0.00,66,0,0,0.0,0.0,2025-10-05T13:00:00Z,0,False,9,0,0,0,0,0,7,0,14707,0,0,,,0.0,0,-94,789,883,49,False,0
Oluwaseun Adewumi,MID,Burnley,0.0,0,0,0,0,0,0.0,0,212,0.00,0.00,0.00,0.00,62,0,0,0.0,0.0,2025-10-05T13:00:00Z,0,False,2,0,0,0,0,0,7,0,1182,0,0,,,0.0,0,-83,0,83,45,False,0
Dennis Cirkin,DEF,Sunderland,0.0,0,0,0,0,0,0.0,0,535,0.00,0.00,0.00,0.00,68,0,0,0.0,0.0,2025-10-04T14:00:00Z,0,False,14,0,0,0,0,0,7,0,1743,0,0,,,0.0,0,-83,33,116,40,False,0
Ismeal Kabia,MID,Arsenal,0.0,0,0,0,0,0,0.0,0,28,0.00,0.00,0.00,0.00,61,0,0,0.0,0.0,2025-10-04T14:00:00Z,0,False,19,0,0,0,0,0,7,0,18099,0,0,,,0.0,0,-1481,0,1481,45,True,0
Gustavo Nunes Fernandes Gomes,MID,Brentford,-0.2,0,0,0,0,0,0.0,0,127,0.00,0.00,0.00,0.00,64,0,0,0.0,0.0,2025-10-05T15:30:00Z,0,False,13,0,0,0,0,0,7,0,717,0,0,,,0.0,0,-26,6,32,49,True,0
Niall Huggins,DEF,Sunderland,0.0,0,0,0,0,0,0.0,0,537,0.00,0.00,0.00,0.00,68,0,0,0.0,0.0,2025-10-04T14:00:00Z,0,False,14,0,0,0,0,0,7,0,12448,0,0,,,0.0,0,-808,0,808,40,False,0
Emerson Palmieri dos Santos,DEF,West Ham,0.0,0,0,0,0,0,0.0,0,604,0.00,0.00,0.00,0.00,61,0,0,0.0,0.0,2025-10-04T14:00:00Z,0,False,1,0,0,0,0,0,7,0,9338,0,0,,,0.0,0,-809,0,809,44,False,0
Yves Bissouma,MID,Spurs,0.2,0,0,0,0,0,0.0,0,587,0.00,0.00,0.00,0.00,67,0,0,0.0,0.0,2025-10-04T11:30:00Z,0,False,11,0,0,0,0,0,7,0,5685,0,0,,,0.0,0,-219,63,282,52,False,0
Will Lankshear,FWD,Spurs,0.0,0,0,0,0,0,0.0,0,598,0.00,0.00,0.00,0.00,67,0,0,0.0,0.0,2025-10-04T11:30:00Z,0,False,11,0,0,0,0,0,7,0,3451,0,0,,,0.0,0,-138,0,138,45,False,0
Jordan Beyer,DEF,Burnley,0.0,0,0,0,0,0,0.0,0,194,0.00,0.00,0.00,0.00,62,0,0,0.0,0.0,2025-10-05T13:00:00Z,0,False,2,0,0,0,0,0,7,0,10325,0,0,,,0.0,0,-541,64,605,40,False,0
Robin Roefs,GK,Sunderland,5.0,0,0,0,0,0,0.0,0,670,0.00,0.00,0.00,0.00,68,0,0,0.0,0.0,2025-10-04T14:00:00Z,0,False,14,0,0,0,0,0,7,0,528228,0,0,,,0.0,0,184476,199929,15453,46,False,0
Isaac Hayden,MID,Newcastle,0.0,0,0,0,0,0,0.0,0,495,0.00,0.00,0.00,0.00,69,0,0,0.0,0.0,2025-10-05T13:00:00Z,0,False,16,0,0,0,0,0,7,0,1018,0,0,,,0.0,0,-33,0,33,45,True,0
Joe Worrall,DEF,Burnley,-0.3,0,0,0,0,0,0.0,0,199,0.00,0.00,0.00,0.00,62,0,0,0.0,0.0,2025-10-05T13:00:00Z,0,False,2,0,0,0,0,0,7,0,22460,0,0,,,0.0,0,5091,6345,1254,39,False,0
David Raya Martín,GK,Arsenal,3.0,0,0,0,0,0,0.0,0,1,0.00,0.00,0.00,0.00,61,0,0,0.0,0.0,2025-10-04T14:00:00Z,0,False,19,0,0,0,0,0,7,0,3297838,0,0,,,0.0,0,212315,287510,75195,56,True,0
Eliezer Mayenda Dossou,FWD,Sunderland,-0.3,0,0,0,0,0,0.0,0,561,0.00,0.00,0.00,0.00,68,0,0,0.0,0.0,2025-10-04T14:00:00Z,0,False,14,0,0,0,0,0,7,0,116365,0,0,,,0.0,0,-17635,2165,19800,55,False,0
Tom King,GK,Everton,0.0,0,0,0,0,0,0.0,0,630,0.00,0.00,0.00,0.00,66,0,0,0.0,0.0,2025-10-05T13:00:00Z,0,False,8,0,0,0,0,0,7,0,146107,0,0,,,0.0,0,-4233,529,4762,40,True,0
Alphonse Areola,GK,West Ham,0.5,0,0,0,0,0,0.0,0,600,0.00,0.00,0.00,0.00,61,0,0,0.0,0.0,2025-10-04T14:00:00Z,0,False,1,0,0,0,0,0,7,0,269889,0,0,,,0.0,0,-12413,5731,18144,43,False,0
Mark Gillespie,GK,Newcastle,0.5,0,0,0,0,0,0.0,0,471,0.00,0.00,0.00,0.00,69,0,0,0.0,0.0,2025-10-05T13:00:00Z,0,False,16,0,0,0,0,0,7,0,17028,0,0,,,0.0,0,-370,191,561,40,True,0
Harvey Barnes,MID,Newcastle,1.7,0,0,0,0,0,0.0,0,487,0.00,0.00,0.00,0.00,69,0,0,0.0,0.0,2025-10-05T13:00:00Z,0,False,16,0,0,0,0,0,7,0,60437,0,0,,,0.0,0,-10739,1648,12387,65,True,0
Anthony Patterson,GK,Sunderland,-0.5,0,0,0,0,0,0.0,0,528,0.00,0.00,0.00,0.00,68,0,0,0.0,0.0,2025-10-04T14:00:00Z,0,False,14,0,0,0,0,0,7,0,25455,0,0,,,0.0,0,-1178,433,1611,44,False,0
Tom Heaton,GK,Man Utd,0.5,0,0,0,0,0,0.0,0,434,0.00,0.00,0.00,0.00,68,0,0,0.0,0.0,2025-10-04T14:00:00Z,0,False,17,0,0,0,0,0,7,0,33107,0,0,,,0.0,0,-925,272,1197,40,True,0
Mamadou Sarr,DEF,Chelsea,0.0,0,0,0,0,0,0.0,0,231,0.00,0.00,0.00,0.00,65,0,0,0.0,0.0,2025-10-04T16:30:00Z,0,False,12,0,0,0,0,0,7,0,1025,0,0,,,0.0,0,-44,0,44,45,True,0
Dominic Solanke-Mitchell,FWD,Spurs,0.0,0,0,0,0,0,0.0,0,596,0.00,0.00,0.00,0.00,67,0,0,0.0,0.0,2025-10-04T11:30:00Z,0,False,11,0,0,0,0,0,7,0,132499,0,0,,,0.0,0,-9913,147,10060,72,False,0
Norberto Murara Neto,GK,Bournemouth,0.0,0,0,0,0,0,0.0,0,66,0.00,0.00,0.00,0.00,63,0,0,0.0,0.0,2025-10-03T19:00:00Z,0,False,10,0,0,0,0,0,7,0,10326,0,0,1,3,0.0,0,-669,0,669,45,True,0
Charlie Tasker,DEF,Brighton,0.0,0,0,0,0,0,0.0,0,156,0.00,0.00,0.00,0.00,70,0,0,0.0,0.0,2025-10-05T13:00:00Z,0,False,20,0,0,0,0,0,7,0,17680,0,0,,,0.0,0,-97,829,926,39,False,0
Julián Araujo Zúñiga,DEF,Bournemouth,0.0,0,0,0,0,0,0.0,0,78,0.00,0.00,0.00,0.00,63,0,0,0.0,0.0,2025-10-03T19:00:00Z,0,False,10,0,0,0,0,0,7,0,94993,0,0,1,3,0.0,0,-5310,1058,6368,40,True,0
Myles Peart-Harris,MID,Brentford,-0.5,0,0,0,0,0,0.0,0,133,0.00,0.00,0.00,0.00,64,0,0,0.0,0.0,2025-10-05T15:30:00Z,0,False,13,0,0,0,0,0,7,0,4486,0,0,,,0.0,0,-94,242,336,45,True,0
Jenson Metcalfe,MID,Everton,0.0,0,0,0,0,0,0.0,0,309,0.00,0.00,0.00,0.00,66,0,0,0.0,0.0,2025-10-05T13:00:00Z,0,False,8,0,0,0,0,0,7,0,106,0,0,,,0.0,0,-3,0,3,45,True,0
Álex Moreno Lopera,DEF,Aston Villa,0.0,0,0,0,0,0,0.0,0,43,0.00,0.00,0.00,0.00,62,0,0,0.0,0.0,2025-10-05T13:00:00Z,0,False,3,0,0,0,0,0,7,0,377781,0,0,,,0.0,0,-42441,0,42441,40,True,0
Hákon Rafn Valdimarsson,GK,Brentford,-0.5,0,0,0,0,0,0.0,0,105,0.00,0.00,0.00,0.00,64,0,0,0.0,0.0,2025-10-05T15:30:00Z,0,False,13,0,0,0,0,0,7,0,79595,0,0,,,0.0,0,-3832,272,4104,40,True,0
Gianluigi Donnarumma,GK,Man City,2.7,0,0,0,0,0,0.0,0,736,0.00,0.00,0.00,0.00,64,0,0,0.0,0.0,2025-10-05T15:30:00Z,0,False,5,0,0,0,0,0,7,0,1022288,0,0,,,0.0,0,96091,149974,53883,56,False,0
Georginio Rutter,MID,Brighton,2.0,0,0,0,0,0,0.0,0,158,0.00,0.00,0.00,0.00,70,0,0,0.0,0.0,2025-10-05T13:00:00Z,0,False,20,0,0,0,0,0,7,0,53682,0,0,,,0.0,0,-3882,2979,6861,58,False,0
Yang Min-hyeok,MID,Spurs,0.0,0,0,0,0,0,0.0,0,594,0.00,0.00,0.00,0.00,67,0,0,0.0,0.0,2025-10-04T11:30:00Z,0,False,11,0,0,0,0,0,7,0,1785,0,0,,,0.0,0,-66,0,66,45,False,0
Carlos Miguel dos Santos Pereira,GK,Nott'm Forest,0.0,0,0,0,0,0,0.0,0,503,0.00,0.00,0.00,0.00,69,0,0,0.0,0.0,2025-10-05T13:00:00Z,0,False,15,0,0,0,0,0,7,0,12077,0,0,,,0.0,0,-738,0,738,40,False,0
Rhys Williams,DEF,Liverpool,0.5,0,0,0,0,0,0.0,0,379,0.00,0.00,0.00,0.00,65,0,0,0.0,0.0,2025-10-04T16:30:00Z,0,False,7,0,0,0,0,0,7,0,23229,0,0,,,0.0,0,-664,437,1101,39,False,0
Axel Tuanzebe,DEF,Burnley,-0.5,0,0,0,0,0,0.0,0,198,0.00,0.00,0.00,0.00,62,0,0,0.0,0.0,2025-10-05T13:00:00Z,0,False,2,0,0,0,0,0,7,0,218661,0,0,,,0.0,0,-7976,5438,13414,39,False,0
Tom McGill,GK,Brighton,0.0,0,0,0,0,0,0.0,0,140,0.00,0.00,0.00,0.00,70,0,0,0.0,0.0,2025-10-05T13:00:00Z,0,False,20,0,0,0,0,0,7,0,42769,0,0,,,0.0,0,-1200,658,1858,40,False,0
Maldini Kacurri,DEF,Arsenal,0.0,0,0,0,0,0,0.0,0,14,0.00,0.00,0.00,0.00,61,0,0,0.0,0.0,2025-10-04T14:00:00Z,0,False,19,0,0,0,0,0,7,0,19705,0,0,,,0.0,0,-2272,0,2272,39,True,0
Lucas Estella Perri,GK,Leeds,0.0,0,0,0,0,0,0.0,0,665,0.00,0.00,0.00,0.00,67,0,0,0.0,0.0,2025-10-04T11:30:00Z,0,False,18,0,0,0,0,0,7,0,30887,0,0,,,0.0,0,-3229,191,3420,45,True,0
Xavi Simons,MID,Spurs,2.5,0,0,0,0,0,0.0,0,717,0.00,0.00,0.00,0.00,67,0,0,0.0,0.0,2025-10-04T11:30:00Z,0,False,11,0,0,0,0,0,7,0,424965,0,0,,,0.0,0,-47668,33152,80820,71,False,0
Luis Sinisterra Lucumí,MID,Bournemouth,0.0,0,0,0,0,0,0.0,0,91,0.00,0.00,0.00,0.00,63,0,0,0.0,0.0,2025-10-03T19:00:00Z,0,False,10,0,0,0,0,0,7,0,1618,0,0,1,3,0.0,0,-71,0,71,50,True,0
Wilson Isidor,FWD,Sunderland,2.7,0,0,0,0,0,0.0,0,560,0.00,0.00,0.00,0.00,68,0,0,0.0,0.0,2025-10-04T14:00:00Z,0,False,14,0,0,0,0,0,7,0,386166,0,0,,,0.0,0,67164,106815,39651,56,False,0
Jeremie Frimpong,DEF,Liverpool,1.7,0,0,0,0,0,0.0,0,370,0.00,0.00,0.00,0.00,65,0,0,0.0,0.0,2025-10-04T16:30:00Z,0,False,7,0,0,0,0,0,7,0,915360,0,0,,,0.0,0,-73945,12432,86377,59,False,0
Ross Barkley,MID,Aston Villa,0.0,0,0,0,0,0,0.0,0,55,0.00,0.00,0.00,0.00,62,0,0,0.0,0.0,2025-10-05T13:00:00Z,0,False,3,0,0,0,0,0,7,0,4060,0,0,,,0.0,0,-254,22,276,48,True,0
Habib Diarra,MID,Sunderland,0.0,0,0,0,0,0,0.0,0,544,0.00,0.00,0.00,0.00,68,0,0,0.0,0.0,2025-10-04T14:00:00Z,0,False,14,0,0,0,0,0,7,0,7143,0,0,,,0.0,0,-1874,48,1922,54,False,0
Nico González Iglesias,MID,Man City,1.5,0,0,0,0,0,0.0,0,423,0.00,0.00,0.00,0.00,64,0,0,0.0,0.0,2025-10-05T15:30:00Z,0,False,5,0,0,0,0,0,7,0,10576,0,0,,,0.0,0,-256,472,728,59,False,0
Nicolas Jackson,FWD,Chelsea,0.0,0,0,0,0,0,0.0,0,251,0.00,0.00,0.00,0.00,65,0,0,0.0,0.0,2025-10-04T16:30:00Z,0,False,12,0,0,0,0,0,7,0,10554,0,0,,,0.0,0,-355,0,355,65,True,0
Enock Agyei,MID,Burnley,-0.5,0,0,0,0,0,0.0,0,203,0.00,0.00,0.00,0.00,62,0,0,0.0,0.0,2025-10-05T13:00:00Z,0,False,2,0,0,0,0,0,7,0,5244,0,0,,,0.0,0,-148,151,299,48,False,0
Marko Stamenić,MID,Nott'm Forest,0.0,0,0,0,0,0,0.0,0,524,0.00,0.00,0.00,0.00,69,0,0,0.0,0.0,2025-10-05T13:00:00Z,0,False,15,0,0,0,0,0,7,0,2928,0,0,,,0.0,0,-160,0,160,45,False,0
Douglas Luiz Soares de Paulo,MID,Nott'm Forest,0.0,0,0,0,0,0,0.0,0,699,0.00,0.00,0.00,0.00,69,0,0,0.0,0.0,2025-10-05T13:00:00Z,0,False,15,0,0,0,0,0,7,0,6337,0,0,,,0.0,0,-1772,34,1806,50,False,0
Felipe Rodrigues da Silva,DEF,Nott'm Forest,0.5,0,0,0,0,0,0.0,0,511,0.00,0.00,0.00,0.00,69,0,0,0.0,0.0,2025-10-05T13:00:00Z,0,False,15,0,0,0,0,0,7,0,9893,0,0,,,0.0,0,-483,179,662,44,False,0
James Maddison,MID,Spurs,0.0,0,0,0,0,0,0.0,0,581,0.00,0.00,0.00,0.00,67,0,0,0.0,0.0,2025-10-04T11:30:00Z,0,False,11,0,0,0,0,0,7,0,16190,0,0,,,0.0,0,-345,72,417,69,False,0
Noni Madueke,MID,Arsenal,0.0,0,0,0,0,0,0.0,0,18,0.00,0.00,0.00,0.00,61,0,0,0.0,0.0,2025-10-04T14:00:00Z,0,False,19,0,0,0,0,0,7,0,100197,0,0,,,0.0,0,-31901,206,32107,69,True,0
Julian Eyestone,GK,Brentford,-0.5,0,0,0,0,0,0.0,0,104,0.00,0.00,0.00,0.00,64,0,0,0.0,0.0,2025-10-05T15:30:00Z,0,False,13,0,0,0,0,0,7,0,8531,0,0,,,0.0,0,-200,109,309,40,True,0
Christian Nørgaard,MID,Arsenal,0.5,0,0,0,0,0,0.0,0,24,0.00,0.00,0.00,0.00,61,0,0,0.0,0.0,2025-10-04T14:00:00Z,0,False,19,0,0,0,0,0,7,0,19667,0,0,,,0.0,0,-1062,460,1522,53,True,0
Ezri Konsa Ngoyo,DEF,Aston Villa,3.0,0,0,0,0,0,0.0,0,38,0.00,0.00,0.00,0.00,62,0,0,0.0,0.0,2025-10-05T13:00:00Z,0,False,3,0,0,0,0,0,7,0,1313722,0,0,,,0.0,0,-68096,21254,89350,45,True,0
Amadou Onana,MID,Aston Villa,0.0,0,0,0,0,0,0.0,0,59,0.00,0.00,0.00,0.00,62,0,0,0.0,0.0,2025-10-05T13:00:00Z,0,False,3,0,0,0,0,0,7,0,73767,0,0,,,0.0,0,-8528,53,8581,49,True,0
Wilfried Gnonto,MID,Leeds,0.0,0,0,0,0,0,0.0,0,351,0.00,0.00,0.00,0.00,67,0,0,0.0,0.0,2025-10-04T11:30:00Z,0,False,18,0,0,0,0,0,7,0,13622,0,0,,,0.0,0,-2476,34,2510,52,True,0
Dan Neil,MID,Sunderland,-0.3,0,0,0,0,0,0.0,0,549,0.00,0.00,0.00,0.00,68,0,0,0.0,0.0,2025-10-04T14:00:00Z,0,False,14,0,0,0,0,0,7,0,3647,0,0,,,0.0,0,-74,95,169,49,False,0
Aaron Wan-Bissaka,DEF,West Ham,-0.5,0,0,0,0,0,0.0,0,610,0.00,0.00,0.00,0.00,61,0,0,0.0,0.0,2025-10-04T14:00:00Z,0,False,1,0,0,0,0,0,7,0,841458,0,0,,,0.0,0,-138747,1783,140530,43,False,0
Konstantinos Mavropanos,DEF,West Ham,1.3,0,0,0,0,0,0.0,0,606,0.00,0.00,0.00,0.00,61,0,0,0.0,0.0,2025-10-04T14:00:00Z,0,False,1,0,0,0,0,0,7,0,8001,0,0,,,0.0,0,272,813,541,44,False,0
Nicolás Domínguez,MID,Nott'm Forest,-0.5,0,0,0,0,0,0.0,0,519,0.00,0.00,0.00,0.00,69,0,0,0.0,0.0,2025-10-05T13:00:00Z,0,False,15,0,0,0,0,0,7,0,579,0,0,,,0.0,0,69,126,57,50,False,0
Simon Moore,GK,Sunderland,-0.5,0,0,0,0,0,0.0,0,529,0.00,0.00,0.00,0.00,68,0,0,0.0,0.0,2025-10-04T14:00:00Z,0,False,14,0,0,0,0,0,7,0,49735,0,0,,,0.0,0,-1320,637,1957,40,False,0
Ki-Jana Hoever,DEF,Wolves,0.0,0,0,0,0,0,0.0,0,638,0.00,0.00,0.00,0.00,70,0,0,0.0,0.0,2025-10-05T13:00:00Z,0,False,6,0,0,0,0,0,7,0,132101,0,0,,,0.0,0,-9073,495,9568,40,True,0
Konstantinos Tsimikas,DEF,Liverpool,0.0,0,0,0,0,0,0.0,0,377,0.00,0.00,0.00,0.00,65,0,0,0.0,0.0,2025-10-04T16:30:00Z,0,False,7,0,0,0,0,0,7,0,8185,0,0,,,0.0,0,-1045,0,1045,48,False,0
Freddie Potts,MID,West Ham,-0.3,0,0,0,0,0,0.0,0,623,0.00,0.00,0.00,0.00,61,0,0,0.0,0.0,2025-10-04T14:00:00Z,0,False,1,0,0,0,0,0,7,0,85190,0,0,,,0.0,0,-1848,4602,6450,44,False,0
Cristian Romero,DEF,Spurs,4.5,0,0,0,0,0,0.0,0,569,0.00,0.00,0.00,0.00,67,0,0,0.0,0.0,2025-10-04T11:30:00Z,0,False,11,0,0,0,0,0,7,0,918714,0,0,,,0.0,0,17076,67181,50105,51,False,0
Jordan Pickford,GK,Everton,2.2,0,0,0,0,0,0.0,0,287,0.00,0.00,0.00,0.00,66,0,0,0.0,0.0,2025-10-05T13:00:00Z,0,False,8,0,0,0,0,0,7,0,1296922,0,0,,,0.0,0,-43292,17512,60804,55,True,0
Pape Matar Sarr,MID,Spurs,3.5,0,0,0,0,0,0.0,0,593,0.00,0.00,0.00,0.00,67,0,0,0.0,0.0,2025-10-04T11:30:00Z,0,False,11,0,0,0,0,0,7,0,295127,0,0,,,0.0,0,-14249,15778,30027,50,False,0
Marcus Edwards,MID,Burnley,-0.5,0,0,0,0,0,0.0,0,206,0.00,0.00,0.00,0.00,62,0,0,0.0,0.0,2025-10-05T13:00:00Z,0,False,2,0,0,0,0,0,7,0,7202,0,0,,,0.0,0,-400,271,671,48,False,0
Ollie Scarles,DEF,West Ham,-0.5,0,0,0,0,0,0.0,0,608,0.00,0.00,0.00,0.00,61,0,0,0.0,0.0,2025-10-04T14:00:00Z,0,False,1,0,0,0,0,0,7,0,4077,0,0,,,0.0,0,7,163,156,44,False,0
Etienne Green,GK,Burnley,0.0,0,0,0,0,0,0.0,0,184,0.00,0.00,0.00,0.00,62,0,0,0.0,0.0,2025-10-05T13:00:00Z,0,False,2,0,0,0,0,0,7,0,33143,0,0,,,0.0,0,-2173,0,2173,40,False,0
Ellery Balcombe,GK,Brentford,-0.5,0,0,0,0,0,0.0,0,102,0.00,0.00,0.00,0.00,64,0,0,0.0,0.0,2025-10-05T15:30:00Z,0,False,13,0,0,0,0,0,7,0,36000,0,0,,,0.0,0,-985,538,1523,40,True,0
Archie Gray,MID,Spurs,0.7,0,0,0,0,0,0.0,0,591,0.00,0.00,0.00,0.00,67,0,0,0.0,0.0,2025-10-04T11:30:00Z,0,False,11,0,0,0,0,0,7,0,13802,0,0,,,0.0,0,-491,397,888,49,False,0
Martin Ødegaard,MID,Arsenal,1.7,0,0,0,0,0,0.0,0,17,0.00,0.00,0.00,0.00,61,0,0,0.0,0.0,2025-10-04T14:00:00Z,0,False,19,0,0,0,0,0,7,0,239807,0,0,,,0.0,0,17816,26642,8826,79,True,0
Iliman Ndiaye,MID,Everton,3.2,0,0,0,0,0,0.0,0,299,0.00,0.00,0.00,0.00,66,0,0,0.0,0.0,2025-10-05T13:00:00Z,0,False,8,0,0,0,0,0,7,0,1312095,0,0,,,0.0,0,-38209,65831,104040,65,True,0
İlkay Gündoğan,MID,Man City,0.0,0,0,0,0,0,0.0,0,420,0.00,0.00,0.00,0.00,64,0,0,0.0,0.0,2025-10-05T15:30:00Z,0,False,5,0,0,0,0,0,7,0,9311,0,0,,,0.0,0,-441,0,441,63,False,0
Jaka Bijol,DEF,Leeds,-0.5,0,0,0,0,0,0.0,0,344,0.00,0.00,0.00,0.00,67,0,0,0.0,0.0,2025-10-04T11:30:00Z,0,False,18,0,0,0,0,0,7,0,15896,0,0,,,0.0,0,-732,1038,1770,39,True,0
Bryan Mbeumo,MID,Man Utd,2.3,0,0,0,0,0,0.0,0,119,0.00,0.00,0.00,0.00,68,0,0,0.0,0.0,2025-10-04T14:00:00Z,0,False,17,0,0,0,0,0,7,0,1777119,0,0,,,0.0,0,-100306,84508,184814,81,True,0
Justin Devenny,MID,Crystal Palace,0.8,0,0,0,0,0,0.0,0,276,0.00,0.00,0.00,0.00,66,0,0,0.0,0.0,2025-10-05T13:00:00Z,0,False,9,0,0,0,0,0,7,0,159145,0,0,,,0.0,0,-4193,8584,12777,45,False,0
Ibrahim Sangaré,MID,Nott'm Forest,0.3,0,0,0,0,0,0.0,0,521,0.00,0.00,0.00,0.00,69,0,0,0.0,0.0,2025-10-05T13:00:00Z,0,False,15,0,0,0,0,0,7,0,7787,0,0,,,0.0,0,-536,170,706,50,False,0
Pedro Cardoso de Lima,DEF,Wolves,0.0,0,0,0,0,0,0.0,0,640,0.00,0.00,0.00,0.00,70,0,0,0.0,0.0,2025-10-05T13:00:00Z,0,False,6,0,0,0,0,0,7,0,70307,0,0,,,0.0,0,-5036,0,5036,40,True,0
Mykhailo Mudryk,MID,Chelsea,0.0,0,0,0,0,0,0.0,0,245,0.00,0.00,0.00,0.00,65,0,0,0.0,0.0,2025-10-04T16:30:00Z,0,False,12,0,0,0,0,0,7,0,921,0,0,,,0.0,0,-11,48,59,50,True,0
Freddie Woodman,GK,Liverpool,0.5,0,0,0,0,0,0.0,0,369,0.00,0.00,0.00,0.00,65,0,0,0.0,0.0,2025-10-04T16:30:00Z,0,False,7,0,0,0,0,0,7,0,20812,0,0,,,0.0,0,5294,6286,992,39,False,0
Solly March,MID,Brighton,0.0,0,0,0,0,0,0.0,0,159,0.00,0.00,0.00,0.00,70,0,0,0.0,0.0,2025-10-05T13:00:00Z,0,False,20,0,0,0,0,0,7,0,902,0,0,,,0.0,0,-89,22,111,58,False,0
Luke Shaw,DEF,Man Utd,1.5,0,0,0,0,0,0.0,0,443,0.00,0.00,0.00,0.00,68,0,0,0.0,0.0,2025-10-04T14:00:00Z,0,False,17,0,0,0,0,0,7,0,37901,0,0,,,0.0,0,-659,2351,3010,45,True,0
Sean Longstaff,MID,Leeds,4.3,0,0,0,0,0,0.0,0,493,0.00,0.00,0.00,0.00,67,0,0,0.0,0.0,2025-10-04T11:30:00Z,0,False,18,0,0,0,0,0,7,0,63378,0,0,,,0.0,0,37213,42410,5197,49,True,0
Ben Broggio,MID,Aston Villa,0.5,0,0,0,0,0,0.0,0,60,0.00,0.00,0.00,0.00,62,0,0,0.0,0.0,2025-10-05T13:00:00Z,0,False,3,0,0,0,0,0,7,0,41258,0,0,,,0.0,0,495,3220,2725,45,True,0
Mikel Merino Zazón,MID,Arsenal,3.0,0,0,0,0,0,0.0,0,22,0.00,0.00,0.00,0.00,61,0,0,0.0,0.0,2025-10-04T14:00:00Z,0,False,19,0,0,0,0,0,7,0,76226,0,0,,,0.0,0,10019,15936,5917,59,True,0
Morgan Gibbs-White,MID,Nott'm Forest,0.7,0,0,0,0,0,0.0,0,515,0.00,0.00,0.00,0.00,69,0,0,0.0,0.0,2025-10-05T13:00:00Z,0,False,15,0,0,0,0,0,7,0,457073,0,0,,,0.0,0,-96321,4634,100955,74,False,0
Martín Zubimendi Ibáñez,MID,Arsenal,5.5,0,0,0,0,0,0.0,0,26,0.00,0.00,0.00,0.00,61,0,0,0.0,0.0,2025-10-04T14:00:00Z,0,False,19,0,0,0,0,0,7,0,544196,0,0,,,0.0,0,28817,75192,46375,55,True,0
Lesley Ugochukwu,MID,Burnley,-0.5,0,0,0,0,0,0.0,0,676,0.00,0.00,0.00,0.00,62,0,0,0.0,0.0,2025-10-05T13:00:00Z,0,False,2,0,0,0,0,0,7,0,4293,0,0,,,0.0,0,-92,132,224,50,False,0
Charalampos Kostoulas,FWD,Brighton,0.0,0,0,0,0,0,0.0,0,181,0.00,0.00,0.00,0.00,70,0,0,0.0,0.0,2025-10-05T13:00:00Z,0,False,20,0,0,0,0,0,7,0,36507,0,0,,,0.0,0,-1538,1654,3192,49,False,0
Ian Maatsen,DEF,Aston Villa,0.5,0,0,0,0,0,0.0,0,39,0.00,0.00,0.00,0.00,62,0,0,0.0,0.0,2025-10-05T13:00:00Z,0,False,3,0,0,0,0,0,7,0,61839,0,0,,,0.0,0,-2890,1726,4616,43,True,0
Lewis Orford,MID,West Ham,0.0,0,0,0,0,0,0.0,0,622,0.00,0.00,0.00,0.00,61,0,0,0.0,0.0,2025-10-04T14:00:00Z,0,False,1,0,0,0,0,0,7,0,9435,0,0,,,0.0,0,-552,0,552,44,False,0
Taiwo Awoniyi,FWD,Nott'm Forest,-0.5,0,0,0,0,0,0.0,0,527,0.00,0.00,0.00,0.00,69,0,0,0.0,0.0,2025-10-05T13:00:00Z,0,False,15,0,0,0,0,0,7,0,48240,0,0,,,0.0,0,-3281,1392,4673,53,False,0
Adam Smith,DEF,Bournemouth,0.0,0,0,0,0,0,0.0,0,73,0.00,0.00,0.00,0.00,63,0,0,0.0,0.0,2025-10-03T19:00:00Z,0,False,10,0,0,0,0,0,7,0,20870,0,0,1,3,0.0,0,-1714,18,1732,44,True,0
Jean-Ricner Bellegarde,MID,Wolves,0.8,0,0,0,0,0,0.0,0,644,0.00,0.00,0.00,0.00,70,0,0,0.0,0.0,2025-10-05T13:00:00Z,0,False,6,0,0,0,0,0,7,0,6420,0,0,,,0.0,0,-318,124,442,53,True,0
Santiago Ignacio Bueno,DEF,Wolves,3.0,0,0,0,0,0,0.0,0,636,0.00,0.00,0.00,0.00,70,0,0,0.0,0.0,2025-10-05T13:00:00Z,0,False,6,0,0,0,0,0,7,0,9204,0,0,,,0.0,0,3085,3671,586,44,True,0
Darko Churlinov,MID,Burnley,0.0,0,0,0,0,0,0.0,0,204,0.00,0.00,0.00,0.00,62,0,0,0.0,0.0,2025-10-05T13:00:00Z,0,False,2,0,0,0,0,0,7,0,1881,0,0,,,0.0,0,-54,0,54,49,False,0
Jean-Clair Todibo,DEF,West Ham,-0.5,0,0,0,0,0,0.0,0,609,0.00,0.00,0.00,0.00,61,0,0,0.0,0.0,2025-10-04T14:00:00Z,0,False,1,0,0,0,0,0,7,0,12118,0,0,,,0.0,0,-12,713,725,43,False,0
Nordi Mukiele,DEF,Sunderland,4.5,0,0,0,0,0,0.0,0,694,0.00,0.00,0.00,0.00,68,0,0,0.0,0.0,2025-10-04T14:00:00Z,0,False,14,0,0,0,0,0,7,0,235915,0,0,,,0.0,0,46897,56127,9230,40,False,0
Callum Marshall,FWD,West Ham,-0.5,0,0,0,0,0,0.0,0,626,0.00,0.00,0.00,0.00,61,0,0,0.0,0.0,2025-10-04T14:00:00Z,0,False,1,0,0,0,0,0,7,0,84001,0,0,,,0.0,0,-2196,3321,5517,44,False,0
Mason Mount,MID,Man Utd,1.0,0,0,0,0,0,0.0,0,455,0.00,0.00,0.00,0.00,68,0,0,0.0,0.0,2025-10-04T14:00:00Z,0,False,17,0,0,0,0,0,7,0,24628,0,0,,,0.0,0,-987,924,1911,59,True,0
Patrick Roberts,MID,Sunderland,0.0,0,0,0,0,0,0.0,0,545,0.00,0.00,0.00,0.00,68,0,0,0.0,0.0,2025-10-04T14:00:00Z,0,False,14,0,0,0,0,0,7,0,1978,0,0,,,0.0,0,-116,0,116,54,False,0
Armando Broja,FWD,Burnley,0.0,0,0,0,0,0,0.0,0,680,0.00,0.00,0.00,0.00,62,0,0,0.0,0.0,2025-10-05T13:00:00Z,0,False,2,0,0,0,0,0,7,0,16306,0,0,,,0.0,0,-470,877,1347,53,False,0
Malcolm Ebiowei,MID,Crystal Palace,0.0,0,0,0,0,0,0.0,0,277,0.00,0.00,0.00,0.00,66,0,0,0.0,0.0,2025-10-05T13:00:00Z,0,False,9,0,0,0,0,0,7,0,460,0,0,,,0.0,0,-13,0,13,45,False,0
Mark Travers,GK,Everton,0.0,0,0,0,0,0,0.0,0,288,0.00,0.00,0.00,0.00,66,0,0,0.0,0.0,2025-10-05T13:00:00Z,0,False,8,0,0,0,0,0,7,0,15008,0,0,,,0.0,0,-514,140,654,44,True,0
Jack Fletcher,MID,Man Utd,0.5,0,0,0,0,0,0.0,0,462,0.00,0.00,0.00,0.00,68,0,0,0.0,0.0,2025-10-04T14:00:00Z,0,False,17,0,0,0,0,0,7,0,6510,0,0,,,0.0,0,-188,204,392,44,True,0
Benoît Badiashile Mukinayi,DEF,Chelsea,-0.7,0,0,0,0,0,0.0,0,229,0.00,0.00,0.00,0.00,65,0,0,0.0,0.0,2025-10-04T16:30:00Z,0,False,12,0,0,0,0,0,7,0,2011,0,0,,,0.0,0,611,740,129,44,True,0
Sam Proctor,GK,Aston Villa,0.5,0,0,0,0,0,0.0,0,703,0.00,0.00,0.00,0.00,62,0,0,0.0,0.0,2025-10-05T13:00:00Z,0,False,3,0,0,0,0,0,7,0,31064,0,0,,,0.0,0,-589,609,1198,40,True,0
Marcus Rashford,MID,Man Utd,0.0,0,0,0,0,0,0.0,0,451,0.00,0.00,0.00,0.00,68,0,0,0.0,0.0,2025-10-04T14:00:00Z,0,False,17,0,0,0,0,0,7,0,2192,0,0,,,0.0,0,-71,0,71,70,True,0
Calvin Ramsay,DEF,Liverpool,0.5,0,0,0,0,0,0.0,0,380,0.00,0.00,0.00,0.00,65,0,0,0.0,0.0,2025-10-04T16:30:00Z,0,False,7,0,0,0,0,0,7,0,25937,0,0,,,0.0,0,-786,495,1281,39,False,0
Luka Vušković,DEF,Spurs,0.0,0,0,0,0,0,0.0,0,578,0.00,0.00,0.00,0.00,67,0,0,0.0,0.0,2025-10-04T11:30:00Z,0,False,11,0,0,0,0,0,7,0,59945,0,0,,,0.0,0,-4373,0,4373,39,False,0
Matt Doherty,DEF,Wolves,0.0,0,0,0,0,0,0.0,0,632,0.00,0.00,0.00,0.00,70,0,0,0.0,0.0,2025-10-05T13:00:00Z,0,False,6,0,0,0,0,0,7,0,15851,0,0,,,0.0,0,-904,314,1218,44,True,0
Tyler Onyango,MID,Everton,0.0,0,0,0,0,0,0.0,0,704,0.00,0.00,0.00,0.00,66,0,0,0.0,0.0,2025-10-05T13:00:00Z,0,False,8,0,0,0,0,0,7,0,8684,0,0,,,0.0,0,-526,0,526,45,True,0
Diego Coppola,DEF,Brighton,0.2,0,0,0,0,0,0.0,0,144,0.00,0.00,0.00,0.00,70,0,0,0.0,0.0,2025-10-05T13:00:00Z,0,False,20,0,0,0,0,0,7,0,6448,0,0,,,0.0,0,-162,187,349,44,False,0
Marcus Tavernier,MID,Bournemouth,2.2,0,0,2,1,1,31.1,5,84,0.04,0.04,0.00,0.26,63,0,0,4.4,5.0,2025-10-03T19:00:00Z,60,False,10,0,0,0,4,0,7,0,168805,1,0,1,3,8.0,3,-24368,6027,30395,55,True,0
Yéremy Pino Santos,MID,Crystal Palace,1.8,0,0,0,0,0,0.0,0,712,0.00,0.00,0.00,0.00,66,0,0,0.0,0.0,2025-10-05T13:00:00Z,0,False,9,0,0,0,0,0,7,0,15619,0,0,,,0.0,0,398,3385,2987,59,False,0
Gabriel dos Santos Magalhães,DEF,Arsenal,4.9,0,0,0,0,0,0.0,0,5,0.00,0.00,0.00,0.00,61,0,0,0.0,0.0,2025-10-04T14:00:00Z,0,False,19,0,0,0,0,0,7,0,3404817,0,0,,,0.0,0,504651,596289,91638,62,True,0
Josh Laurent,MID,Burnley,1.0,0,0,0,0,0,0.0,0,209,0.00,0.00,0.00,0.00,62,0,0,0.0,0.0,2025-10-05T13:00:00Z,0,False,2,0,0,0,0,0,7,0,3493,0,0,,,0.0,0,-47,103,150,49,False,0
Stefan Bajčetić Maquieira,MID,Liverpool,0.0,0,0,0,0,0,0.0,0,393,0.00,0.00,0.00,0.00,65,0,0,0.0,0.0,2025-10-04T16:30:00Z,0,False,7,0,0,0,0,0,7,0,5484,0,0,,,0.0,0,-379,67,446,44,False,0
Victor Lindelöf,DEF,Aston Villa,1.0,0,0,0,0,0,0.0,0,719,0.00,0.00,0.00,0.00,62,0,0,0.0,0.0,2025-10-05T13:00:00Z,0,False,3,0,0,0,0,0,7,0,3403,0,0,,,0.0,0,201,442,241,45,True,0
Rasmus Højlund,FWD,Man Utd,0.0,0,0,0,0,0,0.0,0,465,0.00,0.00,0.00,0.00,68,0,0,0.0,0.0,2025-10-04T14:00:00Z,0,False,17,0,0,0,0,0,7,0,37470,0,0,,,0.0,0,-1314,0,1314,63,True,0
Rico Lewis,DEF,Man City,0.7,0,0,0,0,0,0.0,0,410,0.00,0.00,0.00,0.00,64,0,0,0.0,0.0,2025-10-05T15:30:00Z,0,False,5,0,0,0,0,0,7,0,265067,0,0,,,0.0,0,-28509,2105,30614,50,False,0
Lewis Cook,MID,Bournemouth,0.2,0,0,0,0,0,0.0,0,88,0.00,0.00,0.00,0.00,63,0,0,0.0,0.0,2025-10-03T19:00:00Z,0,False,10,0,0,0,0,0,7,0,1710,0,0,1,3,0.0,0,-263,31,294,49,True,0
Antoni Milambo,MID,Brentford,-0.5,0,0,0,0,0,0.0,0,122,0.00,0.00,0.00,0.00,64,0,0,0.0,0.0,2025-10-05T15:30:00Z,0,False,13,0,0,0,0,0,7,0,5254,0,0,,,0.0,0,-176,174,350,53,True,0
Edson Álvarez Velázquez,MID,West Ham,0.0,0,0,0,0,0,0.0,0,616,0.00,0.00,0.00,0.00,61,0,0,0.0,0.0,2025-10-04T14:00:00Z,0,False,1,0,0,0,0,0,7,0,7346,0,0,,,0.0,0,-383,0,383,49,False,0
Sean Neave,FWD,Newcastle,0.5,0,0,0,0,0,0.0,0,501,0.00,0.00,0.00,0.00,69,0,0,0.0,0.0,2025-10-05T13:00:00Z,0,False,16,0,0,0,0,0,7,0,28299,0,0,,,0.0,0,-599,1179,1778,44,True,0
Travis Patterson,DEF,Aston Villa,0.5,0,0,0,0,0,0.0,0,710,0.00,0.00,0.00,0.00,62,0,0,0.0,0.0,2025-10-05T13:00:00Z,0,False,3,0,0,0,0,0,7,0,9594,0,0,,,0.0,0,-353,214,567,40,True,0
Joe Willock,MID,Newcastle,1.5,0,0,0,0,0,0.0,0,494,0.00,0.00,0.00,0.00,69,0,0,0.0,0.0,2025-10-05T13:00:00Z,0,False,16,0,0,0,0,0,7,0,7342,0,0,,,0.0,0,173,687,514,50,True,0
Issa Diop,DEF,Fulham,0.5,0,0,1,0,10,0.8,11,320,0.01,0.01,0.00,0.60,63,2,0,1.5,14.4,2025-10-03T19:00:00Z,85,False,4,0,0,0,4,0,7,0,8173,1,1,1,3,0.0,2,-268,187,455,44,False,1
Roman Dixon,DEF,Everton,0.0,0,0,0,0,0,0.0,0,297,0.00,0.00,0.00,0.00,66,0,0,0.0,0.0,2025-10-05T13:00:00Z,0,False,8,0,0,0,0,0,7,0,23172,0,0,,,0.0,0,-407,552,959,39,True,0
Bastien Meupiyou Menadjou,DEF,Wolves,0.0,0,0,0,0,0,0.0,0,639,0.00,0.00,0.00,0.00,70,0,0,0.0,0.0,2025-10-05T13:00:00Z,0,False,6,0,0,0,0,0,7,0,1033,0,0,,,0.0,0,-34,0,34,40,True,0
Benjamin Fredrick,DEF,Brentford,0.0,0,0,0,0,0,0.0,0,115,0.00,0.00,0.00,0.00,64,0,0,0.0,0.0,2025-10-05T15:30:00Z,0,False,13,0,0,0,0,0,7,0,14350,0,0,,,0.0,0,-1499,0,1499,40,True,0
Andrey Nascimento dos Santos,MID,Chelsea,0.0,0,0,0,0,0,0.0,0,246,0.00,0.00,0.00,0.00,65,0,0,0.0,0.0,2025-10-04T16:30:00Z,0,False,12,0,0,0,0,0,7,0,40894,0,0,,,0.0,0,-1830,3700,5530,45,True,0
Naouirou Ahamada,MID,Crystal Palace,0.0,0,0,0,0,0,0.0,0,275,0.00,0.00,0.00,0.00,66,0,0,0.0,0.0,2025-10-05T13:00:00Z,0,False,9,0,0,0,0,0,7,0,5575,0,0,,,0.0,0,263,756,493,44,False,0
Andy Irving,MID,West Ham,0.0,0,0,0,0,0,0.0,0,621,0.00,0.00,0.00,0.00,61,0,0,0.0,0.0,2025-10-04T14:00:00Z,0,False,1,0,0,0,0,0,7,0,41616,0,0,,,0.0,0,3347,6200,2853,44,False,0
Jaydee Canvot,DEF,Crystal Palace,0.0,0,0,0,0,0,0.0,0,723,0.00,0.00,0.00,0.00,66,0,0,0.0,0.0,2025-10-05T13:00:00Z,0,False,9,0,0,0,0,0,7,0,918,0,0,,,0.0,0,39,153,114,45,False,0
Eberechi Eze,MID,Arsenal,3.5,0,0,0,0,0,0.0,0,266,0.00,0.00,0.00,0.00,61,0,0,0.0,0.0,2025-10-04T14:00:00Z,0,False,19,0,0,0,0,0,7,0,1613380,0,0,,,0.0,0,123093,213289,90196,76,True,0
Maxim De Cuyper,DEF,Brighton,2.2,0,0,0,0,0,0.0,0,145,0.00,0.00,0.00,0.00,70,0,0,0.0,0.0,2025-10-05T13:00:00Z,0,False,20,0,0,0,0,0,7,0,303947,0,0,,,0.0,0,-6633,11390,18023,44,False,0
Aji Alese,DEF,Sunderland,0.0,0,0,0,0,0,0.0,0,533,0.00,0.00,0.00,0.00,68,0,0,0.0,0.0,2025-10-04T14:00:00Z,0,False,14,0,0,0,0,0,7,0,494,0,0,,,0.0,0,4,27,23,40,False,0
Bryan Gil Salvatierra,MID,Spurs,0.0,0,0,0,0,0,0.0,0,590,0.00,0.00,0.00,0.00,67,0,0,0.0,0.0,2025-10-04T11:30:00Z,0,False,11,0,0,0,0,0,7,0,4350,0,0,,,0.0,0,-349,0,349,49,False,0
Djed Spence,DEF,Spurs,2.5,0,0,0,0,0,0.0,0,573,0.00,0.00,0.00,0.00,67,0,0,0.0,0.0,2025-10-04T11:30:00Z,0,False,11,0,0,0,0,0,7,0,266730,0,0,,,0.0,0,-13880,6731,20611,45,False,0
João Maria Lobo Alves Palhares Costa Palhinha Gonçalves,MID,Spurs,4.5,0,0,0,0,0,0.0,0,673,0.00,0.00,0.00,0.00,67,0,0,0.0,0.0,2025-10-04T11:30:00Z,0,False,11,0,0,0,0,0,7,0,142987,0,0,,,0.0,0,34130,41646,7516,55,False,0
Andrew Moran,MID,Brighton,0.0,0,0,0,0,0,0.0,0,177,0.00,0.00,0.00,0.00,70,0,0,0.0,0.0,2025-10-05T13:00:00Z,0,False,20,0,0,0,0,0,7,0,2733,0,0,,,0.0,0,-184,0,184,45,False,0
Caleb Kporha,DEF,Crystal Palace,0.0,0,0,0,0,0,0.0,0,265,0.00,0.00,0.00,0.00,66,0,0,0.0,0.0,2025-10-05T13:00:00Z,0,False,9,0,0,0,0,0,7,0,1720,0,0,,,0.0,0,-114,14,128,40,False,0
Boubacar Traoré,MID,Wolves,0.0,0,0,0,0,0,0.0,0,649,0.00,0.00,0.00,0.00,70,0,0,0.0,0.0,2025-10-05T13:00:00Z,0,False,6,0,0,0,0,0,7,0,129,0,0,,,0.0,0,-7,0,7,50,True,0
Jean-Philippe Mateta,FWD,Crystal Palace,2.5,0,0,0,0,0,0.0,0,283,0.00,0.00,0.00,0.00,66,0,0,0.0,0.0,2025-10-05T13:00:00Z,0,False,9,0,0,0,0,0,7,0,1211107,0,0,,,0.0,0,24358,155189,130831,75,False,0
Phil Foden,MID,Man City,4.5,0,0,0,0,0,0.0,0,414,0.00,0.00,0.00,0.00,64,0,0,0.0,0.0,2025-10-05T15:30:00Z,0,False,5,0,0,0,0,0,7,0,756942,0,0,,,0.0,0,32434,118333,85899,81,False,0
Coby Ebere,MID,Everton,0.0,0,0,0,0,0,0.0,0,307,0.00,0.00,0.00,0.00,66,0,0,0.0,0.0,2025-10-05T13:00:00Z,0,False,8,0,0,0,0,0,7,0,4875,0,0,,,0.0,0,-62,237,299,45,True,0
Ayden Heaven,DEF,Man Utd,0.5,0,0,0,0,0,0.0,0,447,0.00,0.00,0.00,0.00,68,0,0,0.0,0.0,2025-10-04T14:00:00Z,0,False,17,0,0,0,0,0,7,0,136963,0,0,,,0.0,0,-4518,4689,9207,39,True,0
Conor Bradley,DEF,Liverpool,1.3,0,0,0,0,0,0.0,0,375,0.00,0.00,0.00,0.00,65,0,0,0.0,0.0,2025-10-04T16:30:00Z,0,False,7,0,0,0,0,0,7,0,17186,0,0,,,0.0,0,131,1589,1458,50,False,0
Rodrigo Bentancur,MID,Spurs,1.5,0,0,0,0,0,0.0,0,585,0.00,0.00,0.00,0.00,67,0,0,0.0,0.0,2025-10-04T11:30:00Z,0,False,11,0,0,0,0,0,7,0,16799,0,0,,,0.0,0,-396,652,1048,54,False,0
Willy Boly,DEF,Nott'm Forest,-0.5,0,0,0,0,0,0.0,0,514,0.00,0.00,0.00,0.00,69,0,0,0.0,0.0,2025-10-05T13:00:00Z,0,False,15,0,0,0,0,0,7,0,59002,0,0,,,0.0,0,323,3643,3320,39,False,0
Amara Nallo,DEF,Liverpool,0.5,0,0,0,0,0,0.0,0,378,0.00,0.00,0.00,0.00,65,0,0,0.0,0.0,2025-10-04T16:30:00Z,0,False,7,0,0,0,0,0,7,0,17814,0,0,,,0.0,0,-682,181,863,39,False,0
Jackson Tchatchoua,DEF,Wolves,0.8,0,0,0,0,0,0.0,0,695,0.00,0.00,0.00,0.00,70,0,0,0.0,0.0,2025-10-05T13:00:00Z,0,False,6,0,0,0,0,0,7,0,2077,0,0,,,0.0,0,15,165,150,45,True,0
John McGinn,MID,Aston Villa,3.3,0,0,0,0,0,0.0,0,54,0.00,0.00,0.00,0.00,62,0,0,0.0,0.0,2025-10-05T13:00:00Z,0,False,3,0,0,0,0,0,7,0,85126,0,0,,,0.0,0,12851,17462,4611,54,True,0
Jamaal Lascelles,DEF,Newcastle,0.7,0,0,0,0,0,0.0,0,480,0.00,0.00,0.00,0.00,69,0,0,0.0,0.0,2025-10-05T13:00:00Z,0,False,16,0,0,0,0,0,7,0,7754,0,0,,,0.0,0,-129,241,370,44,True,0
Rio Ngumoha,MID,Liverpool,1.0,0,0,0,0,0,0.0,0,686,0.00,0.00,0.00,0.00,65,0,0,0.0,0.0,2025-10-04T16:30:00Z,0,False,7,0,0,0,0,0,7,0,77456,0,0,,,0.0,0,1157,9331,8174,45,False,0
Chido Obi,FWD,Man Utd,0.5,0,0,0,0,0,0.0,0,467,0.00,0.00,0.00,0.00,68,0,0,0.0,0.0,2025-10-04T14:00:00Z,0,False,17,0,0,0,0,0,7,0,176247,0,0,,,0.0,0,3530,17635,14105,43,True,0
Radu Drăgușin,DEF,Spurs,0.0,0,0,0,0,0,0.0,0,572,0.00,0.00,0.00,0.00,67,0,0,0.0,0.0,2025-10-04T11:30:00Z,0,False,11,0,0,0,0,0,7,0,618,0,0,,,0.0,0,10,46,36,45,False,0
Mats Wieffer,MID,Brighton,1.0,0,0,0,0,0,0.0,0,173,0.00,0.00,0.00,0.00,70,0,0,0.0,0.0,2025-10-05T13:00:00Z,0,False,20,0,0,0,0,0,7,0,6401,0,0,,,0.0,0,-59,286,345,49,False,0
Filip Marschall,GK,Aston Villa,0.0,0,0,0,0,0,0.0,0,35,0.00,0.00,0.00,0.00,62,0,0,0.0,0.0,2025-10-05T13:00:00Z,0,False,3,0,0,0,0,0,7,0,1445,0,0,,,0.0,0,-68,0,68,40,True,0
