assists,birth_date,bonus,bps,can_select,can_transact,chance_of_playing_next_round,chance_of_playing_this_round,clean_sheets,clean_sheets_per_90,clearances_blocks_interceptions,code,corners_and_indirect_freekicks_order,corners_and_indirect_freekicks_text,cost_change_event,cost_change_event_fall,cost_change_start,cost_change_start_fall,creativity,creativity_rank,creativity_rank_type,defensive_contribution,defensive_contribution_per_90,direct_freekicks_order,direct_freekicks_text,dreamteam_count,element_type,ep_next,ep_this,event_points,expected_assists,expected_assists_per_90,expected_goal_involvements,expected_goal_involvements_per_90,expected_goals,expected_goals_conceded,expected_goals_conceded_per_90,expected_goals_per_90,first_name,form,form_rank,form_rank_type,goals_conceded,goals_conceded_per_90,goals_scored,has_temporary_code,ict_index,ict_index_rank,ict_index_rank_type,id,in_dreamteam,influence,influence_rank,influence_rank_type,minutes,news,news_added,now_cost,now_cost_rank,now_cost_rank_type,opta_code,own_goals,penalties_missed,penalties_order,penalties_saved,penalties_text,photo,points_per_game,points_per_game_rank,points_per_game_rank_type,recoveries,red_cards,region,removed,saves,saves_per_90,second_name,selected_by_percent,selected_rank,selected_rank_type,special,squad_number,starts,starts_per_90,status,tackles,team,team_code,team_join_date,threat,threat_rank,threat_rank_type,total_points,transfers_in,transfers_in_event,transfers_out,transfers_out_event,value_form,value_season,web_name,yellow_cards
0,1995-09-15,3,146,True,True,None,None,4,0.57,4,154561,None,,1,-1,2,-2,10.0,321,8,0,0.0,None,,1,1,3.8,3.8,6,0.04,0.01,0.04,0.01,0.00,4.40,0.63,0.0,David,3.3,96,5,3,0.43,0,False,14.5,194,11,1,False,135.8,67,11,630,,None,57,121,1,p154561,0,0,None,0,,154561.jpg,4.9,42,5,61,0,200,False,15,2.14,Raya Martín,28.1,11,2,False,None,7,1.0,a,0,1,3,2024-07-04,0.0,726,85,34,1636539,179964,721870,72712,0.6,6.0,Raya,1
0,1994-10-03,0,0,True,True,None,None,0,0,0,109745,None,,0,0,-2,2,0.0,517,61,0,0,None,,0,1,0.5,0.5,0,0.00,0,0.00,0,0.00,0.00,0,0,Kepa,0.0,488,70,0,0,0,False,0.0,534,75,2,False,0.0,532,75,0,,None,43,593,35,p109745,0,0,None,0,,109745.jpg,0.0,536,75,0,0,200,False,0,0,Arrizabalaga Revuelta,0.5,237,32,False,None,0,0,a,0,1,3,2025-07-01,0.0,485,50,0,6801,406,51629,3671,0.0,0.0,Arrizabalaga,0
0,2002-04-13,0,0,False,True,0,0,0,0,0,463748,None,,0,0,0,0,0.0,476,43,0,0,None,,0,1,0.0,0.0,0,0.00,0,0.00,0,0.00,0.00,0,0,Karl,0.0,446,53,0,0,0,False,0.0,494,58,3,False,0.0,492,58,0,Has joined Werder Bremen on loan for the rest of the season.,2025-08-26T13:44:02.357864Z,40,655,66,p463748,0,0,None,0,,463748.jpg,0.0,497,58,0,0,67,False,0,0,Hein,0.3,298,43,False,None,0,0,u,0,1,3,2020-10-28,0.0,443,32,0,5545,0,34694,2338,0.0,0.0,Hein,0
0,2006-03-13,0,0,True,True,None,None,0,0,0,551221,None,,0,0,0,0,0.0,500,56,0,0,None,,0,1,0.5,0.5,0,0.00,0,0.00,0,0.00,0.00,0,0,Tommy,0.0,472,66,0,0,0,False,0.0,518,71,4,False,0.0,516,71,0,,None,40,687,79,p551221,0,0,None,0,,551221.jpg,0.0,521,71,0,0,241,False,0,0,Setford,0.2,349,53,False,None,0,0,a,0,1,3,2024-07-24,0.0,468,45,0,14173,816,12508,1615,0.0,0.0,Setford,0
0,1997-12-19,5,169,True,True,100,75,4,0.57,56,226597,None,,1,-1,3,-3,13.1,298,101,66,9.43,None,,1,2,8.5,6.4,9,0.09,0.01,0.57,0.08,0.48,4.40,0.63,0.07,Gabriel,8.0,4,1,3,0.43,1,False,27.0,74,18,5,True,200.6,11,4,630,,2025-10-03T14:00:08.473762Z,63,71,1,p226597,0,0,None,0,,226597.jpg,6.7,6,2,13,0,30,False,0,0.0,dos Santos Magalhães,31.0,10,3,False,None,7,1.0,a,10,1,3,2020-09-01,56.0,111,18,47,2150079,399832,761270,64438,1.3,7.5,Gabriel,0
0,2001-03-24,1,109,True,True,100,100,3,0.66,32,462424,None,,0,0,0,0,19.2,263,87,40,8.8,None,,0,2,3.5,3.5,6,0.12,0.03,0.25,0.06,0.13,3.27,0.72,0.03,William,3.0,113,43,1,0.22,0,False,13.6,208,74,6,False,108.4,98,47,409,,2025-09-01T10:30:07.602868Z,60,86,4,p462424,0,0,None,0,,462424.jpg,4.2,70,32,20,0,73,False,0,0.0,Saliba,12.6,30,12,False,None,5,1.1,a,8,1,3,2019-07-25,8.0,302,102,25,651759,42924,1058551,46453,0.5,4.2,Saliba,0
2,2002-05-19,3,129,True,True,None,None,4,0.69,18,466075,None,,0,0,2,-2,66.4,104,22,29,4.98,None,,2,2,3.5,3.5,6,0.15,0.03,1.99,0.35,1.84,3.44,0.59,0.32,Riccardo,3.0,112,42,3,0.52,1,False,28.9,64,14,7,False,105.4,106,51,524,,None,57,128,11,p466075,0,0,None,0,,466075.jpg,6.0,15,8,24,0,106,False,0,0.0,Calafiori,14.7,22,9,False,None,7,1.2,a,11,1,3,2024-07-29,118.0,39,3,42,1759826,72934,499068,67218,0.5,7.4,Calafiori,3
2,2001-06-17,7,178,True,True,None,None,3,0.52,20,445122,None,,1,-1,4,-4,123.1,40,7,45,7.77,None,,2,2,5.2,5.2,11,0.41,0.07,2.30,0.4,1.89,3.30,0.57,0.33,Jurriën,4.7,43,14,3,0.52,2,False,49.8,8,1,8,True,191.0,16,5,521,,None,59,103,5,p445122,0,0,None,0,,445122.jpg,6.9,5,1,18,0,152,False,0,0.0,Timber,19.4,17,8,False,None,6,1.04,a,25,1,3,2023-07-14,183.0,9,1,48,2186347,456957,435949,36364,0.8,8.1,J.Timber,2
0,2000-02-15,0,0,False,True,0,0,0,0,0,440854,None,,0,0,-1,1,0.0,717,244,0,0,None,,0,2,0.0,0.0,0,0.00,0,0.00,0,0.00,0.00,0,0,Jakub,0.0,704,240,0,0,0,False,0.0,719,244,9,False,0.0,718,244,0,has joined Porto on loan for the rest of the season.,2025-09-02T13:37:25.929594Z,54,184,23,p440854,0,0,None,0,,440854.jpg,0.0,719,244,0,0,172,False,0,0,Kiwior,0.1,555,202,False,None,0,0,u,0,1,3,2023-01-23,0.0,713,242,0,1119,0,10091,292,0.0,0.0,Kiwior,0
0,2006-09-26,0,13,True,True,None,None,0,0.0,3,499169,None,,-1,1,-3,3,6.9,331,112,4,4.34,None,,0,2,1.2,1.2,1,0.00,0.0,0.00,0.0,0.00,0.93,1.01,0.0,Myles,0.7,305,104,0,0.0,0,False,1.7,389,138,10,False,7.6,380,141,83,,None,52,228,32,p499169,0,0,None,0,,499169.jpg,0.8,413,138,6,0,241,False,0,0.0,Lewis-Skelly,1.8,141,54,False,None,0,0.0,a,1,1,3,2022-12-04,4.0,340,122,4,42706,2962,321634,15961,0.1,0.8,Lewis-Skelly,1
0,1997-10-08,0,23,True,True,100,100,1,1.29,6,198869,None,,0,0,-1,1,11.3,307,108,8,10.29,None,,0,2,0.5,0.5,0,0.01,0.01,0.02,0.02,0.01,0.87,1.12,0.01,Benjamin,0.0,700,238,0,0.0,0,False,2.8,371,130,11,False,15.4,349,130,70,,2025-09-18T04:00:07.778280Z,54,171,20,p198869,0,0,None,0,,198869.jpg,6.0,13,7,4,0,241,False,0,0.0,White,0.4,260,98,False,None,1,1.29,a,2,1,3,2021-07-30,1.0,363,130,6,28496,1700,83614,3733,0.0,1.1,White,0
0,None,0,0,True,True,None,None,0,0,0,563324,None,,0,0,-1,1,0.0,424,166,0,0,None,,0,2,0.5,0.5,0,0.00,0,0.00,0,0.00,0.00,0,0,Brayden,0.0,396,152,0,0,0,False,0.0,446,169,13,False,0.0,445,170,0,,None,39,732,235,p563324,0,0,None,0,,563324.jpg,0.0,449,169,0,0,None,False,0,0,Clarke,0.5,243,90,False,None,0,0,a,0,1,3,None,0.0,392,156,0,24483,2913,40719,3494,0.0,0.0,Clarke,0
0,None,0,0,False,True,0,0,0,0,0,588793,None,,0,0,-1,1,0.0,428,169,0,0,None,,0,2,0.0,0.0,0,0.00,0,0.00,0,0.00,0.00,0,0,Maldini,0.0,400,155,0,0,0,False,0.0,450,172,14,False,0.0,449,173,0,has joined Morecambe on loan for the rest of the season.,2025-09-22T21:14:30.857843Z,39,737,239,p588793,0,0,None,0,,588793.jpg,0.0,453,172,0,0,None,False,0,0,Kacurri,0.1,395,144,False,None,0,0,u,0,1,3,None,0.0,396,159,0,10218,0,16535,1589,0.0,0.0,Kacurri,0
0,2006-07-26,0,0,True,True,None,None,0,0,0,499167,None,,0,0,-1,1,0.0,415,157,0,0,None,,0,2,0.5,0.5,0,0.00,0,0.00,0,0.00,0.00,0,0,Josh,0.0,387,143,0,0,0,False,0.0,437,160,15,False,0.0,436,161,0,,None,39,723,226,p499167,0,0,None,0,,499167.jpg,0.0,440,160,0,0,241,False,0,0,Nichols,0.2,358,128,False,None,0,0,a,0,1,3,2024-07-24,0.0,383,147,0,12466,564,13692,1657,0.0,0.0,Nichols,0
0,2001-09-05,0,73,True,True,100,100,2,0.52,1,223340,1,,1,-1,-1,1,114.1,52,39,24,6.24,4,,0,3,4.2,4.2,8,1.45,0.38,2.67,0.7,1.22,3.05,0.79,0.32,Bukayo,3.7,88,44,1,0.26,2,False,31.1,50,32,16,False,101.2,112,36,346,,2025-08-23T22:30:05.759392Z,99,5,3,p223340,0,0,1,0,,223340.jpg,4.0,84,34,18,0,241,False,0,0.0,Saka,11.7,33,12,False,None,4,1.04,a,5,1,3,2018-11-28,96.0,53,30,20,1285268,443330,1737526,31717,0.4,2.0,Saka,0
1,1998-12-17,0,47,True,True,0,100,1,0.45,6,184029,3,,0,0,-1,1,65.0,108,77,19,8.51,2,,0,3,0.0,2.2,1,0.81,0.36,0.95,0.42,0.14,2.36,1.06,0.06,Martin,1.7,226,106,1,0.45,0,False,13.0,214,106,17,False,43.0,253,112,201,Knee injury - Unknown return date,2025-10-04T20:00:07.945438Z,79,17,12,p184029,0,0,3,0,,184029.jpg,2.2,244,117,10,0,161,False,0,0.0,Ødegaard,1.7,144,50,False,None,4,1.79,i,3,1,3,2021-08-20,22.0,227,126,13,132849,3421,372928,35221,0.2,1.6,Ødegaard,0
0,2002-03-10,0,39,True,True,0,0,2,0.59,1,248857,None,,0,0,-1,1,111.7,55,42,14,4.14,None,,0,3,0.0,0.0,0,0.86,0.25,1.15,0.34,0.29,2.04,0.6,0.09,Noni,0.3,368,175,2,0.59,0,False,24.6,89,51,18,False,30.2,291,132,304,Knee injury - Unknown return date,2025-09-21T22:30:05.839272Z,69,43,27,p248857,0,0,None,0,,248857.jpg,2.0,272,127,10,0,241,False,0,0.0,Madueke,0.7,200,66,False,None,4,1.18,i,3,1,3,2025-07-18,105.0,45,26,10,148769,98,211433,15133,0.0,1.4,Madueke,0
0,2001-06-18,1,51,True,True,None,None,1,0.5,2,444145,None,,0,0,-1,1,29.8,209,133,13,6.46,None,,0,3,3.5,3.5,1,0.08,0.04,0.31,0.15,0.23,1.54,0.77,0.11,Gabriel,3.0,114,52,0,0.0,1,False,12.7,220,110,19,False,46.8,243,107,181,,None,69,44,28,p444145,0,0,None,0,,444145.jpg,2.3,229,107,9,0,30,False,0,0.0,Martinelli Silva,1.2,165,57,False,None,2,0.99,a,2,1,3,2019-07-15,50.0,130,79,14,76716,11063,114466,15169,0.4,2.0,Martinelli,0
1,1994-12-04,0,50,True,True,100,100,1,0.31,3,116216,None,,0,0,-1,1,81.8,76,56,10,3.08,None,,0,3,2.8,2.8,3,0.57,0.18,1.23,0.38,0.66,1.93,0.59,0.2,Leandro,2.3,151,72,2,0.62,0,False,18.2,152,80,20,False,43.4,251,111,292,,2025-08-29T18:30:07.885490Z,69,39,24,p116216,0,0,4,0,,116216.jpg,2.4,223,102,4,0,21,False,0,0.0,Trossard,0.3,308,106,False,None,3,0.92,a,3,1,3,2023-01-20,57.0,107,67,12,14068,3023,26245,2578,0.3,1.7,Trossard,0
3,1999-01-14,6,154,True,True,100,None,3,0.5,14,204480,2,,0,0,0,0,206.4,5,5,49,8.14,1,,1,3,8.2,8.2,11,1.16,0.19,1.63,0.27,0.47,3.69,0.61,0.08,Declan,7.7,5,3,3,0.5,1,False,40.5,18,14,21,False,156.4,42,14,542,,2025-10-04T20:00:07.968078Z,65,53,36,p204480,0,0,None,0,,204480.jpg,5.7,24,8,29,0,241,False,0,0.0,Rice,9.6,45,15,False,None,6,1.0,a,6,1,3,2023-07-15,42.0,150,92,40,675060,185459,553679,59548,1.2,6.2,Rice,0
0,1996-06-22,0,52,True,True,None,None,2,0.74,6,195384,None,,0,0,-1,1,43.7,161,108,26,9.67,None,,0,3,3.2,3.2,1,0.12,0.04,0.46,0.17,0.34,1.73,0.64,0.13,Mikel,2.7,131,63,1,0.37,1,False,16.8,168,86,22,False,63.6,187,76,242,,None,59,98,66,p195384,0,0,None,0,,195384.jpg,2.5,214,95,15,0,200,False,0,0.0,Merino Zazón,0.6,216,72,False,None,3,1.12,a,5,1,3,2024-08-27,64.0,92,55,15,67777,9530,78352,10516,0.5,2.5,Merino,0
0,2000-05-30,0,0,False,True,0,0,0,0,0,438098,None,,0,0,-1,1,0.0,716,314,0,0,None,,0,3,0.0,0.0,0,0.00,0,0.00,0,0.00,0.00,0,0,Fábio,0.0,703,306,0,0,0,False,0.0,718,314,23,False,0.0,717,313,0,has joined Hamburger on loan for the rest of the season.,2025-09-02T13:38:06.128321Z,54,183,114,p438098,0,0,None,0,,438098.jpg,0.0,718,314,0,0,173,False,0,0,Ferreira Vieira,0.0,647,269,False,None,0,0,u,0,1,3,2022-06-21,0.0,712,314,0,933,0,4120,139,0.0,0.0,Fábio Vieira,0
0,1994-03-10,0,0,True,True,100,100,0,0,0,128295,None,,0,0,-2,2,0.0,709,310,0,0,None,,0,3,0.5,0.5,0,0.00,0,0.00,0,0.00,0.00,0,0,Christian,0.0,690,298,0,0,0,False,0.0,711,310,24,False,0.0,710,309,0,,2025-08-18T08:00:05.297235Z,53,200,125,p128295,0,0,None,0,,128295.jpg,0.0,711,310,0,0,58,False,0,0,Nørgaard,0.2,392,131,False,None,0,0,a,0,1,3,2025-07-10,0.0,703,309,0,3219,389,52795,1556,0.0,0.0,Nørgaard,0
0,2007-03-21,0,15,True,True,None,None,1,0.62,1,499175,4,,-1,1,-3,3,22.0,241,144,9,5.59,3,,0,3,1.2,1.2,1,0.08,0.05,0.27,0.17,0.19,0.33,0.2,0.12,Ethan,0.7,306,150,0,0.0,0,False,5.0,327,162,25,False,8.2,377,176,145,,None,52,229,143,p499175,0,0,None,0,,499175.jpg,1.5,314,148,7,0,241,False,0,0.0,Nwaneri,0.2,384,128,False,None,0,0.0,a,1,1,3,2022-09-17,21.0,230,128,6,9014,613,26078,1907,0.1,1.2,Nwaneri,0
0,1999-02-02,3,140,True,True,None,None,4,0.61,16,481655,None,,0,0,0,0,95.2,65,49,54,8.22,None,,1,3,2.8,2.8,3,0.80,0.12,1.06,0.16,0.26,3.98,0.61,0.04,Martín,2.3,145,69,3,0.46,2,False,28.2,67,41,26,False,141.4,62,21,591,,None,55,152,97,p481655,0,0,None,0,,481655.jpg,4.6,55,20,24,0,200,False,0,0.0,Zubimendi Ibáñez,4.3,82,25,False,None,6,0.91,a,14,1,3,2025-07-06,45.0,144,87,32,536033,38067,317258,65474,0.4,5.8,Zubimendi,1
0,2005-12-10,0,0,False,True,0,0,0,0,0,588796,None,,0,0,0,0,0.0,639,268,0,0,None,,0,3,0.0,0.0,0,0.00,0,0.00,0,0.00,0.00,0,0,Ismeal,0.0,610,246,0,0,0,False,0.0,647,268,28,False,0.0,645,266,0,has joined Shrewsbury Town on loan for the rest of the season.,2025-09-02T13:24:41.013511Z,45,474,283,p588796,0,0,None,0,,588796.jpg,0.0,650,271,0,0,152,False,0,0,Kabia,0.1,417,139,False,None,0,0,u,0,1,3,2024-09-14,0.0,618,259,0,6731,0,25744,1212,0.0,0.0,Kabia,0
0,1999-10-22,0,0,False,True,0,0,0,0,0,437742,None,,0,0,0,0,0.0,597,235,0,0,None,,0,3,0.0,0.0,0,0.00,0,0.00,0,0.00,0.00,0,0,Albert,0.0,568,213,0,0,0,False,0.0,606,235,29,False,0.0,604,233,0,has joined Hamburger permanently.,2025-09-02T13:40:53.094922Z,45,421,248,p437742,0,0,None,0,,437742.jpg,0.0,609,238,0,0,21,False,0,0,Sambi Lokonga,0.1,527,188,False,None,0,0,u,0,1,3,2021-07-19,0.0,576,226,0,2952,0,12177,545,0.0,0.0,Sambi,0
0,1999-06-11,0,4,True,True,0,0,0,0.0,1,219847,None,,0,0,-2,2,0.8,379,42,3,9.0,None,,0,4,0.0,0.0,0,0.01,0.03,0.01,0.03,0.00,0.82,2.46,0.0,Kai,0.0,737,81,0,0.0,0,False,0.6,411,45,30,False,2.8,403,42,30,Knee injury - Unknown return date,2025-08-20T13:00:06.498911Z,73,28,11,p219847,0,0,None,0,,219847.jpg,1.0,409,47,2,0,80,False,0,0.0,Havertz,0.4,282,46,False,None,0,0.0,i,0,1,3,2023-06-28,2.0,360,45,1,8689,129,106912,1437,0.0,0.1,Havertz,0
0,1997-04-03,0,0,True,True,0,0,0,0,0,205651,None,,0,0,-1,1,0.0,734,78,0,0,None,,0,4,0.0,0.0,0,0.00,0,0.00,0,0.00,0.00,0,0,Gabriel,0.0,729,76,0,0,0,False,0.0,734,78,31,False,0.0,734,78,0,Knee injury - Expected back 30 Dec,2025-07-21T10:00:04.697564Z,64,62,20,p205651,0,0,None,0,,205651.jpg,0.0,734,78,0,0,30,False,0,0,Fernando de Jesus,0.0,599,75,False,None,0,0,i,0,1,3,2022-07-04,0.0,734,78,0,969,111,3384,251,0.0,0.0,G.Jesus,0
3,1998-06-29,0,82,True,True,None,None,3,0.69,4,232413,1,,0,0,1,-1,62.2,116,84,25,5.71,1,,0,3,4.5,4.5,6,0.84,0.19,2.19,0.5,1.35,2.88,0.66,0.31,Eberechi,4.0,72,36,2,0.46,0,False,27.5,70,42,266,False,70.2,179,70,394,,None,76,21,14,p232413,0,0,1,0,,232413.jpg,3.7,101,40,17,0,241,False,0,0.0,Eze,13.9,26,9,False,None,4,0.91,a,4,1,3,2025-08-23,142.0,21,10,22,1308180,156837,945470,84985,0.5,2.9,Eze,0
0,2004-06-27,1,57,True,True,None,None,1,0.36,15,500040,None,,0,0,-1,1,2.6,362,128,23,8.38,None,,0,2,1.2,1.2,0,0.04,0.01,0.04,0.01,0.00,1.13,0.41,0.0,Cristhian,0.7,314,106,2,0.73,0,False,6.2,308,102,662,False,55.2,217,84,247,,None,54,189,25,p500040,0,0,None,0,,500040.jpg,2.4,221,82,10,0,200,False,0,0.0,Mosquera,0.2,364,130,False,None,2,0.73,a,8,1,3,2025-07-24,4.0,341,123,12,21943,1146,20860,3741,0.1,2.2,Mosquera,0
0,1998-06-04,2,93,True,True,None,None,3,0.47,6,224117,None,,1,-1,1,-1,69.2,98,6,22,3.44,None,,1,4,2.5,2.5,2,0.45,0.07,3.46,0.54,3.01,3.48,0.54,0.47,Viktor,2.0,189,21,3,0.47,3,False,40.2,19,4,666,False,118.2,86,7,576,,None,91,6,3,p224117,0,0,2,0,,224117.jpg,3.7,102,9,14,0,206,False,0,0.0,Gyökeres,25.5,14,3,False,None,7,1.09,a,2,1,3,2025-07-26,214.0,3,3,26,2144394,112923,2065575,370558,0.2,2.9,Gyökeres,1
1,2009-12-31,0,13,True,True,None,None,0,0.0,0,616077,None,,0,0,0,0,0.8,377,193,3,10.0,None,,0,3,0.5,0.5,0,0.02,0.07,0.16,0.54,0.14,0.12,0.4,0.47,Max,0.0,620,254,0,0.0,0,False,2.8,370,178,700,False,1.0,415,195,27,,None,45,486,292,p616077,0,0,None,0,,616077.jpg,2.5,207,90,1,0,241,False,0,0.0,Dowman,0.3,296,101,False,None,0,0.0,a,2,1,3,2025-07-22,26.0,203,118,5,70115,1304,41483,6133,0.0,1.1,Dowman,0
0,2007-12-28,0,0,True,True,None,None,0,0,0,646243,None,,0,0,0,0,0.0,652,278,0,0,None,,0,3,0.5,0.5,0,0.00,0,0.00,0,0.00,0.00,0,0,Andre,0.0,625,258,0,0,0,False,0.0,661,279,711,False,0.0,659,277,0,,None,45,492,296,p646243,0,0,None,0,,646243.jpg,0.0,661,279,0,0,241,False,0,0,Harriman-Annous,0.0,692,298,False,None,0,0,a,0,1,3,2025-07-22,0.0,632,270,0,947,67,595,119,0.0,0.0,Harriman-Annous,0
0,2002-01-09,0,0,True,True,100,0,0,0,0,448104,None,,0,0,-1,1,0.0,718,245,0,0,None,,0,2,0.5,0.0,0,0.00,0,0.00,0,0.00,0.00,0,0,Piero,0.0,705,241,0,0,0,False,0.0,720,245,725,False,0.0,719,245,0,,2025-09-24T06:00:06.296709Z,54,187,24,p448104,0,0,None,0,,448104.jpg,0.0,720,245,0,0,62,False,0,0,Hincapié,0.0,649,221,False,None,0,0,a,0,1,3,2025-09-01,0.0,714,243,0,3542,42,3283,345,0.0,0.0,Hincapie,0
0,1992-09-02,0,76,True,True,100,75,1,0.2,5,98980,None,,0,0,0,0,3.0,359,9,0,0.0,None,,0,1,2.3,2.1,1,0.03,0.01,0.03,0.01,0.00,5.68,1.14,0.0,Emiliano,2.3,140,10,4,0.8,0,False,8.9,268,18,32,False,86.2,147,19,450,,2025-10-03T14:00:08.570704Z,50,245,9,p98980,0,0,None,0,,98980.jpg,3.0,150,15,38,0,10,False,10,2.0,Martínez Romero,2.0,132,17,False,None,5,1.0,a,0,2,7,2020-09-16,0.0,677,77,15,175754,5401,134051,22678,0.5,3.0,Martinez,1
0,1991-03-10,0,22,True,True,None,None,1,0.5,4,72147,None,,0,0,-1,1,0.0,528,66,0,0.0,None,,0,1,0.0,0.5,0,0.00,0.0,0.00,0.0,0.00,4.10,2.05,0.0,Marco,0.0,499,74,3,1.5,0,False,2.6,373,26,33,False,25.4,302,26,180,,None,44,499,27,p72147,0,0,None,0,,72147.jpg,3.5,105,12,19,0,152,False,4,2.0,Bizot,0.5,229,31,False,None,2,1.0,a,0,2,7,2025-07-15,0.0,500,55,7,74880,652,85054,4273,0.0,1.6,M.Bizot,1
0,2000-07-04,0,0,False,True,0,0,0,0,0,462492,None,,0,0,0,0,0.0,475,42,0,0,None,,0,1,0.0,0.0,0,0.00,0,0.00,0,0.00,0.00,0,0,Joe,0.0,445,52,0,0,0,False,0.0,493,57,34,False,0.0,491,57,0,Has joined Port Vale on loan for the rest of the season.,2025-08-12T07:40:37.843391Z,40,654,65,p462492,0,0,None,0,,462492.jpg,0.0,496,57,0,0,13,False,0,0,Gauci,0.1,422,65,False,None,0,0,u,0,2,7,2024-02-01,0.0,442,31,0,0,0,12516,720,0.0,0.0,Gauci,0
0,2003-04-24,0,0,False,True,0,0,0,0,0,462381,None,,0,0,0,0,0.0,474,41,0,0,None,,0,1,0.0,0.0,0,0.00,0,0.00,0,0.00,0.00,0,0,Filip,0.0,444,51,0,0,0,False,0.0,492,56,35,False,0.0,490,56,0,Has joined Stevenage permanently.,2025-07-30T14:08:21.698398Z,40,653,64,p462381,0,0,None,0,,462381.jpg,0.0,495,56,0,0,241,False,0,0,Marschall,0.0,690,81,False,None,0,0,u,0,2,7,2021-12-13,0.0,441,30,0,0,0,938,51,0.0,0.0,Marschall,0
0,1997-08-07,2,101,True,True,None,None,2,0.3,28,199796,None,,0,0,1,-1,90.5,68,15,41,6.09,None,,1,2,4.7,5.2,2,0.57,0.08,0.65,0.09,0.08,8.85,1.31,0.01,Matty,4.7,37,13,6,0.89,1,False,27.3,71,17,36,False,150.4,52,22,606,,None,46,386,68,p199796,0,0,None,0,,199796.jpg,4.1,72,34,20,0,172,False,0,0.0,Cash,5.2,70,25,False,None,7,1.04,a,13,2,7,2020-09-03,30.0,187,46,29,610222,17954,322200,45490,1.0,6.3,Cash,2
1,1993-07-20,0,98,True,True,None,None,2,0.37,16,101188,7,,0,0,0,0,122.5,42,9,22,4.07,2,,0,2,2.3,2.8,1,1.13,0.21,1.34,0.25,0.21,6.71,1.24,0.04,Lucas,2.3,136,50,3,0.55,0,False,24.9,86,23,37,False,82.8,150,66,487,,None,45,392,71,p101188,0,0,None,0,,101188.jpg,3.0,143,58,20,0,73,False,0,0.0,Digne,1.8,140,53,False,None,6,1.11,a,6,2,7,2022-01-13,45.0,141,29,21,114359,4252,119553,14423,0.5,4.7,Digne,2
0,1997-10-23,0,92,True,True,100,100,2,0.35,24,199798,None,,0,0,0,0,21.2,248,80,26,4.54,None,,0,2,2.0,2.5,2,0.08,0.01,0.12,0.02,0.04,8.25,1.44,0.01,Ezri,2.0,161,59,6,1.05,0,False,14.4,195,64,38,False,100.0,116,54,515,,2025-08-16T19:30:05.327199Z,45,403,78,p199798,0,0,None,0,,199798.jpg,2.7,182,71,19,1,241,False,0,0.0,Konsa Ngoyo,10.0,42,13,False,None,6,1.05,a,2,2,7,2019-07-11,23.0,220,60,16,207893,11428,1283878,102719,0.4,3.6,Konsa,0
0,2002-03-10,0,20,True,True,None,None,0,0.0,11,441302,None,,0,0,-2,2,57.0,123,25,13,8.24,None,,0,2,0.3,0.8,1,0.20,0.13,0.31,0.2,0.11,3.08,1.95,0.07,Ian,0.3,329,112,4,2.54,0,False,10.7,244,83,39,False,36.6,269,101,142,,None,43,600,153,p441302,0,0,None,0,,441302.jpg,0.8,410,135,10,0,152,False,0,0.0,Maatsen,0.5,245,92,False,None,1,0.63,a,2,2,7,2024-06-28,13.0,273,88,3,17665,1381,60053,3916,0.1,0.7,Maatsen,1
0,1993-03-13,1,83,True,True,75,25,2,0.37,38,149484,None,,0,0,0,0,44.2,158,38,40,7.48,None,,0,2,1.3,0.6,0,0.09,0.02,0.42,0.08,0.33,8.72,1.63,0.06,Tyrone,1.7,197,72,6,1.12,0,False,18.8,149,47,40,False,118.2,85,40,481,Lack of match fitness - 75% chance of playing,2025-09-29T00:30:06.131830Z,45,396,74,p149484,0,0,None,0,,149484.jpg,3.8,92,38,16,0,241,False,0,0.0,Mings,1.1,171,63,False,None,6,1.12,d,2,2,7,2019-07-08,25.0,206,53,23,120478,101,121624,28494,0.4,5.1,Mings,0
0,1997-01-16,0,40,True,True,None,None,0,0.0,18,244954,None,,0,0,-1,1,8.4,327,111,24,8.5,None,,0,2,1.7,2.2,4,0.15,0.05,0.25,0.09,0.10,3.17,1.12,0.04,Pau,1.7,192,68,3,1.06,0,False,8.4,274,93,41,False,62.4,191,79,254,,None,44,529,133,p244954,0,0,None,0,,244954.jpg,2.0,256,91,21,0,200,False,0,0.0,Torres,0.3,294,105,False,None,2,0.71,a,6,2,7,2023-07-12,13.0,274,89,8,12402,1311,32299,2113,0.4,1.8,Pau,0
0,2003-02-07,0,0,True,True,100,100,0,0,0,606798,None,,0,0,-1,1,0.0,431,172,0,0,None,,0,2,0.0,0.5,0,0.00,0,0.00,0,0.00,0.00,0,0,Andrés,0.0,403,158,0,0,0,False,0.0,452,174,42,False,0.0,451,175,0,,2025-08-10T22:00:04.418109Z,39,740,242,p606798,0,0,None,0,,606798.jpg,0.0,455,174,0,0,200,False,0,0,García,0.3,316,113,False,None,0,0,a,0,2,7,2025-01-21,0.0,399,162,0,18744,4166,20169,1705,0.0,0.0,A.García,0
0,1993-06-08,0,0,False,True,0,0,0,0,0,106468,None,,0,0,0,0,0.0,445,176,0,0,None,,0,2,0.0,0.0,0,0.00,0,0.00,0,0.00,0.00,0,0,Álex,0.0,415,162,0,0,0,False,0.0,464,178,43,False,0.0,463,179,0,Has joined Girona permanently.,2025-08-26T13:45:03.013808Z,40,620,160,p106468,0,0,None,0,,106468.jpg,0.0,467,178,0,0,200,False,0,0,Moreno Lopera,2.9,108,40,False,None,0,0,u,0,2,7,2023-01-11,0.0,413,166,0,44476,0,743422,29564,0.0,0.0,Alex Moreno,0
0,2004-01-05,3,47,True,True,None,None,1,0.32,4,515597,None,,0,0,0,0,32.1,197,54,8,2.55,None,,0,2,1.7,2.2,2,0.08,0.03,0.08,0.03,0.00,3.28,1.05,0.0,Lamare,1.7,190,66,2,0.64,0,False,5.7,315,105,44,False,20.2,329,121,282,,None,40,677,189,p515597,0,0,None,0,,515597.jpg,2.5,205,77,9,0,152,False,0,0.0,Bogarde,0.7,197,75,False,None,3,0.96,a,4,2,7,2021-01-07,6.0,314,108,15,70800,6806,30315,5004,0.4,3.8,Bogarde,1
0,None,0,0,True,True,None,None,0,0,0,514315,None,,0,0,0,0,0.0,492,195,0,0,None,,0,2,0.0,0.5,0,0.00,0,0.00,0,0.00,0.00,0,0,Lino,0.0,462,181,0,0,0,False,0.0,510,196,45,False,0.0,508,196,0,,None,40,676,188,p514315,0,0,None,0,,514315.jpg,0.0,513,196,0,0,None,False,0,0,da Cruz Sousa,0.3,300,106,False,None,0,0,a,0,2,7,None,0.0,459,184,0,12035,902,19046,1679,0.0,0.0,Sousa,0
0,2006-04-20,0,0,False,True,0,0,0,0,0,587178,None,,0,0,0,0,0.0,509,207,0,0,None,,0,2,0.0,0.0,0,0.00,0,0.00,0,0.00,0.00,0,0,Yasin,0.0,481,195,0,0,0,False,0.0,527,208,46,False,0.0,525,208,0,has joined Anderlecht on loan for the rest of the season.,2025-09-22T21:15:59.805053Z,40,696,203,p587178,0,0,None,0,,587178.jpg,0.0,529,207,0,0,219,False,0,0,Özcan,0.2,388,142,False,None,0,0,u,0,2,7,2025-06-01,0.0,477,197,0,4656,0,15376,1405,0.0,0.0,Yasin,0
2,2002-07-26,0,69,True,True,100,100,2,0.29,11,244850,None,,0,0,-1,1,118.3,46,36,38,5.51,None,,0,3,4.0,4.5,5,0.64,0.09,1.10,0.16,0.46,9.78,1.42,0.07,Morgan,4.0,71,35,7,1.01,0,False,30.6,54,35,47,False,90.0,138,49,621,,2025-08-10T22:00:04.458365Z,69,41,26,p244850,0,0,None,0,,244850.jpg,3.1,139,59,22,0,241,False,0,0.0,Rogers,5.1,72,22,False,None,7,1.01,a,5,2,7,2024-02-01,98.0,51,29,22,453957,18148,956854,76550,0.6,3.2,Rogers,0
0,1997-05-07,0,46,True,True,25,0,1,0.29,4,166989,3,,0,0,-1,1,74.2,89,66,21,6.0,None,,0,3,0.0,0.0,0,0.37,0.11,0.50,0.15,0.13,6.48,1.85,0.04,Youri,0.0,722,320,4,1.14,0,False,13.8,204,101,48,False,34.2,276,126,315,Calf injury - 25% chance of playing,2025-09-14T22:00:07.795199Z,59,94,62,p166989,0,0,4,0,,166989.jpg,2.0,270,126,12,0,21,False,0,0.0,Tielemans,0.7,208,70,False,None,4,1.14,d,5,2,7,2023-06-14,29.0,195,114,8,46615,95,227852,10051,0.0,1.4,Tielemans,0
0,1997-08-09,0,0,False,True,0,0,0,0,0,215711,8,,0,0,0,0,0.0,724,319,0,0,4,,0,3,0.0,0.0,0,0.00,0,0.00,0,0.00,0.00,0,0,Leon,0.0,713,313,0,0,0,False,0.0,725,319,49,False,0.0,724,318,0,Has joined AS Roma on loan for the rest of the season.,2025-08-20T13:31:56.843157Z,55,145,91,p215711,0,0,None,0,,215711.jpg,0.0,725,319,0,0,107,False,0,0,Bailey,0.1,483,164,False,None,0,0,u,0,2,7,2021-08-04,0.0,722,319,0,2168,0,46580,529,0.0,0.0,Bailey,0
1,1996-12-25,3,46,True,True,None,None,1,0.29,8,195546,None,,0,0,-2,2,77.6,83,61,33,9.64,None,,1,3,4.3,4.8,0,0.58,0.17,1.30,0.38,0.72,3.87,1.13,0.21,Emiliano,4.3,53,25,3,0.88,1,False,23.6,102,59,50,False,75.8,163,63,308,,None,53,205,130,p195546,0,0,None,0,,195546.jpg,2.8,172,72,15,0,10,False,0,0.0,Buendía Stati,0.2,372,125,False,None,2,0.58,a,10,2,7,2021-06-10,82.0,66,41,17,21546,2311,20912,4635,0.8,3.2,Buendía,2
0,2003-10-04,0,0,False,True,0,0,0,0,0,469247,None,,0,0,0,0,0.0,725,320,0,0,None,,0,3,0.0,0.0,0,0.00,0,0.00,0,0.00,0.00,0,0,Samuel,0.0,715,315,0,0,0,False,0.0,726,320,51,False,0.0,725,319,0,has joined West Bromwich Albion on loan for the rest of the season,2025-09-22T21:15:59.838578Z,55,150,95,p469247,0,0,None,0,,469247.jpg,0.0,726,320,0,0,241,False,0,0,Iling-Junior,0.0,640,264,False,None,0,0,u,0,2,7,2024-07-01,0.0,724,320,0,1383,0,3307,229,0.0,0.0,Iling Jr,0
0,1999-01-19,3,62,True,True,None,None,0,0.0,1,204646,None,,0,0,-4,4,44.4,157,106,9,3.55,None,,1,3,5.7,6.2,15,0.13,0.05,0.93,0.37,0.80,3.77,1.49,0.32,Donyell,5.7,22,9,5,1.97,2,False,20.5,127,68,53,False,80.4,153,55,228,,None,51,237,147,p204646,0,0,None,0,,204646.jpg,3.1,136,56,6,0,152,False,0,0.0,Malen,0.7,198,65,False,None,2,0.79,a,2,2,7,2025-01-14,83.0,65,40,22,49340,23948,175917,6531,1.1,4.3,Malen,0
0,1994-10-18,0,102,True,True,None,None,3,0.49,10,122806,6,,0,0,-1,1,131.6,34,29,42,6.92,6,,0,3,3.7,4.2,3,0.91,0.15,1.52,0.25,0.61,8.17,1.35,0.1,John,3.7,84,41,5,0.82,1,False,26.1,80,47,54,False,90.6,136,47,546,,None,54,165,103,p122806,0,0,None,0,,122806.jpg,3.0,155,64,27,0,243,False,0,0.0,McGinn,0.7,206,68,False,None,7,1.15,a,5,2,7,2018-08-08,38.0,164,99,21,54287,6449,60704,8047,0.7,3.9,McGinn,1
0,1993-12-05,0,1,True,True,100,0,0,0.0,1,88894,None,,0,0,-2,2,0.3,392,198,3,45.0,None,,0,3,0.3,0.0,1,0.00,0.0,0.16,2.4,0.16,0.03,0.45,2.4,Ross,0.3,346,163,0,0.0,0,False,0.7,403,191,55,False,0.0,662,278,6,,2025-08-10T22:00:04.469618Z,48,364,228,p88894,0,0,None,0,,88894.jpg,1.0,365,170,2,0,241,False,0,0.0,Barkley,0.0,606,242,False,None,0,0.0,a,0,2,7,2024-07-01,7.0,306,160,1,681,358,7275,173,0.1,0.2,Barkley,0
0,None,0,0,False,True,0,0,0,0,0,491287,None,,0,0,0,0,0.0,699,305,0,0,None,,0,3,0.0,0.0,0,0.00,0,0.00,0,0.00,0.00,0,0,Enzo,0.0,678,290,0,0,0,False,0.0,702,305,56,False,0.0,701,304,0,Season-long loan to Benfica,2025-07-22T13:50:13.193555Z,50,279,171,p491287,0,0,None,0,,491287.jpg,0.0,702,305,0,0,None,False,0,0,Barrenechea,0.0,743,330,False,None,0,0,u,0,2,7,None,0.0,690,302,0,0,0,29,1,0.0,0.0,Barrenechea,0
0,2003-01-03,0,0,False,True,0,0,0,0,0,461421,None,,0,0,0,0,0.0,693,301,0,0,None,,0,3,0.0,0.0,0,0.00,0,0.00,0,0.00,0.00,0,0,Lewis,0.0,673,286,0,0,0,False,0.0,697,301,57,False,0.0,696,300,0,Has joined Preston North End on loan for the rest of the season.,2025-08-26T13:44:19.058961Z,50,270,165,p461421,0,0,None,0,,461421.jpg,0.0,697,301,0,0,241,False,0,0,Dobbin,0.0,626,255,False,None,0,0,u,0,2,7,2024-06-23,0.0,684,298,0,889,0,4979,128,0.0,0.0,Dobbin,0
2,1999-11-23,1,73,True,True,100,100,1,0.31,13,226944,None,,0,0,-1,1,63.1,112,80,36,11.02,None,,0,3,4.0,4.5,5,0.31,0.09,0.37,0.11,0.07,3.93,1.2,0.02,Boubacar,4.0,59,27,3,0.92,0,False,17.9,159,84,58,False,92.4,132,45,294,,2025-08-23T22:30:05.846310Z,49,324,201,p226944,0,0,None,0,,226944.jpg,3.0,148,61,16,0,73,False,0,0.0,Kamara,0.2,390,130,False,None,4,1.22,a,7,2,7,2022-06-11,24.0,216,123,15,12448,2852,20301,1268,0.8,3.1,Kamara,1
0,2001-08-16,0,32,True,True,100,0,1,0.58,9,449871,None,,-1,1,-2,2,6.3,334,178,23,13.44,None,,0,3,0.3,0.0,1,0.05,0.03,0.28,0.16,0.23,2.57,1.5,0.13,Amadou,0.3,349,166,1,0.58,0,False,5.6,318,158,59,False,34.2,275,125,154,,2025-08-29T18:30:08.037987Z,48,375,234,p449871,0,0,None,0,,449871.jpg,2.3,225,103,10,0,21,False,0,0.0,Onana,0.6,224,76,False,None,2,1.17,a,4,2,7,2024-07-22,16.0,254,140,7,60146,1294,188081,4733,0.1,1.5,Onana,1
0,2007-01-29,0,0,True,True,None,None,0,0,0,577731,None,,0,0,0,0,0.0,637,266,0,0,None,,0,3,0.0,0.5,0,0.00,0,0.00,0,0.00,0.00,0,0,Ben,0.0,608,244,0,0,0,False,0.0,645,266,60,False,0.0,643,264,0,,None,45,472,281,p577731,0,0,None,0,,577731.jpg,0.0,648,269,0,0,241,False,0,0,Broggio,0.3,292,99,False,None,0,0,a,0,2,7,2024-09-23,0.0,616,257,0,24692,2594,26785,2991,0.0,0.0,Broggio,0
0,1995-04-15,0,0,False,True,0,0,0,0,0,151589,None,,0,0,0,0,0.0,587,230,0,0,None,,0,3,0.0,0.0,0,0.00,0,0.00,0,0.00,0.00,0,0,Leander,0.0,558,207,0,0,0,False,0.0,597,230,61,False,0.0,595,228,0,Has joined Real Oviedo permanently.,2025-08-20T13:31:56.822248Z,45,397,242,p151589,0,0,None,0,,151589.jpg,0.0,601,233,0,0,21,False,0,0,Dendoncker,0.1,453,150,False,None,0,0,u,0,2,7,2022-09-01,0.0,563,220,0,2169,0,29330,906,0.0,0.0,Dendoncker,0
0,2006-10-02,0,0,True,True,None,None,0,0,0,559962,None,,0,0,0,0,0.0,626,260,0,0,None,,0,3,0.0,0.5,0,0.00,0,0.00,0,0.00,0.00,0,0,Jamaldeen,0.0,597,238,0,0,0,False,0.0,634,260,62,False,0.0,632,258,0,,None,45,459,274,p559962,0,0,None,0,,559962.jpg,0.0,637,263,0,0,241,False,0,0,Jimoh-Aloba,0.1,534,193,False,None,0,0,a,0,2,7,2024-09-23,0.0,605,251,0,4372,576,4748,584,0.0,0.0,Jimoh-Aloba,0
0,None,0,0,True,True,None,None,0,0,0,537403,None,,0,0,-1,1,0.0,566,217,0,0,None,,0,3,0.0,0.5,0,0.00,0,0.00,0,0.00,0.00,0,0,Kadan,0.0,539,194,0,0,0,False,0.0,578,217,63,False,0.0,576,215,0,,None,44,571,317,p537403,0,0,None,0,,537403.jpg,0.0,582,220,0,0,None,False,0,0,Young,0.7,207,69,False,None,0,0,a,0,2,7,None,0.0,543,207,0,47999,7968,56412,5970,0.0,0.0,Young,0
0,1995-12-30,2,62,True,True,100,None,3,0.45,4,178301,None,,0,0,-3,3,64.3,110,10,18,2.71,None,,0,4,4.0,4.5,2,0.22,0.03,1.90,0.28,1.68,8.98,1.35,0.25,Ollie,4.0,73,10,6,0.9,1,False,26.0,82,13,64,False,56.8,213,19,598,,2025-10-13T11:00:08.391124Z,87,8,4,p178301,0,0,3,0,,178301.jpg,2.9,169,17,10,0,241,False,0,0.0,Watkins,8.3,49,11,False,None,7,1.05,a,4,2,7,2020-09-09,140.0,22,11,20,497958,15640,2486011,201685,0.5,2.3,Watkins,0
0,None,0,0,False,True,0,0,0,0,0,576756,None,,0,0,0,0,0.0,635,62,0,0,None,,0,4,0.0,0.0,0,0.00,0,0.00,0,0.00,0.00,0,0,Zépiqueno,0.0,606,58,0,0,0,False,0.0,643,63,65,False,0.0,641,63,0,has joined Huddersfield Town on loan for the rest of the season.,2025-09-02T13:26:36.441136Z,45,469,63,p576756,0,0,None,0,,576756.jpg,0.0,646,63,0,0,None,False,0,0,Redmond,0.4,264,41,False,None,0,0,u,0,2,7,None,0.0,614,61,0,17574,0,71963,3212,0.0,0.0,Redmond,0
0,2003-04-04,0,13,True,True,None,None,0,0.0,2,444884,None,,0,0,-1,1,17.8,270,155,5,4.64,None,,0,3,0.7,1.2,0,0.06,0.06,0.25,0.24,0.19,1.74,1.61,0.18,Harvey,0.7,313,154,2,1.86,0,False,4.4,338,166,389,False,8.6,373,174,97,,None,54,185,115,p444884,0,0,None,0,,444884.jpg,1.0,394,192,3,0,241,False,0,0.0,Elliott,0.4,263,90,False,None,1,0.93,a,0,2,7,2025-09-01,18.0,247,137,4,87748,1463,64855,11395,0.1,0.7,Elliott,0
0,2000-03-25,0,2,True,True,100,75,0,0.0,0,209243,None,,0,0,-1,1,2.8,360,187,0,0.0,None,,0,3,0.3,0.6,0,0.04,0.45,0.06,0.67,0.02,0.00,0.0,0.22,Jadon,0.3,366,173,0,0.0,0,False,1.1,396,189,456,False,0.8,418,197,8,,2025-10-01T21:00:06.405442Z,59,100,68,p209243,0,0,None,0,,209243.jpg,1.0,405,199,0,0,241,False,0,0.0,Sancho,0.2,375,126,False,None,0,0.0,a,0,2,7,2025-09-01,7.0,312,164,1,24855,262,27783,4282,0.1,0.2,Sancho,0
0,2001-07-01,0,22,True,True,None,None,1,0.32,3,485337,None,,0,0,-2,2,9.4,322,172,29,9.26,None,,0,3,2.0,2.5,1,0.30,0.1,0.62,0.2,0.32,4.65,1.48,0.1,Evann,2.0,183,86,3,0.96,0,False,10.0,255,130,677,False,38.6,262,117,282,,None,63,75,52,p485337,0,0,None,0,,485337.jpg,1.5,317,150,15,0,54,False,0,0.0,Guessand,0.0,590,229,False,None,3,0.96,a,11,2,7,2025-08-08,52.0,122,76,9,3330,262,7376,647,0.3,1.4,Guessand,0
0,2004-12-02,0,0,True,True,None,None,0,0,0,481283,None,,0,0,0,0,0.0,481,47,0,0,None,,0,1,0.0,0.5,0,0.00,0,0.00,0,0.00,0.00,0,0,James,0.0,451,57,0,0,0,False,0.0,499,62,688,False,0.0,497,62,0,,None,40,664,70,p481283,0,0,None,0,,481283.jpg,0.0,502,62,0,0,241,False,0,0,Wright,0.5,241,33,False,None,0,0,a,0,2,7,2023-03-31,0.0,448,36,0,23989,433,17329,1495,0.0,0.0,Wright,0
0,2006-10-02,0,0,False,True,0,0,0,0,0,569577,None,,0,0,0,0,0.0,506,204,0,0,None,,0,2,0.0,0.0,0,0.00,0,0.00,0,0.00,0.00,0,0,Triston,0.0,478,192,0,0,0,False,0.0,524,205,701,False,0.0,522,205,0,has joined Annecy on loan for the rest of the season.,2025-09-22T21:15:59.825051Z,40,693,200,p569577,0,0,None,0,,569577.jpg,0.0,527,205,0,0,241,False,0,0,Rowe,0.1,475,174,False,None,0,0,u,0,2,7,2024-09-23,0.0,474,194,0,8943,0,7745,909,0.0,0.0,Rowe,0
0,2008-03-04,0,3,True,True,None,None,0,0.0,0,645618,None,,0,0,0,0,0.3,391,197,1,5.62,None,,0,3,0.0,0.5,0,0.00,0.0,0.00,0.0,0.00,0.90,5.06,0.0,Bradley,0.0,624,257,1,5.62,0,False,0.0,660,278,702,False,0.0,658,276,16,,None,45,491,295,p645618,0,0,None,0,,645618.jpg,1.0,364,169,1,0,241,False,0,0.0,Burrowes,0.1,511,178,False,None,0,0.0,a,0,2,7,2025-01-09,0.0,631,269,1,6762,227,4567,514,0.0,0.2,Burrowes,0
0,2006-12-21,0,0,True,True,None,None,0,0,0,564505,None,,0,0,0,0,0.0,503,57,0,0,None,,0,1,0.0,0.5,0,0.00,0,0.00,0,0.00,0.00,0,0,Sam,0.0,475,67,0,0,0,False,0.0,521,72,703,False,0.0,519,72,0,,None,40,690,80,p564505,0,0,None,0,,564505.jpg,0.0,524,72,0,0,241,False,0,0,Proctor,0.3,331,50,False,None,0,0,a,0,2,7,2023-12-16,0.0,471,46,0,18708,337,8264,986,0.0,0.0,Proctor,0
0,2005-10-06,0,0,True,True,None,None,0,0,0,534836,None,,0,0,0,0,0.0,495,198,0,0,None,,0,2,0.0,0.5,0,0.00,0,0.00,0,0.00,0.00,0,0,Travis,0.0,467,186,0,0,0,False,0.0,513,199,710,False,0.0,511,199,0,,None,40,682,194,p534836,0,0,None,0,,534836.jpg,0.0,516,199,0,0,241,False,0,0,Patterson,0.1,495,184,False,None,0,0,a,0,2,7,2025-08-30,0.0,463,188,0,7238,206,3786,522,0.0,0.0,Patterson,0
0,1994-07-17,0,9,True,True,100,100,0,0.0,1,184667,None,,0,0,0,0,0.4,388,141,1,4.29,None,,0,2,0.7,1.2,1,0.00,0.0,0.00,0.0,0.00,0.64,2.74,0.0,Victor,0.7,294,102,0,0.0,0,False,0.4,414,145,719,False,3.0,399,145,21,,2025-09-18T04:00:08.433120Z,45,402,77,p184667,0,0,None,0,,184667.jpg,1.0,358,129,0,0,206,False,0,0.0,Lindelöf,0.0,615,214,False,None,0,0.0,a,0,2,7,2025-09-01,0.0,566,222,3,3068,402,1497,309,0.2,0.7,Lindelöf,0
0,2004-06-15,0,0,True,True,None,None,0,0,0,518030,None,,0,0,-1,1,0.0,558,70,0,0,None,,0,1,0.0,-0.5,0,0.00,0,0.00,0,0.00,0.00,0,0,Max,0.0,531,77,0,0,0,False,0.0,570,80,183,False,0.0,568,80,0,,None,44,563,33,p518030,0,0,None,0,,518030.jpg,0.0,574,80,0,0,80,False,0,0,Weiß,0.1,435,67,False,None,0,0,a,0,3,90,2025-06-25,0.0,535,61,0,3022,265,9979,664,0.0,0.0,Weiss,0
0,2000-07-19,0,0,False,True,0,0,0,0,0,489571,None,,0,0,0,0,0.0,483,49,0,0,None,,0,1,0.0,0.0,0,0.00,0,0.00,0,0.00,0.00,0,0,Etienne,0.0,453,59,0,0,0,False,0.0,501,64,184,False,0.0,499,64,0,has joined FC Fredericia permanently.,2025-09-02T12:51:25.510909Z,40,666,72,p489571,0,0,None,0,,489571.jpg,0.0,504,64,0,0,241,False,0,0,Green,0.3,329,49,False,None,0,0,u,0,3,90,2024-08-07,0.0,450,38,0,4943,0,23235,1726,0.0,0.0,Green,0
0,1990-11-14,0,0,True,True,None,None,0,0,0,51943,None,,0,0,0,0,0.0,436,17,0,0,None,,0,1,0.0,-0.5,0,0.00,0,0.00,0,0.00,0.00,0,0,Václav,0.0,408,29,0,0,0,False,0.0,457,34,185,False,0.0,456,34,0,,None,40,611,40,p51943,0,0,None,0,,51943.jpg,0.0,460,34,0,0,57,False,0,0,Hladký,0.2,379,61,False,None,0,0,a,0,3,90,2024-07-19,0.0,404,6,0,4912,343,9343,796,0.0,0.0,Hladký,0
0,1995-09-23,0,0,True,True,0,0,0,0,0,192290,None,,0,0,-1,1,0.0,534,221,0,0,None,,0,2,0.0,0.0,0,0.00,0,0.00,0,0.00,0.00,0,0,Connor,0.0,506,211,0,0,0,False,0.0,548,221,186,False,0.0,546,221,0,Achilles injury - Unknown return date,2025-08-22T12:30:06.986449Z,44,513,120,p192290,0,0,None,0,,192290.jpg,0.0,550,220,0,0,244,False,0,0,Roberts,0.0,602,210,False,None,0,0,i,0,3,90,2021-08-31,0.0,506,214,0,741,24,7375,318,0.0,0.0,Roberts,0
0,1990-05-28,0,19,True,True,None,None,1,0.14,31,58621,None,,-1,1,-1,1,16.4,275,92,42,6.0,None,,0,2,0.7,0.2,1,0.19,0.03,0.31,0.05,0.12,13.67,1.95,0.02,Kyle,0.7,287,96,15,2.14,0,False,12.1,223,78,187,False,89.8,139,62,630,,None,44,497,107,p58621,0,0,None,0,,58621.jpg,1.6,304,106,33,0,241,False,0,0.0,Walker,1.5,150,56,False,None,7,1.0,a,11,3,90,2025-07-05,14.0,267,83,11,67752,6302,125659,10307,0.2,2.5,Walker,2
0,1999-02-28,0,0,True,True,None,None,0,0,0,247245,None,,0,0,-1,1,0.0,406,149,0,0,None,,0,2,0.0,-0.5,0,0.00,0,0.00,0,0.00,0.00,0,0,Hannes,0.0,378,135,0,0,0,False,0.0,428,152,188,False,0.0,427,153,0,,None,39,714,218,p247245,0,0,None,0,,247245.jpg,0.0,431,152,0,0,92,False,0,0,Delcroix,0.3,330,118,False,None,0,0,a,0,3,90,2023-08-22,0.0,374,139,0,9678,660,18321,1344,0.0,0.0,Delcroix,0
0,2003-03-19,0,0,False,True,0,0,0,0,0,461567,None,,0,0,0,0,0.0,473,189,0,0,None,,0,2,0.0,0.0,0,0.00,0,0.00,0,0.00,0.00,0,0,Owen,0.0,443,175,0,0,0,False,0.0,491,190,189,False,0.0,489,190,0,Has joined Stockport County on loan for the rest of the season.,2025-08-11T01:08:30.737822Z,40,652,177,p461567,0,0,None,0,,461567.jpg,0.0,494,190,0,0,241,False,0,0,Dodgson,0.0,672,228,False,None,0,0,u,0,3,90,2021-08-20,0.0,440,178,0,0,0,2014,66,0.0,0.0,Dodgson,0
0,1998-10-21,1,44,True,True,None,None,1,0.17,52,478969,None,,0,0,0,0,26.4,229,69,60,10.15,None,,0,2,0.7,0.2,0,0.16,0.03,0.31,0.06,0.15,11.24,1.9,0.03,Hjalmar,0.7,285,95,12,2.03,0,False,21.7,121,38,190,False,130.2,72,32,532,,None,40,663,182,p478969,0,0,None,0,,478969.jpg,3.2,129,52,14,0,206,False,0,0.0,Ekdal,1.4,156,58,False,None,6,1.02,a,8,3,90,2023-01-21,61.0,98,16,19,206957,2828,84796,10395,0.2,4.8,Ekdal,0
0,2002-05-26,0,35,True,True,None,None,1,0.14,60,477717,None,,0,0,0,0,14.4,287,95,67,9.69,None,,0,2,1.0,0.5,1,0.02,0.0,0.21,0.03,0.19,13.56,1.96,0.03,Maxime,1.0,246,83,15,2.17,0,False,18.1,153,49,191,False,135.6,68,28,622,,None,40,662,181,p477717,2,0,None,0,,477717.jpg,2.1,245,85,15,0,73,False,0,0.0,Estève,13.3,28,10,False,None,7,1.01,a,7,3,90,2024-06-14,30.0,186,45,15,413950,19399,953253,92041,0.2,3.8,Estève,0
2,2001-11-14,0,68,True,True,None,None,1,0.14,37,494960,2,,0,0,0,0,122.5,41,8,51,7.32,None,,0,2,3.0,2.5,4,0.69,0.1,0.82,0.12,0.13,13.05,1.87,0.02,Quilindschy,3.0,100,36,13,1.87,0,False,30.6,52,10,192,False,154.8,46,19,627,,None,40,671,186,p494960,0,0,None,0,,494960.jpg,3.0,141,56,15,0,152,False,0,0.0,Hartman,0.6,222,83,False,None,7,1.0,a,14,3,90,2025-06-26,29.0,190,47,21,45641,11762,38312,3674,0.8,5.2,Hartman,1
0,2003-03-15,0,-5,True,True,100,100,0,0.0,0,461188,None,,0,0,0,0,0.0,470,187,0,0.0,None,,0,2,0.0,-0.5,0,0.00,0.0,0.00,0.0,0.00,0.62,27.9,0.0,Bashir,0.0,440,173,2,90.0,0,False,0.0,488,188,193,False,0.2,419,147,2,,2025-08-10T22:00:04.557380Z,40,649,175,p461188,0,0,None,0,,461188.jpg,0.0,491,188,0,0,241,False,0,0.0,Humphreys,0.1,541,196,False,None,0,0.0,a,0,3,90,2025-07-01,0.0,437,176,0,1789,188,3549,349,0.0,0.0,Humphreys,0
0,2000-05-19,0,0,True,True,0,0,0,0,0,241231,None,,0,0,0,0,0.0,463,183,0,0,None,,0,2,0.0,0.0,0,0.00,0,0.00,0,0.00,0.00,0,0,Jordan,0.0,432,168,0,0,0,False,0.0,481,184,194,False,0.0,480,185,0,Hamstring injury - Unknown return date,2025-08-22T12:30:07.019474Z,40,639,168,p241231,0,0,None,0,,241231.jpg,0.0,484,184,0,0,80,False,0,0,Beyer,0.1,499,186,False,None,0,0,i,0,3,90,2023-07-01,0.0,430,172,0,894,46,12088,558,0.0,0.0,Jordan,0
0,2001-03-24,0,0,True,True,None,None,0,0,0,549329,None,,0,0,-1,1,0.0,423,165,0,0,None,,0,2,0.0,-0.5,0,0.00,0,0.00,0,0.00,0.00,0,0,Lucas,0.0,395,151,0,0,0,False,0.0,445,168,195,False,0.0,444,169,0,,None,39,731,234,p549329,0,0,None,0,,549329.jpg,0.0,448,168,0,0,30,False,0,0,Pires Silva,0.2,376,137,False,None,0,0,a,0,3,90,2024-07-16,0.0,391,155,0,8921,330,10797,932,0.0,0.0,Lucas Pires,0
0,2001-08-19,0,0,False,True,0,0,0,0,0,450072,None,,0,0,0,0,0.0,469,186,0,0,None,,0,2,0.0,0.0,0,0.00,0,0.00,0,0.00,0.00,0,0,Shurandy,0.0,439,172,0,0,0,False,0.0,487,187,196,False,0.0,486,188,0,Has joined Sparta Rotterdam on loan for the rest of the season.,2025-08-19T13:36:42.853472Z,40,648,174,p450072,0,0,None,0,,450072.jpg,0.0,490,187,0,0,152,False,0,0,Sambo,0.1,564,206,False,None,0,0,u,0,3,90,2024-06-28,0.0,436,175,0,202,0,8189,271,0.0,0.0,Sambo,0
0,2000-11-10,0,-2,True,True,None,None,0,0.0,1,519895,None,,0,0,0,0,16.4,274,91,2,1.76,None,,0,2,0.0,-0.5,0,0.08,0.07,0.11,0.1,0.03,3.31,2.92,0.03,Oliver,0.0,466,185,4,3.53,0,False,3.0,367,128,197,False,7.6,379,140,102,,None,40,681,193,p519895,0,0,None,0,,519895.jpg,1.0,347,123,3,0,169,False,0,0.0,Sonne,0.1,419,156,False,None,1,0.88,a,1,3,90,2025-01-01,6.0,315,109,3,4299,306,8161,661,0.0,0.8,Sonne,0
0,1997-11-14,0,6,True,True,100,100,0,0.0,4,180804,None,,0,0,-1,1,0.9,372,132,7,7.0,None,,0,2,0.3,-0.2,1,0.01,0.01,0.01,0.01,0.00,1.37,1.37,0.0,Axel,0.3,325,108,2,2.0,0,False,1.9,382,133,198,False,17.6,341,127,90,,2025-08-22T12:30:07.036752Z,39,708,213,p180804,0,0,None,0,,180804.jpg,1.0,341,117,4,0,50,False,0,0.0,Tuanzebe,1.8,142,55,False,None,1,1.0,a,3,3,90,2025-07-01,0.0,368,134,1,89903,6367,145760,9885,0.1,0.3,Tuanzebe,0
0,1997-01-10,0,9,True,True,None,None,0,0.0,5,208912,None,,0,0,-1,1,0.3,390,142,6,28.42,None,,0,2,0.3,-0.2,1,0.00,0.0,0.00,0.0,0.00,2.17,10.28,0.0,Joe,0.3,326,109,2,9.47,0,False,1.2,394,140,199,False,11.2,365,137,19,,None,39,709,214,p208912,0,0,None,0,,208912.jpg,1.0,342,118,1,0,241,False,0,0.0,Worrall,0.2,355,127,False,None,0,0.0,a,1,3,90,2024-08-23,0.0,369,135,4,13552,5212,8482,1497,0.1,1.0,Worrall,0
1,1999-12-01,5,144,True,True,75,None,2,0.31,14,444180,3,,0,0,2,-2,100.4,60,46,55,8.43,1,,2,3,4.3,5.2,1,0.62,0.1,2.78,0.43,2.16,11.73,1.8,0.33,Jaidon,5.7,23,10,11,1.69,4,False,49.4,10,8,200,True,219.0,6,3,587,Knock - 75% chance of playing,2025-10-07T11:30:07.662899Z,57,126,83,p444180,0,0,None,0,,444180.jpg,5.9,20,6,29,0,241,False,0,0.0,Anthony,6.7,61,19,False,None,7,1.07,d,12,3,90,2025-07-01,174.0,13,6,41,947630,144636,207247,92430,1.0,7.2,Anthony,2
0,1997-03-28,0,0,False,True,0,0,0,0,0,183751,None,,0,0,-1,1,0.0,713,312,0,0,None,,0,3,0.0,0.0,0,0.00,0,0.00,0,0.00,0.00,0,0,Manuel,0.0,699,304,0,0,0,False,0.0,715,312,201,False,0.0,714,311,0,has joined Swansea City on loan for the rest of the season.,2025-09-22T21:45:34.872207Z,54,169,105,p183751,0,0,None,0,,183751.jpg,0.0,715,312,0,0,6,False,0,0,Benson Hedilazio,0.0,659,277,False,None,0,0,u,0,3,90,2022-08-04,0.0,709,312,0,1070,0,2708,190,0.0,0.0,Benson,0
1,1998-09-19,0,31,True,True,100,100,1,0.38,6,179458,None,,0,0,-2,2,31.2,201,128,15,5.74,None,,0,3,0.7,0.2,1,0.34,0.13,0.39,0.15,0.05,5.43,2.08,0.02,Jacob,0.7,309,153,7,2.68,0,False,8.3,276,137,202,False,33.2,281,128,235,,2025-09-14T22:00:08.065375Z,53,204,129,p179458,0,0,2,0,,179458.jpg,2.2,238,113,8,0,58,False,0,0.0,Bruun Larsen,0.0,616,249,False,None,2,0.77,a,1,3,90,2025-07-11,20.0,234,129,11,2064,330,4162,239,0.1,2.1,Bruun Larsen,0
0,2005-01-13,0,0,True,True,None,None,0,0,0,578614,None,,0,0,-2,2,0.0,662,282,0,0,None,,0,3,0.0,-0.5,0,0.00,0,0.00,0,0.00,0.00,0,0,Enock,0.0,636,262,0,0,0,False,0.0,669,282,203,False,0.0,668,281,0,,None,48,384,240,p578614,0,0,None,0,,578614.jpg,0.0,668,281,0,0,21,False,0,0,Agyei,0.0,589,228,False,None,0,0,a,0,3,90,2023-01-30,0.0,643,274,0,1230,142,4065,266,0.0,0.0,Boateng,0
0,2000-07-11,0,0,False,True,0,0,0,0,0,250735,None,,0,0,-1,1,0.0,674,289,0,0,None,,0,3,0.0,0.0,0,0.00,0,0.00,0,0.00,0.00,0,0,Darko,0.0,652,272,0,0,0,False,0.0,680,289,204,False,0.0,679,288,0,has joined Kocaelispor  permanently.,2025-09-02T12:51:25.524903Z,49,329,205,p250735,0,0,None,0,,250735.jpg,0.0,679,288,0,0,None,False,0,0,Churlinov,0.0,676,288,False,None,0,0,u,0,3,90,2022-08-19,0.0,659,283,0,160,0,1836,52,0.0,0.0,Churlinov,0
1,1996-04-07,5,150,True,True,None,None,2,0.31,38,172567,1,,0,0,0,0,107.4,56,43,86,13.12,None,,1,3,4.7,4.2,6,0.59,0.09,0.77,0.12,0.18,11.65,1.78,0.03,Josh,4.7,39,18,12,1.83,1,False,32.5,43,29,205,False,189.2,17,7,590,,None,50,249,153,p172567,1,0,None,0,,172567.jpg,5.3,30,10,33,0,104,False,0,0.0,Cullen,2.2,125,44,False,None,7,1.07,a,15,3,90,2022-07-12,28.0,198,116,37,362298,49987,157860,16624,0.9,7.4,Cullen,0
0,1998-12-03,0,3,True,True,None,None,0,0.0,0,174592,4,,0,0,-2,2,0.0,655,279,0,0.0,None,,0,3,0.0,-0.5,0,0.00,0.0,0.00,0.0,0.00,0.00,0.0,0.0,Marcus,0.0,629,259,0,0.0,0,False,0.0,664,280,206,False,0.0,663,279,5,,None,48,366,229,p174592,0,0,None,0,,174592.jpg,1.0,366,171,0,0,241,False,0,0.0,Edwards,0.1,557,204,False,None,0,0.0,a,0,3,90,2025-07-01,0.0,636,271,1,3319,149,8819,578,0.0,0.2,Edwards,0
0,2003-01-21,0,33,True,True,None,None,1,0.37,3,465527,None,,0,0,-1,1,40.7,172,115,20,7.32,3,,0,3,0.7,0.2,0,0.21,0.08,0.37,0.14,0.16,6.65,2.43,0.06,Hannibal,0.7,299,145,7,2.56,0,False,6.8,302,149,207,False,15.0,351,162,246,,None,49,340,212,p465527,0,0,None,0,,465527.jpg,2.0,262,121,11,0,218,False,0,0.0,Mejbri,0.1,426,145,False,None,3,1.1,a,6,3,90,2024-08-28,13.0,278,149,12,8565,488,13451,1283,0.1,2.4,Hannibal,0
0,2004-09-15,0,0,False,True,0,0,0,0,0,487702,None,,0,0,0,0,0.0,698,304,0,0,None,,0,3,0.0,0.0,0,0.00,0,0.00,0,0.00,0.00,0,0,Luca,0.0,677,289,0,0,0,False,0.0,701,304,208,False,0.0,700,303,0,Has joined Espanyol on loan for the rest of the season.,2025-08-22T14:15:37.649817Z,50,278,170,p487702,0,0,None,0,,487702.jpg,0.0,701,304,0,0,106,False,0,0,Koleosho,0.0,684,292,False,None,0,0,u,0,3,90,2023-07-25,0.0,689,301,0,68,0,2823,47,0.0,0.0,Koleosho,0
0,1995-05-06,0,53,True,True,None,None,0,0.0,23,167887,None,,0,0,-1,1,21.3,247,147,40,8.04,None,,0,3,2.0,1.5,2,0.14,0.03,0.30,0.06,0.16,9.42,1.89,0.03,Josh,2.0,164,76,12,2.41,0,False,10.8,241,122,209,False,52.6,224,97,448,,None,49,304,190,p167887,0,0,None,0,,167887.jpg,1.6,306,144,15,0,241,False,0,0.0,Laurent,0.0,624,254,False,None,5,1.0,a,2,3,90,2024-08-30,32.0,181,107,11,980,146,2041,168,0.4,2.2,Laurent,1
1,2003-09-08,0,40,True,True,None,None,1,0.29,4,469272,None,,0,0,-1,1,29.8,208,132,18,5.24,None,,0,3,1.7,1.2,1,0.16,0.05,0.48,0.14,0.32,5.63,1.64,0.09,Loum,1.7,205,91,5,1.46,0,False,8.2,279,139,210,False,18.6,336,157,309,,None,49,343,214,p469272,0,0,None,0,,469272.jpg,1.9,275,129,9,0,73,False,0,0.0,Tchaouna,0.0,601,239,False,None,4,1.17,a,5,3,90,2025-07-02,33.0,177,105,13,2249,289,2323,261,0.3,2.7,Tchaouna,1
0,2003-01-21,0,0,False,True,0,0,0,0,0,447715,None,,0,0,-1,1,0.0,541,202,0,0,None,,0,3,0.0,0.0,0,0.00,0,0.00,0,0.00,0.00,0,0,Aaron,0.0,515,179,0,0,0,False,0.0,555,202,211,False,0.0,553,200,0,has joined Leicester City on loan for the rest of the season.,2025-09-02T12:51:25.540742Z,44,534,300,p447715,0,0,None,0,,447715.jpg,0.0,559,205,0,0,241,False,0,0,Ramsey,2.7,112,40,False,None,0,0,u,0,3,90,2023-08-22,0.0,517,192,0,62789,0,788559,37137,0.0,0.0,A.Ramsey,0
0,2005-02-23,0,0,False,True,0,0,0,0,0,576323,None,,0,0,0,0,0.0,634,265,0,0,None,,0,3,0.0,0.0,0,0.00,0,0.00,0,0.00,0.00,0,0,Oluwaseun,0.0,605,243,0,0,0,False,0.0,642,265,212,False,0.0,640,263,0,Has joined Cercle Brugge on loan for the rest of the season.,2025-08-15T12:03:26.649417Z,45,468,279,p576323,0,0,None,0,,576323.jpg,0.0,645,268,0,0,14,False,0,0,Adewumi,0.0,698,301,False,None,0,0,u,0,3,90,2024-08-29,0.0,613,256,0,0,0,2439,78,0.0,0.0,Adewumi,0
0,2004-10-19,0,0,True,True,None,None,0,0,0,551206,None,,0,0,0,0,0.0,623,258,0,0,None,,0,3,0.0,-0.5,0,0.00,0,0.00,0,0.00,0.00,0,0,Jaydon,0.0,594,236,0,0,0,False,0.0,631,258,213,False,0.0,629,256,0,,None,45,455,272,p551206,0,0,None,0,,551206.jpg,0.0,634,261,0,0,152,False,0,0,Banel,0.0,586,225,False,None,0,0,a,0,3,90,2025-02-03,0.0,602,249,0,3508,522,3652,419,0.0,0.0,Banel,0
0,1999-05-28,0,0,True,True,None,None,0,0,0,437748,None,,0,0,-1,1,0.0,539,201,0,0,None,,0,3,0.0,-0.5,0,0.00,0,0.00,0,0.00,0.00,0,0,Mike,0.0,513,178,0,0,0,False,0.0,553,201,214,False,0.0,551,199,0,,None,44,531,299,p437748,0,0,None,0,,437748.jpg,0.0,557,204,0,0,21,False,0,0,Trésor Ndayishimiye,0.1,502,171,False,None,0,0,a,0,3,90,2024-07-01,0.0,514,191,0,6138,871,6714,748,0.0,0.0,Trésor,0
0,1998-08-01,0,11,True,True,None,None,0,0.0,0,431639,None,,0,0,-2,2,10.1,314,34,1,2.81,2,,0,4,0.7,0.2,1,0.00,0.0,0.12,0.34,0.12,0.64,1.8,0.34,Zian,0.7,310,32,0,0.0,0,False,2.0,381,40,215,False,2.2,406,43,32,,None,53,211,44,p431639,0,0,None,0,,431639.jpg,1.0,388,39,1,0,152,False,0,0.0,Flemming,0.1,460,65,False,None,0,0.0,a,0,3,90,2025-06-01,9.0,295,41,4,6969,791,15724,934,0.1,0.8,Flemming,0
0,2000-12-04,0,0,True,True,0,0,0,0,0,492831,None,,0,0,-1,1,0.0,682,70,0,0,None,,0,4,0.0,0.0,0,0.00,0,0.00,0,0.00,0.00,0,0,Zeki,0.0,661,67,0,0,0,False,0.0,688,71,216,False,0.0,687,71,0,Knee injury - Unknown return date,2025-08-10T22:00:04.567659Z,49,350,58,p492831,0,0,None,0,,492831.jpg,0.0,687,71,0,0,207,False,0,0,Amdouni,0.0,638,79,False,None,0,0,i,0,3,90,2023-07-19,0.0,668,69,0,717,70,4618,282,0.0,0.0,Amdouni,0
1,2000-09-03,2,82,True,True,75,None,2,0.32,11,435973,None,,0,0,0,0,66.5,103,8,31,4.94,None,,0,4,2.2,2.5,1,0.13,0.02,1.06,0.17,0.93,11.24,1.79,0.15,Lyle,3.0,104,12,12,1.91,1,False,21.2,123,18,217,False,82.2,151,12,565,Dead leg - 75% chance of playing,2025-10-14T13:00:06.552171Z,50,268,52,p435973,0,0,None,0,,435973.jpg,3.0,152,14,15,0,198,False,0,0.0,Foster,2.3,121,19,False,None,7,1.12,d,5,3,90,2023-01-25,67.0,84,22,21,367556,40188,169500,36542,0.6,4.2,Foster,2
0,1989-10-30,0,0,True,True,None,None,0,0,0,44699,None,,0,0,-1,1,0.0,525,47,0,0,None,,0,4,0.0,-0.5,0,0.00,0,0.00,0,0.00,0.00,0,0,Ashley,0.0,496,44,0,0,0,False,0.0,541,49,218,False,0.0,539,49,0,,None,44,494,68,p44699,0,0,1,0,,44699.jpg,0.0,543,49,0,0,241,False,0,0,Barnes,1.4,154,24,False,None,0,0,a,0,3,90,2025-01-02,0.0,497,47,0,74603,5427,183334,13073,0.0,0.0,Barnes,0
0,2000-07-06,0,0,False,True,0,0,0,0,0,220598,None,,0,0,-1,1,0.0,535,48,0,0,None,,0,4,0.0,0.0,0,0.00,0,0.00,0,0.00,0.00,0,0,Michael,0.0,508,45,0,0,0,False,0.0,549,50,219,False,0.0,547,50,0,has joined VfL Bochum  on loan for the rest of the season.,2025-09-02T12:51:25.555230Z,44,519,69,p220598,0,0,None,0,,220598.jpg,0.0,551,50,0,0,104,False,0,0,Obafemi,0.2,380,56,False,None,0,0,u,0,3,90,2023-07-01,0.0,508,48,0,4151,0,33630,1655,0.0,0.0,Obafemi,0
0,1989-01-15,0,93,True,True,100,100,1,0.14,11,67089,None,,0,0,0,0,0.0,438,19,0,0.0,None,,0,1,2.3,1.8,2,0.00,0.0,0.00,0.0,0.00,13.67,1.95,0.0,Martin,2.3,133,9,15,2.14,0,False,21.9,118,2,470,False,218.0,7,1,630,,2025-08-11T10:30:07.723845Z,40,613,42,p67089,0,0,None,0,,67089.jpg,2.9,161,16,55,0,194,False,29,4.14,Dúbravka,34.2,6,1,False,None,7,1.0,a,0,3,90,2025-08-07,0.0,406,8,20,858130,67900,510794,52358,0.6,5.0,Dúbravka,0
0,2004-03-26,1,50,True,True,100,100,1,0.32,7,503714,None,,0,0,0,0,20.7,250,148,27,8.53,None,,0,3,2.7,2.2,7,0.02,0.01,0.32,0.1,0.30,6.51,2.06,0.09,Lesley,2.7,123,57,6,1.89,1,False,11.0,239,120,676,False,62.4,192,78,285,,2025-09-14T22:00:08.706775Z,50,284,175,p503714,0,0,None,0,,503714.jpg,2.2,236,111,8,1,73,False,0,0.0,Ugochukwu,0.0,595,234,False,None,3,0.95,a,12,3,90,2025-08-06,29.0,192,112,13,1744,549,3504,193,0.5,2.6,Ugochukwu,0
0,2001-09-10,0,7,True,True,100,100,0,0.0,1,440323,None,,0,0,-2,2,0.9,373,40,3,6.43,None,,0,4,0.7,0.2,1,0.00,0.0,0.00,0.0,0.00,2.11,4.52,0.0,Armando,0.7,311,33,4,8.57,0,False,1.0,397,41,680,False,6.2,382,36,42,,2025-08-22T12:30:07.403187Z,53,213,45,p440323,0,0,None,0,,440323.jpg,1.0,390,40,0,0,2,False,0,0.0,Broja,0.1,423,60,False,None,0,0.0,a,2,3,90,2025-08-08,2.0,356,44,3,8422,1129,21638,1277,0.1,0.6,Broja,0
0,1999-08-19,0,55,True,True,None,None,0,0.0,15,216055,None,,0,0,0,0,38.0,181,120,49,14.85,None,,0,3,3.7,3.2,4,0.04,0.01,0.04,0.01,0.00,5.74,1.74,0.0,Florentino Ibrain,3.7,82,39,9,2.73,0,False,11.4,236,118,722,False,75.8,162,62,297,,None,50,259,159,p216055,0,0,None,0,,216055.jpg,3.0,151,62,16,0,173,False,0,0.0,Morris Luís,0.0,673,286,False,None,3,0.91,a,18,3,90,2025-09-01,0.0,680,294,12,1405,525,561,123,0.7,2.4,Florentino,1
0,1989-07-19,0,0,False,True,0,0,0,0,0,69752,None,,0,0,0,0,0.0,585,72,0,0,None,,0,1,0.0,0.0,0,0.00,0,0.00,0,0.00,0.00,0,0,Norberto,0.0,557,79,0,0,0,False,0.0,596,82,66,False,0.0,594,82,0,Has joined Botafogo permanently.,2025-08-11T01:25:12.553868Z,45,390,21,p69752,0,0,None,0,,69752.jpg,0.0,600,82,0,0,30,False,0,0,Murara Neto,0.1,500,77,False,None,0,0,u,0,4,91,2022-08-07,0.0,561,63,0,0,0,14002,602,0.0,0.0,Neto,0
0,1999-10-08,0,113,True,True,None,None,3,0.43,12,457569,None,,0,0,0,0,0.0,602,75,0,0.0,None,,0,1,4.0,4.0,3,0.00,0.0,0.00,0.0,0.00,6.34,0.91,0.0,Đorđe,4.0,58,4,8,1.14,0,False,15.5,183,8,67,False,155.2,44,8,630,,None,45,427,25,p457569,0,0,None,0,,457569.jpg,3.9,85,8,52,0,190,False,19,2.71,Petrović,5.7,66,12,False,None,7,1.0,a,0,4,91,2025-07-16,0.0,581,67,27,537236,32688,241627,27525,0.9,6.0,Petrović,1
0,2000-07-10,0,0,True,True,None,None,0,0,0,444172,None,,0,0,0,0,0.0,467,38,0,0,None,,0,1,0.0,0.0,0,0.00,0,0.00,0,0.00,0.00,0,0,Will,0.0,437,48,0,0,0,False,0.0,485,53,68,False,0.0,484,53,0,,None,40,646,61,p444172,0,0,None,0,,444172.jpg,0.0,488,53,0,0,241,False,0,0,Dennis,1.0,173,24,False,None,0,0,a,0,4,91,2019-08-01,0.0,434,27,0,37191,1837,41264,4089,0.0,0.0,Dennis,0
0,2006-12-22,0,0,True,True,None,None,0,0,0,568791,None,,0,0,0,0,0.0,505,58,0,0,None,,0,1,0.0,0.0,0,0.00,0,0.00,0,0.00,0.00,0,0,Callan,0.0,477,68,0,0,0,False,0.0,523,73,69,False,0.0,521,73,0,,None,40,692,81,p568791,0,0,None,0,,568791.jpg,0.0,526,73,0,0,243,False,0,0,McKenna,0.2,359,54,False,None,0,0,a,0,4,91,2024-02-01,0.0,473,47,0,5459,325,7571,716,0.0,0.0,McKenna,0
0,2002-07-04,0,0,False,True,0,0,0,0,0,495145,None,,0,0,0,0,0.0,488,51,0,0,None,,0,1,0.0,0.0,0,0.00,0,0.00,0,0.00,0.00,0,0,Alex,0.0,458,61,0,0,0,False,0.0,506,66,70,False,0.0,504,66,0,Has joined Lechia Gdansk on loan for the rest of the season.,2025-08-27T12:50:21.648936Z,40,672,74,p495145,0,0,None,0,,495145.jpg,0.0,509,66,0,0,154,False,0,0,Paulsen,0.1,498,76,False,None,0,0,u,0,4,91,2024-07-01,0.0,455,40,0,1107,0,7588,489,0.0,0.0,Paulsen,0
0,2002-09-01,0,0,False,True,0,0,0,0,0,477580,None,,0,0,0,0,0.0,697,240,0,0,None,,0,2,0.0,0.0,0,0.00,0,0.00,0,0.00,0.00,0,0,Illia,0.0,676,234,0,0,0,False,0.0,700,240,71,False,0.0,699,240,0,Has joined Paris Saint-Germain permanently.,2025-08-12T13:14:36.028170Z,50,276,45,p477580,0,0,None,0,,477580.jpg,0.0,700,240,0,0,225,False,0,0,Zabarnyi,0.0,630,216,False,None,0,0,u,0,4,91,2023-01-31,0.0,688,238,0,0,0,7800,104,0.0,0.0,Zabarnyi,0
2,1997-05-10,6,146,True,True,None,None,3,0.44,76,221466,None,,1,-1,5,-5,67.8,99,21,88,12.84,None,,1,2,6.0,6.0,2,1.09,0.16,1.23,0.18,0.14,6.06,0.88,0.02,Marcos,6.0,13,5,8,1.17,0,False,31.4,49,9,72,True,225.8,4,1,617,,None,50,260,40,p221466,0,0,None,0,,221466.jpg,6.6,8,4,26,0,10,False,0,0.0,Senesi Barón,25.8,13,5,False,None,7,1.02,a,12,4,91,2022-08-08,20.0,233,68,46,3126312,275763,254767,58703,1.2,9.2,Senesi,1
0,1991-04-29,0,28,True,True,75,0,1,0.44,10,54469,None,,0,0,-1,1,14.0,290,97,11,4.85,None,,0,2,0.0,0.0,0,0.09,0.04,0.09,0.04,0.00,2.56,1.13,0.0,Adam,0.0,498,205,3,1.32,0,False,3.6,354,123,73,False,17.8,340,126,204,Lack of match fitness - 75% chance of playing,2025-08-31T01:00:07.918421Z,44,496,106,p54469,0,0,None,0,,54469.jpg,2.7,179,69,3,0,241,False,0,0.0,Smith,0.2,386,141,False,None,3,1.32,d,1,4,91,2014-01-28,4.0,328,114,8,13629,46,30418,1240,0.0,1.8,Smith,0
1,2001-11-20,4,121,True,True,None,None,3,0.43,32,494521,None,,0,0,0,0,117.2,47,11,46,6.57,None,,0,2,5.7,5.7,5,0.44,0.06,0.48,0.07,0.04,6.34,0.91,0.01,Adrien,5.7,19,8,8,1.14,0,False,27.6,68,15,74,False,144.6,58,25,630,,None,45,439,96,p494521,0,0,None,0,,494521.jpg,4.6,49,21,34,0,73,False,0,0.0,Truffert,2.2,128,48,False,None,7,1.0,a,14,4,91,2025-06-16,15.0,259,78,32,270994,40482,98541,12725,1.3,7.1,Truffert,0
0,2006-10-17,0,0,True,True,None,None,0,0,0,541462,None,,0,0,0,0,0.0,497,199,0,0,None,,0,2,0.0,0.0,0,0.00,0,0.00,0,0.00,0.00,0,0,Matai,0.0,469,187,0,0,0,False,0.0,515,200,75,False,0.0,513,200,0,,None,40,684,195,p541462,0,0,None,0,,541462.jpg,0.0,518,200,0,0,229,False,0,0,Akinmboni,0.3,325,116,False,None,0,0,a,0,4,91,2025-01-03,0.0,465,189,0,9093,546,17575,1501,0.0,0.0,Akinmboni,0
0,2003-10-26,0,0,True,True,None,None,0,0,0,518906,None,,0,0,-1,1,0.0,418,160,0,0,None,,0,2,0.0,0.0,0,0.00,0,0.00,0,0.00,0.00,0,0,Owen,0.0,390,146,0,0,0,False,0.0,440,163,76,False,0.0,439,164,0,,None,39,726,229,p518906,0,0,None,0,,518906.jpg,0.0,443,163,0,0,244,False,0,0,Bevan,0.2,381,138,False,None,0,0,a,0,4,91,2022-08-22,0.0,386,150,0,5401,1389,9455,933,0.0,0.0,Bevan,0
0,2002-01-10,0,58,True,True,None,None,2,0.7,14,463981,None,,0,0,0,0,5.3,339,115,17,5.93,None,,0,2,2.3,2.3,6,0.19,0.07,0.31,0.11,0.12,1.18,0.41,0.04,James,2.3,134,48,2,0.7,0,False,8.1,280,95,77,False,33.8,277,102,258,,None,40,656,178,p463981,0,0,None,0,,463981.jpg,2.7,178,68,8,0,241,False,0,0.0,Hill,0.9,186,70,False,None,2,0.7,a,3,4,91,2022-01-05,41.0,151,30,16,78274,7486,58459,4592,0.6,4.0,Hill,1
0,2001-08-13,0,0,True,True,100,100,0,0,0,436893,None,,0,0,0,0,0.0,465,184,0,0,None,,0,2,0.0,0.0,0,0.00,0,0.00,0,0.00,0.00,0,0,Julián,0.0,434,169,0,0,0,False,0.0,483,185,78,False,0.0,482,186,0,,2025-08-28T17:00:07.495624Z,40,643,171,p436893,0,0,None,0,,436893.jpg,0.0,486,185,0,0,139,False,0,0,Araujo Zúñiga,0.8,194,73,False,None,0,0,a,0,4,91,2024-08-13,0.0,432,173,0,21961,995,78263,5271,0.0,0.0,J.Araujo,0
0,1997-11-05,0,0,False,True,0,0,0,0,0,223911,None,,0,0,0,0,0.0,459,182,0,0,None,,0,2,0.0,0.0,0,0.00,0,0.00,0,0.00,0.00,0,0,Chris,0.0,428,167,0,0,0,False,0.0,477,183,79,False,0.0,476,184,0,has joined West Bromwich Albion permanently.,2025-09-02T12:54:34.562307Z,40,635,167,p223911,0,0,None,0,,223911.jpg,0.0,480,183,0,0,244,False,0,0,Mepham,0.1,474,173,False,None,0,0,u,0,4,91,2019-01-22,0.0,426,171,0,1400,0,13403,731,0.0,0.0,Mepham,0
0,2005-02-16,0,2,True,True,0,None,0,0.0,0,575901,None,,0,0,0,0,0.0,507,205,0,0.0,None,,0,2,0.0,0.0,0,0.00,0.0,0.00,0.0,0.00,0.00,0.0,0.0,Julio,0.0,479,193,0,0.0,0,False,0.0,525,206,80,False,0.0,523,206,1,International Duty - Expected back 26 Oct,2025-10-16T08:00:09.313004Z,40,694,201,p575901,0,0,None,0,,575901.jpg,1.0,348,124,0,0,10,False,0,0.0,Soler Barreto,0.2,340,122,False,None,0,0.0,i,0,4,91,2025-01-07,0.0,475,195,1,7828,501,15869,1919,0.0,0.2,Soler,0
0,1999-05-05,1,49,True,True,100,100,0,0.0,2,222683,3,,0,0,0,0,62.6,114,82,11,6.23,None,,0,3,3.0,3.0,7,0.39,0.22,0.72,0.41,0.33,2.23,1.26,0.19,Justin,3.0,115,53,3,1.7,1,False,15.6,182,95,81,False,57.0,212,90,159,,2025-08-10T22:00:04.480285Z,70,33,19,p222683,0,0,1,0,,222683.jpg,2.0,273,128,7,0,152,False,0,0.0,Kluivert,1.0,176,60,False,None,1,0.57,a,2,4,91,2023-07-01,37.0,169,101,12,92596,33401,94548,7633,0.4,1.7,Kluivert,0
3,2000-01-07,9,190,True,True,None,None,3,0.43,7,437730,None,,1,-1,9,-9,132.4,33,28,58,8.29,None,,3,3,10.0,10.0,18,0.37,0.05,4.02,0.57,3.65,6.34,0.91,0.52,Antoine,10.0,2,1,8,1.14,6,False,65.0,2,1,82,True,305.0,2,1,630,,None,79,18,13,p437730,0,0,3,0,,437730.jpg,9.4,2,1,39,0,81,False,0,0.0,Semenyo,61.6,2,1,False,None,7,1.0,a,12,4,91,2023-01-27,212.0,4,1,66,6667635,712742,530254,16026,1.3,8.4,Semenyo,1
0,1999-03-22,3,73,True,True,None,None,4,0.73,14,201658,1,,0,0,0,0,107.2,57,44,53,9.62,1,,1,3,2.3,2.3,3,0.53,0.1,1.45,0.27,0.92,4.18,0.76,0.17,Marcus,2.3,144,68,5,0.91,1,False,30.7,51,33,84,False,94.0,130,43,496,,None,55,143,90,p201658,0,0,None,0,,201658.jpg,3.9,88,35,31,0,241,False,0,0.0,Tavernier,1.2,162,56,False,None,6,1.09,a,8,4,91,2022-08-01,105.0,44,25,27,249490,5526,174300,23910,0.4,4.9,Tavernier,0
0,1999-02-14,0,110,True,True,None,None,3,0.45,28,200785,None,,0,0,0,0,34.1,192,125,82,12.22,4,,0,3,2.3,2.3,2,0.18,0.03,0.34,0.05,0.16,5.83,0.87,0.02,Tyler,2.3,141,66,7,1.04,0,False,19.5,141,74,85,False,106.2,104,31,604,,None,50,254,155,p200785,0,0,None,0,,200785.jpg,2.6,196,82,36,0,229,False,0,0.0,Adams,0.4,274,94,False,None,7,1.04,a,18,4,91,2023-08-20,54.0,113,70,18,37022,2585,33603,4229,0.5,3.6,Adams,3
1,1997-07-08,1,82,True,True,0,None,3,0.59,6,111317,5,,0,0,0,0,121.1,43,34,34,6.74,None,,0,3,0.0,2.0,2,1.32,0.26,2.20,0.43,0.88,4.15,0.82,0.17,David,2.0,169,78,4,0.79,0,False,28.8,65,40,86,False,66.8,184,73,454,Hamstring injury - Unknown return date,2025-10-17T13:00:10.379881Z,50,246,151,p111317,0,0,None,0,,111317.jpg,2.6,195,81,22,0,244,False,0,0.0,Brooks,0.3,301,104,False,None,6,1.19,i,6,4,91,2018-07-01,104.0,46,27,18,56254,1245,42944,6915,0.4,3.6,Brooks,2
1,1995-02-22,0,27,True,True,100,100,0,0.0,7,158499,4,,0,0,0,0,27.9,219,137,23,13.89,None,,0,3,2.0,2.0,1,0.06,0.04,0.21,0.13,0.15,1.88,1.14,0.09,Ryan,2.0,170,79,2,1.21,0,False,6.7,304,151,87,False,22.2,318,145,149,,2025-09-13T21:30:07.956994Z,50,247,152,p158499,0,0,None,0,,158499.jpg,1.6,307,145,10,0,243,False,0,0.0,Christie,0.1,524,187,False,None,1,0.6,a,6,4,91,2021-08-31,16.0,255,141,8,3532,407,7700,738,0.4,1.6,Christie,0
0,1997-02-03,0,2,True,True,100,75,0,0.0,1,155408,2,,0,0,-1,1,0.1,396,199,1,22.5,None,,0,3,0.0,0.0,0,0.00,0.0,0.00,0.0,0.00,0.00,0.0,0.0,Lewis,0.0,641,266,0,0.0,0,False,0.2,418,198,88,False,2.0,408,191,4,,2025-09-24T06:00:05.966439Z,49,302,188,p155408,0,0,None,0,,155408.jpg,1.0,374,179,0,0,241,False,0,0.0,Cook,0.0,668,282,False,None,0,0.0,a,0,4,91,2016-07-08,0.0,648,277,1,1727,407,1925,195,0.0,0.2,Cook,0
0,1996-06-11,0,0,False,True,0,0,0,0,0,168991,None,,0,0,-1,1,0.0,667,285,0,0,None,,0,3,0.0,0.0,0,0.00,0,0.00,0,0.00,0.00,0,0,Philip,0.0,642,267,0,0,0,False,0.0,673,285,89,False,0.0,672,284,0,Has joined Midtjylland permanently.,2025-08-27T12:49:57.472718Z,49,305,191,p168991,0,0,None,0,,168991.jpg,0.0,672,284,0,0,58,False,0,0,Billing,0.0,634,261,False,None,0,0,u,0,4,91,2019-07-29,0.0,650,279,0,598,0,6092,161,0.0,0.0,Philip,0
0,2003-08-21,2,100,True,True,None,None,3,0.6,15,503139,None,,0,0,0,0,82.3,74,54,54,10.85,5,,0,3,2.7,2.7,4,0.25,0.05,0.59,0.12,0.34,4.30,0.86,0.07,Alex,2.7,122,56,4,0.8,1,False,20.4,128,69,90,False,94.2,129,42,448,,None,50,283,174,p503139,0,0,None,0,,503139.jpg,3.4,111,44,24,0,241,False,0,0.0,Scott,0.4,284,96,False,None,6,1.21,a,15,4,91,2023-08-10,28.0,199,117,24,47833,5397,22287,4748,0.5,4.8,Scott,1
0,1999-06-17,0,0,False,True,0,0,0,0,0,224995,None,,0,0,0,0,0.0,691,299,0,0,None,,0,3,0.0,0.0,0,0.00,0,0.00,0,0.00,0.00,0,0,Luis,0.0,670,283,0,0,0,False,0.0,695,299,91,False,0.0,694,298,0,Has joined Cruzeiro on loan for the rest of the season.,2025-08-26T13:43:19.913048Z,50,261,160,p224995,0,0,None,0,,224995.jpg,0.0,694,298,0,0,48,False,0,0,Sinisterra Lucumí,0.0,686,294,False,None,0,0,u,0,4,91,2024-06-14,0.0,681,295,0,396,0,3630,100,0.0,0.0,Sinisterra,0
0,1998-07-14,0,0,False,True,0,0,0,0,0,441240,None,,0,0,0,0,0.0,599,237,0,0,None,,0,3,0.0,0.0,0,0.00,0,0.00,0,0.00,0.00,0,0,Romain,0.0,570,215,0,0,0,False,0.0,608,237,92,False,0.0,606,235,0,has joined Al Taawoun permanently.,2025-09-11T13:43:59.477111Z,45,423,250,p441240,0,0,None,0,,441240.jpg,0.0,611,240,0,0,73,False,0,0,Faivre,0.1,486,165,False,None,0,0,u,0,4,91,2023-07-13,0.0,578,228,0,3740,0,15983,815,0.0,0.0,Faivre,0
1,2000-02-16,0,12,False,True,0,0,0,0.0,1,424044,None,,0,0,0,0,10.0,318,171,4,22.5,None,,0,3,0.0,0.0,0,0.00,0.0,0.00,0.0,0.00,0.40,2.25,0.0,Hamed,0.0,567,212,2,11.25,0,False,3.1,364,176,93,False,21.2,325,151,16,has joined Marseille on loan for the rest of the season.,2025-09-02T12:54:34.582455Z,45,418,247,p424044,0,0,None,0,,424044.jpg,4.0,77,28,2,0,54,False,0,0.0,Traorè,0.5,249,84,False,None,0,0.0,u,1,4,91,2023-07-01,0.0,575,225,4,114900,0,142512,6528,0.0,0.9,H.Traorè,0
0,None,0,0,False,True,0,0,0,0,0,550596,None,,0,0,0,0,0.0,622,257,0,0,None,,0,3,0.0,0.0,0,0.00,0,0.00,0,0.00,0.00,0,0,Dominic,0.0,593,235,0,0,0,False,0.0,630,257,94,False,0.0,628,255,0,has joined Novi Pazar on loan for the rest of the season.,2025-09-22T21:51:49.974133Z,45,453,271,p550596,0,0,None,0,,550596.jpg,0.0,633,260,0,0,None,False,0,0,Sadi,0.0,580,220,False,None,0,0,u,0,4,91,None,0.0,601,248,0,3895,0,6380,640,0.0,0.0,Sadi,0
0,2005-07-09,0,0,False,True,0,0,0,0,0,530121,None,,0,0,-1,1,0.0,560,215,0,0,None,,0,3,0.0,0.0,0,0.00,0,0.00,0,0.00,0.00,0,0,Zain,0.0,533,192,0,0,0,False,0.0,572,215,95,False,0.0,570,213,0,has joined Olympiakos permanently.,2025-09-22T21:51:49.994072Z,44,565,315,p530121,0,0,None,0,,530121.jpg,0.0,576,218,0,0,241,False,0,0,Silcott-Duberry,0.1,463,155,False,None,0,0,u,0,4,91,2025-01-17,0.0,537,205,0,15405,0,15387,1815,0.0,0.0,Silcott-Duberry,0
0,2004-09-04,0,3,False,True,0,0,0,0.0,0,606775,None,,0,0,0,0,0.0,645,272,0,0.0,None,,0,3,0.0,0.0,0,0.00,0.0,0.00,0.0,0.00,0.31,4.65,0.0,Ben,0.0,616,250,2,30.0,0,False,0.0,653,272,96,False,0.0,651,270,6,has joined Barnet on loan for the rest of the season.,2025-09-02T12:54:34.599400Z,45,480,287,p606775,0,0,None,0,,606775.jpg,1.0,362,167,0,0,241,False,0,0.0,Winterburn,0.0,587,226,False,None,0,0.0,u,0,4,91,2024-11-29,0.0,624,263,1,2964,0,8484,445,0.0,0.2,Winterburn,0
1,1999-10-06,2,89,True,True,None,None,3,0.44,6,444102,None,,0,0,0,0,107.2,58,2,30,4.38,None,,0,4,2.0,2.0,2,0.30,0.04,1.62,0.23,1.32,6.22,0.91,0.19,Francisco Evanilson,2.0,185,18,8,1.17,1,False,33.8,38,9,97,False,59.0,205,16,617,,None,70,35,15,p444102,0,0,2,0,,444102.jpg,3.1,140,13,23,0,30,False,0,0.0,de Lima Barbosa,2.8,109,17,False,None,7,1.02,a,1,4,91,2024-08-16,173.0,15,8,22,476590,19527,395293,68729,0.3,3.1,Evanilson,1
0,1997-05-10,0,0,True,True,0,0,0,0,0,168636,None,,0,0,-1,1,0.0,712,75,0,0,2,,0,4,0.0,0.0,0,0.00,0,0.00,0,0.00,0.00,0,0,Enes,0.0,698,72,0,0,0,False,0.0,714,75,98,False,0.0,713,75,0,Knee injury - Unknown return date,2025-07-21T10:00:04.802496Z,54,168,41,p168636,0,0,None,0,,168636.jpg,0.0,714,75,0,0,219,False,0,0,Ünal,0.0,696,81,False,None,0,0,i,0,4,91,2024-07-01,0.0,708,74,0,536,67,1093,72,0.0,0.0,Enes Ünal,0
0,2005-06-21,0,0,False,True,0,0,0,0,0,590760,None,,0,0,-1,1,0.0,574,57,0,0,None,,0,4,0.0,0.0,0,0.00,0,0.00,0,0.00,0.00,0,0,Daniel,0.0,546,53,0,0,0,False,0.0,585,58,99,False,0.0,583,58,0,has joined HNK Rijeka permanently.,2025-09-22T21:19:25.247985Z,44,580,78,p590760,0,0,None,0,,590760.jpg,0.0,589,58,0,0,241,False,0,0,Adu-Adjei,0.2,345,54,False,None,0,0,u,0,4,91,2022-12-19,0.0,550,56,0,22144,0,33890,2838,0.0,0.0,Adu-Adjei,0
0,2006-06-23,2,36,True,True,None,None,0,0.0,0,560262,None,,0,0,0,0,0.6,381,43,2,8.57,None,,0,4,2.0,2.0,0,0.00,0.0,0.23,0.99,0.23,0.31,1.33,0.99,Eli Junior,2.0,163,16,1,4.29,1,False,7.6,291,32,100,False,35.0,271,25,21,,None,45,460,61,p560262,0,0,None,0,,560262.jpg,2.2,232,21,2,0,73,False,0,0.0,Kroupi,1.8,143,21,False,None,0,0.0,a,0,4,91,2025-02-02,40.0,155,30,9,242717,27865,168136,21168,0.4,2.0,Kroupi.Jr,1
1,2005-11-11,0,16,True,True,None,None,0,0.0,1,496208,None,,0,0,-1,1,12.2,301,166,2,6.21,None,,0,3,1.7,1.7,4,0.07,0.22,0.16,0.5,0.09,0.49,1.52,0.28,Ben,1.7,206,92,0,0.0,0,False,4.1,344,168,391,False,20.0,331,154,29,,None,49,351,218,p496208,0,0,None,0,,496208.jpg,2.5,210,91,0,0,243,False,0,0.0,Gannon-Doak,0.0,579,219,False,None,0,0.0,a,1,4,91,2025-08-18,9.0,293,154,5,3988,357,5348,298,0.3,1.0,Gannon-Doak,0
0,2001-01-06,2,105,True,True,100,100,3,0.5,47,242882,None,,0,0,0,0,27.3,223,65,55,9.17,None,,1,2,3.3,3.3,2,0.08,0.01,0.08,0.01,0.00,5.72,0.95,0.0,Bafodé,3.3,93,35,7,1.17,0,False,16.4,174,59,685,False,125.6,80,37,540,,2025-09-13T21:30:08.472990Z,45,416,87,p242882,0,0,None,0,,242882.jpg,4.3,62,28,24,0,73,False,0,0.0,Diakité,0.5,242,89,False,None,6,1.0,a,8,4,91,2025-08-13,10.0,289,97,26,73304,3976,43203,3545,0.7,5.8,Diakité,1
0,2006-03-06,0,0,True,True,None,None,0,0,0,606774,None,,0,0,-1,1,0.0,579,226,0,0,None,,0,3,0.0,0.0,0,0.00,0,0.00,0,0.00,0.00,0,0,Remy,0.0,551,203,0,0,0,False,0.0,590,226,687,False,0.0,588,224,0,,None,44,586,327,p606774,0,0,None,0,,606774.jpg,0.0,594,229,0,0,241,False,0,0,Rees-Dottin,0.1,414,137,False,None,0,0,a,0,4,91,2024-12-28,0.0,555,216,0,9809,2196,8804,1119,0.0,0.0,Rees-Dottin,0
0,2000-05-10,0,34,True,True,None,None,0,0.0,7,489888,None,,0,0,0,0,50.2,142,98,31,18.98,None,,0,3,0.7,0.7,0,0.09,0.06,0.19,0.12,0.10,1.65,1.01,0.06,Amine,0.7,316,155,2,1.22,0,False,13.1,212,104,697,False,48.8,237,104,147,,None,55,155,98,p489888,0,0,None,0,,489888.jpg,1.0,397,194,14,0,145,False,0,0.0,Adli,0.0,613,247,False,None,1,0.61,a,10,4,91,2025-08-21,32.0,182,108,5,4041,285,3249,575,0.1,0.9,Adli,0
0,2005-05-08,0,7,True,True,None,None,0,0.0,4,551483,None,,0,0,0,0,15.6,282,94,11,6.64,None,,0,2,0.3,0.3,1,0.03,0.02,0.08,0.05,0.05,2.45,1.48,0.03,Álex,0.3,343,121,3,1.81,0,False,5.2,325,107,713,False,23.6,312,117,149,,None,45,456,100,p551483,0,0,None,0,,551483.jpg,0.2,424,147,7,0,200,False,0,0.0,Jiménez Sánchez,0.0,661,225,False,None,2,1.21,a,7,4,91,2025-09-01,13.0,275,90,1,1838,237,891,214,0.1,0.2,A.Jimenez,3
0,2007-06-28,0,18,True,True,None,None,0,0.0,10,620487,None,,0,0,0,0,11.3,306,107,11,10.42,None,,0,2,0.3,0.3,1,0.18,0.17,0.18,0.17,0.00,0.86,0.81,0.0,Veljko,0.3,345,122,1,0.95,0,False,4.1,343,117,721,False,23.8,309,116,95,,None,45,488,104,p620487,0,0,None,0,,620487.jpg,2.5,208,79,3,0,190,False,0,0.0,Milosavljevic,0.0,619,215,False,None,1,0.95,a,1,4,91,2025-09-01,6.0,318,111,5,4055,216,1903,387,0.1,1.1,Milosavljević,0
0,1999-12-10,0,0,True,True,100,100,0,0,0,200641,None,,0,0,-1,1,0.0,668,286,0,0,None,,0,3,0.0,-0.5,0,0.00,0,0.00,0,0.00,0.00,0,0,Reiss,0.0,645,269,0,0,0,False,0.0,674,286,27,False,0.0,673,285,0,,2025-09-26T15:00:07.964360Z,49,310,195,p200641,0,0,None,0,,200641.jpg,0.0,673,285,0,0,241,False,0,0,Nelson,0.1,455,151,False,None,0,0,a,0,5,94,2025-09-01,0.0,652,280,0,6759,428,12372,689,0.0,0.0,Nelson,0
0,2002-02-11,3,44,True,True,100,100,1,0.29,11,533463,None,,0,0,0,0,16.2,278,158,26,7.52,None,,1,3,1.0,0.5,0,0.28,0.08,1.67,0.48,1.39,4.15,1.2,0.4,Dango,1.0,278,135,4,1.16,1,False,19.3,145,76,83,False,62.2,193,79,311,,2025-08-14T16:00:05.815568Z,60,89,58,p533463,0,0,None,0,,533463.jpg,3.2,133,54,11,0,35,False,0,0.0,Ouattara,0.5,254,85,False,None,3,0.87,a,4,5,94,2025-08-16,119.0,38,21,19,169944,2501,141588,9619,0.2,3.2,O.Dango,1
0,1998-11-23,0,79,True,True,100,100,1,0.14,8,200720,None,,0,0,0,0,10.0,317,5,0,0.0,None,,0,1,4.0,3.5,3,0.01,0.0,0.01,0.0,0.00,9.76,1.39,0.0,Caoimhín,4.0,57,3,12,1.71,0,False,17.5,163,5,101,False,164.2,36,6,630,,2025-08-09T14:00:04.798673Z,45,404,23,p200720,0,0,None,1,,200720.jpg,3.0,145,14,57,0,104,False,19,2.71,Kelleher,8.1,50,9,False,None,7,1.0,a,1,5,94,2025-06-03,0.0,567,65,21,231730,28198,484106,31273,0.9,4.7,Kelleher,1
0,1999-10-15,0,0,True,True,None,None,0,0,0,235448,None,,0,0,0,0,0.0,461,35,0,0,None,,0,1,0.0,-0.5,0,0.00,0,0.00,0,0.00,0.00,0,0,Ellery,0.0,430,45,0,0,0,False,0.0,479,50,102,False,0.0,478,50,0,,None,40,637,58,p235448,0,0,None,0,,235448.jpg,0.0,482,50,0,0,241,False,0,0,Balcombe,0.3,315,45,False,None,0,0,a,0,5,94,2016-11-02,0.0,428,24,0,8810,511,12557,1083,0.0,0.0,Balcombe,0
0,2003-05-02,0,0,True,True,None,None,0,0,0,503300,None,,0,0,0,0,0.0,490,52,0,0,None,,0,1,0.0,-0.5,0,0.00,0,0.00,0,0.00,0.00,0,0,Matthew,0.0,460,62,0,0,0,False,0.0,508,67,103,False,0.0,506,67,0,,None,40,674,75,p503300,0,0,None,0,,503300.jpg,0.0,511,67,0,0,241,False,0,0,Cox,0.1,410,63,False,None,0,0,a,0,5,94,2021-10-26,0.0,457,41,0,3511,240,5499,505,0.0,0.0,Cox,0
0,2006-04-21,0,0,True,True,None,None,0,0,0,535017,None,,0,0,0,0,0.0,496,54,0,0,None,,0,1,0.0,-0.5,0,0.00,0,0.00,0,0.00,0.00,0,0,Julian,0.0,468,64,0,0,0,False,0.0,514,69,104,False,0.0,512,69,0,,None,40,683,77,p535017,0,0,None,0,,535017.jpg,0.0,517,69,0,0,229,False,0,0,Eyestone,0.1,522,78,False,None,0,0,a,0,5,94,2024-08-08,0.0,464,43,0,1260,96,2947,263,0.0,0.0,Eyestone,0
0,2001-10-13,0,0,True,True,None,None,0,0,0,507433,None,,0,0,0,0,0.0,491,53,0,0,None,,0,1,0.0,-0.5,0,0.00,0,0.00,0,0.00,0.00,0,0,Hákon Rafn,0.0,461,63,0,0,0,False,0.0,509,68,105,False,0.0,507,68,0,,None,40,675,76,p507433,0,0,None,0,,507433.jpg,0.0,512,68,0,0,99,False,0,0,Valdimarsson,0.6,215,29,False,None,0,0,a,0,5,94,2024-01-26,0.0,458,42,0,5844,255,37418,3073,0.0,0.0,Valdimarsson,0
0,2001-04-30,1,58,True,True,None,None,1,0.14,58,432830,None,,-1,1,-1,1,22.9,239,75,62,8.86,None,,0,2,1.0,0.5,2,0.39,0.06,0.56,0.08,0.17,9.76,1.39,0.02,Nathan,1.0,262,91,12,1.71,0,False,23.3,104,30,106,False,138.4,64,26,630,,None,49,332,57,p432830,0,0,None,0,,432830.jpg,2.6,194,76,25,0,104,False,0,0.0,Collins,1.2,166,61,False,None,7,1.0,a,4,5,94,2023-07-04,71.0,78,10,18,49928,2061,103533,8182,0.2,3.7,Collins,3
0,2001-02-22,0,41,True,True,None,None,2,0.45,12,249231,None,,0,0,0,0,25.7,233,73,19,4.3,4,,0,2,0.7,0.2,0,0.06,0.01,0.18,0.04,0.12,6.76,1.53,0.03,Keane,0.7,304,103,8,1.81,0,False,7.4,295,98,107,False,32.4,284,106,398,,None,50,266,42,p249231,0,0,None,0,,249231.jpg,2.7,186,73,16,0,241,False,0,0.0,Lewis-Potter,0.4,283,103,False,None,5,1.13,a,7,5,94,2022-07-12,15.0,261,80,16,17441,1347,28052,2994,0.1,3.2,Lewis-Potter,0
1,1998-04-17,0,27,True,True,None,None,0,0.0,6,191866,None,,0,0,-1,1,11.4,305,106,10,7.63,None,,0,2,1.0,0.5,2,0.41,0.31,0.50,0.38,0.09,1.09,0.83,0.07,Kristoffer,1.0,250,87,2,1.53,0,False,7.5,293,97,108,False,39.0,258,99,118,,None,44,512,119,p191866,0,0,None,0,,191866.jpg,2.0,254,89,2,0,161,False,0,0.0,Ajer,0.2,391,143,False,None,1,0.76,a,4,5,94,2021-07-21,23.0,218,58,8,6414,703,11622,808,0.2,1.8,Ajer,0
0,1997-07-08,0,4,True,True,None,None,0,0.0,6,194010,None,,0,0,-1,1,12.4,299,102,10,5.36,None,,0,2,0.7,0.2,0,0.06,0.03,0.19,0.1,0.13,4.57,2.45,0.07,Rico,0.7,288,97,6,3.21,0,False,3.9,347,119,109,False,16.4,343,128,168,,None,44,514,121,p194010,0,0,None,0,,194010.jpg,0.7,416,140,10,0,241,False,0,0.0,Henry,0.1,444,167,False,None,1,0.54,a,4,5,94,2016-08-31,12.0,279,91,4,3909,246,9882,695,0.2,0.9,Henry,1
0,2004-07-10,2,61,True,True,None,None,1,0.15,30,607464,None,,0,0,0,0,54.0,130,28,45,6.57,None,,0,2,1.7,1.2,2,0.18,0.03,0.20,0.03,0.02,9.52,1.39,0.0,Michael,1.7,201,75,11,1.61,0,False,18.1,154,50,110,False,116.0,90,42,616,,None,45,481,103,p607464,0,0,None,0,,607464.jpg,2.7,183,72,28,0,106,False,0,0.0,Kayode,0.3,289,104,False,None,7,1.02,a,15,5,94,2025-07-01,10.0,290,98,19,46182,2104,33306,2184,0.4,4.2,Kayode,0
0,1993-05-29,0,1,True,True,100,100,0,0.0,13,231065,None,,0,0,-1,1,0.8,376,135,15,8.71,None,,0,2,-0.3,-0.8,0,0.04,0.02,0.04,0.02,0.00,2.11,1.23,0.0,Ethan,-0.3,742,244,4,2.32,0,False,4.3,339,114,111,False,31.8,285,107,155,,2025-08-18T08:00:05.393517Z,44,522,126,p231065,1,0,None,0,,231065.jpg,0.0,553,221,4,0,107,False,0,0.0,Pinnock,0.1,429,158,False,None,2,1.16,a,2,5,94,2019-07-02,10.0,288,96,0,4655,423,15800,958,-0.1,0.0,Pinnock,1
0,1999-06-24,0,0,False,True,0,0,0,0,0,226956,None,,0,0,0,0,0.0,595,229,0,0,None,,0,2,0.0,0.0,0,0.00,0,0.00,0,0.00,0.00,0,0,Mads,0.0,565,220,0,0,0,False,0.0,604,229,112,False,0.0,602,229,0,Has joined Southampton permanently.,2025-08-22T14:17:15.662878Z,45,412,84,p226956,0,0,None,0,,226956.jpg,0.0,607,229,0,0,58,False,0,0,Roerslev Rasmussen,0.0,667,227,False,None,0,0,u,0,5,94,2019-10-27,0.0,573,226,0,211,0,3576,94,0.0,0.0,Roerslev,0
0,2001-12-20,0,69,True,True,None,None,1,0.14,53,444765,None,,0,0,0,0,13.4,295,99,56,8.0,None,,0,2,1.7,1.2,2,0.09,0.01,0.96,0.13,0.87,9.76,1.39,0.12,Sepp,1.7,199,74,12,1.71,0,False,24.0,93,25,113,False,130.8,71,31,630,,None,45,424,91,p444765,0,0,None,0,,444765.jpg,2.9,162,63,21,0,152,False,0,0.0,van den Berg,0.6,219,82,False,None,7,1.0,a,3,5,94,2024-08-22,96.0,52,4,20,66508,2150,52408,3891,0.4,4.4,Van den Berg,0
0,2005-10-09,0,0,True,True,None,None,0,0,0,622536,None,,-1,1,-1,1,0.0,434,175,0,0,None,,0,2,0.0,-0.5,0,0.00,0,0.00,0,0.00,0.00,0,0,Benjamin,0.0,406,161,0,0,0,False,0.0,455,177,114,False,0.0,454,178,0,,None,39,743,245,p622536,0,0,None,0,,622536.jpg,0.0,458,177,0,0,241,False,0,0,Arthur,0.2,332,119,False,None,0,0,a,0,5,94,2024-03-08,0.0,402,165,0,7349,744,16391,1223,0.0,0.0,Arthur,0
0,None,0,0,False,True,0,0,0,0,0,612534,None,,0,0,0,0,0.0,513,210,0,0,None,,0,2,0.0,0.0,0,0.00,0,0.00,0,0.00,0.00,0,0,Benjamin,0.0,485,198,0,0,0,False,0.0,531,211,115,False,0.0,529,211,0,has joined Dender on loan for the rest of the season.,2025-09-22T21:16:59.169077Z,40,700,206,p612534,0,0,None,0,,612534.jpg,0.0,533,210,0,0,None,False,0,0,Fredrick,0.1,451,169,False,None,0,0,u,0,5,94,None,0.0,481,200,0,2020,0,10443,954,0.0,0.0,Fredrick,0
0,2002-06-10,0,16,True,True,75,None,0,0.0,4,472713,None,,0,0,0,0,3.6,351,122,8,3.91,None,,0,2,1.0,0.8,2,0.07,0.03,0.09,0.04,0.02,2.25,1.1,0.01,Aaron,1.3,227,80,3,1.47,0,False,1.7,387,136,116,False,12.2,363,136,184,Knee injury - 75% chance of playing,2025-10-16T08:00:09.344205Z,40,658,179,p472713,0,0,None,0,,472713.jpg,1.2,329,114,7,0,243,False,0,0.0,Hickey,0.4,276,100,False,None,2,0.98,d,4,5,94,2022-07-09,1.0,361,129,6,13957,1424,24254,2488,0.3,1.5,Hickey,1
0,2004-12-24,0,0,False,True,0,0,0,0,0,570241,None,,0,0,-1,1,0.0,425,167,0,0,None,,0,2,0.0,0.0,0,0.00,0,0.00,0,0.00,0.00,0,0,Kim,0.0,397,153,0,0,0,False,0.0,447,170,117,False,0.0,446,171,0,has joined Kaiserslautern on loan for the rest of the season.,2025-09-22T21:16:59.154227Z,39,733,236,p570241,0,0,None,0,,570241.jpg,0.0,450,170,0,0,114,False,0,0,Ji-soo,0.1,441,166,False,None,0,0,u,0,5,94,2023-07-20,0.0,393,157,0,4108,0,11127,1024,0.0,0.0,Ji-soo,0
0,2006-06-28,0,0,False,True,0,0,0,0,0,499717,None,,0,0,0,0,0.0,489,194,0,0,None,,0,2,0.0,0.0,0,0.00,0,0.00,0,0.00,0.00,0,0,Jayden,0.0,459,180,0,0,0,False,0.0,507,195,118,False,0.0,505,195,0,Has joined Rangers on loan for the rest of the season.,2025-08-19T13:37:28.261506Z,40,673,187,p499717,0,0,None,0,,499717.jpg,0.0,510,195,0,0,241,False,0,0,Meghoma,0.1,556,203,False,None,0,0,u,0,5,94,2024-08-30,0.0,456,183,0,279,0,9314,279,0.0,0.0,Meghoma,0
1,2001-11-27,0,62,True,True,100,100,1,0.16,9,513418,None,,0,0,0,0,72.8,92,69,41,6.45,None,,0,3,2.3,1.8,1,0.41,0.06,2.14,0.33,1.73,7.90,1.24,0.27,Kevin,2.3,152,73,8,1.26,1,False,29.0,63,39,120,False,87.6,143,52,572,,2025-08-09T14:00:04.851048Z,70,37,22,p513418,0,1,None,0,,513418.jpg,2.6,203,88,18,0,80,False,0,0.0,Schade,0.5,233,79,False,None,6,0.94,a,14,5,94,2023-07-01,129.0,28,12,18,63822,11502,47027,6205,0.3,2.6,Schade,2
0,2000-07-03,1,75,True,True,None,None,1,0.22,11,440089,2,,0,0,-2,2,111.8,54,41,36,7.85,3,,0,3,4.0,3.5,2,0.80,0.17,1.05,0.22,0.25,6.38,1.39,0.05,Mikkel,4.0,66,31,7,1.53,1,False,25.4,84,49,121,False,101.4,111,35,413,,None,58,114,78,p440089,0,0,None,0,,440089.jpg,3.8,95,39,14,0,58,False,0,0.0,Damsgaard,0.6,220,73,False,None,5,1.09,a,11,5,94,2022-08-10,40.0,158,96,19,36207,3423,84212,5337,0.7,3.3,Damsgaard,0
0,2005-04-03,0,5,True,True,0,None,0,0.0,0,543295,None,,0,0,-2,2,1.8,367,191,4,8.0,None,,0,3,0.0,-0.5,0,0.01,0.02,0.01,0.02,0.00,1.49,2.98,0.0,Antoni,0.0,695,302,3,6.0,0,False,0.6,410,195,122,False,4.0,394,185,45,Knee injury - Expected back 01 Jun,2025-10-16T08:00:09.362049Z,53,218,136,p543295,0,0,None,0,,543295.jpg,1.0,391,190,2,0,152,False,0,0.0,Milambo,0.0,594,233,False,None,1,2.0,i,2,5,94,2025-07-03,0.0,706,311,1,1692,98,5085,420,0.0,0.2,Milambo,0
0,2002-08-30,1,39,True,True,None,None,0,0.0,0,244858,4,,0,0,-1,1,6.2,335,179,8,7.5,None,,0,3,0.7,0.2,1,0.03,0.03,0.73,0.69,0.70,2.08,1.95,0.66,Fábio,0.7,297,143,4,3.75,1,False,8.0,283,140,123,False,38.8,261,116,96,,None,49,326,202,p244858,0,0,None,0,,244858.jpg,2.4,219,99,5,0,173,False,0,0.0,Freitas Gouveia Carvalho,0.2,334,113,False,None,1,0.94,a,3,5,94,2024-08-12,36.0,170,102,12,25338,831,33123,3099,0.1,2.4,Carvalho,0
2,1990-06-17,2,89,True,True,None,None,2,0.38,13,56979,None,,0,0,0,0,75.4,85,63,41,7.77,None,,0,3,3.0,2.5,1,0.34,0.06,0.37,0.07,0.03,6.26,1.19,0.01,Jordan,3.0,103,49,7,1.33,0,False,16.1,176,90,124,False,81.0,152,54,475,,None,50,241,149,p56979,0,0,None,0,,56979.jpg,3.1,135,55,22,0,241,False,0,0.0,Henderson,0.4,261,89,False,None,6,1.14,a,6,5,94,2025-07-15,5.0,325,170,22,40246,5371,27236,4031,0.6,4.4,Henderson,1
0,1998-05-10,0,9,True,True,100,100,0,0.0,0,204580,None,,0,0,-1,1,15.8,281,159,4,8.78,None,,0,3,1.0,0.5,1,0.02,0.04,0.12,0.26,0.10,0.27,0.59,0.22,Vitaly,1.0,260,123,0,0.0,0,False,2.3,376,180,125,False,4.8,390,182,41,,2025-08-09T14:00:04.867824Z,49,312,196,p204580,0,0,None,0,,204580.jpg,1.0,376,180,3,0,80,False,0,0.0,Janelt,0.0,685,293,False,None,0,0.0,a,1,5,94,2020-10-03,4.0,334,174,3,519,84,1449,90,0.2,0.6,Janelt,0
0,1996-01-01,0,57,True,True,None,None,0,0.0,7,207283,3,,0,0,-1,1,48.7,145,99,19,9.83,None,,0,3,2.3,1.8,1,0.10,0.05,0.32,0.16,0.22,2.99,1.55,0.11,Mathias,2.3,137,64,4,2.07,1,False,12.9,216,108,126,False,60.8,196,81,174,,None,49,315,198,p207283,0,0,None,0,,207283.jpg,2.4,218,98,6,0,58,False,0,0.0,Jensen,0.1,519,185,False,None,2,1.03,a,6,5,94,2019-07-10,19.0,239,133,12,3534,519,6539,549,0.5,2.4,Jensen,0
0,2005-11-20,0,0,True,True,100,50,0,0,0,626464,None,,0,0,-1,1,0.0,684,296,0,0,None,,0,3,0.0,-0.2,0,0.00,0,0.00,0,0.00,0.00,0,0,Gustavo,0.0,664,280,0,0,0,False,0.0,690,296,127,False,0.0,689,295,0,,2025-08-09T14:00:04.884092Z,49,358,225,p626464,0,0,None,0,,626464.jpg,0.0,689,295,0,0,30,False,0,0,Nunes Fernandes Gomes,0.0,714,311,False,None,0,0,a,0,5,94,2024-08-28,0.0,671,291,0,137,17,825,26,0.0,0.0,Nunes,0
2,1998-01-01,0,38,True,True,None,None,0,0.0,2,428580,None,,-1,1,-1,1,13.6,293,164,9,9.31,None,,0,3,0.7,0.2,1,0.36,0.37,0.36,0.37,0.00,1.64,1.7,0.0,Frank,0.7,298,144,2,2.07,0,False,4.5,336,165,128,False,27.4,297,136,87,,None,49,330,206,p428580,0,0,None,0,,428580.jpg,2.2,234,109,5,0,157,False,0,0.0,Onyeka,0.1,553,203,False,None,0,0.0,a,2,5,94,2021-07-20,4.0,336,175,11,4271,192,5468,436,0.1,2.2,Onyeka,0
1,2004-03-01,0,95,True,True,None,None,1,0.15,17,508395,None,,0,0,0,0,58.4,120,86,71,10.65,None,,0,3,3.7,3.2,2,0.18,0.03,0.41,0.06,0.23,9.52,1.43,0.03,Yehor,3.7,83,40,12,1.8,0,False,18.1,155,81,129,False,99.0,118,37,600,,None,50,285,176,p508395,0,0,None,0,,508395.jpg,3.3,121,49,40,0,225,False,0,0.0,Yarmoliuk,0.1,497,170,False,None,7,1.05,a,14,5,94,2022-10-28,24.0,217,124,23,7838,1002,5776,647,0.7,4.6,Yarmoliuk,1
0,2006-11-30,0,0,True,True,None,None,0,0,0,606689,None,,0,0,0,0,0.0,644,271,0,0,None,,0,3,0.0,-0.5,0,0.00,0,0.00,0,0.00,0.00,0,0,Romelle,0.0,615,249,0,0,0,False,0.0,652,271,130,False,0.0,650,269,0,,None,45,479,286,p606689,0,0,None,0,,606689.jpg,0.0,655,274,0,0,241,False,0,0,Donovan,0.1,457,152,False,None,0,0,a,0,5,94,2025-07-01,0.0,623,262,0,7074,973,9078,950,0.0,0.0,Donovan,0
0,2006-01-10,0,0,True,True,None,None,0,0,0,628204,None,,0,0,-1,1,0.0,583,229,0,0,None,,0,3,0.0,-0.5,0,0.00,0,0.00,0,0.00,0.00,0,0,Yunus Emre,0.0,555,206,0,0,0,False,0.0,594,229,131,False,0.0,592,227,0,,None,44,591,330,p628204,0,0,None,0,,628204.jpg,0.0,598,232,0,0,219,False,0,0,Konak,0.2,352,119,False,None,0,0,a,0,5,94,2024-01-11,0.0,559,219,0,20371,1468,18156,1961,0.0,0.0,Konak,0
0,2001-05-08,0,0,True,True,25,0,0,0,0,220695,None,,0,0,0,0,0.0,593,233,0,0,None,,0,3,0.0,0.0,0,0.00,0,0.00,0,0.00,0.00,0,0,Paris,0.0,564,210,0,0,0,False,0.0,602,233,132,False,0.0,600,231,0,Lack of match fitness - 25% chance of playing,2025-08-14T16:00:05.924672Z,45,408,245,p220695,0,0,None,0,,220695.jpg,0.0,606,236,0,0,241,False,0,0,Maghoma,0.0,688,296,False,None,0,0,d,0,5,94,2020-08-01,0.0,571,223,0,245,13,2072,89,0.0,0.0,Maghoma,0
0,2002-09-18,0,0,True,True,None,None,0,0,0,450539,None,,-1,1,-1,1,0.0,542,203,0,0,None,,0,3,0.0,-0.5,0,0.00,0,0.00,0,0.00,0.00,0,0,Myles,0.0,516,180,0,0,0,False,0.0,556,203,133,False,0.0,554,201,0,,None,44,535,301,p450539,0,0,None,0,,450539.jpg,0.0,560,206,0,0,241,False,0,0,Peart-Harris,0.0,596,235,False,None,0,0,a,0,5,94,2021-07-23,0.0,518,193,0,2052,410,3203,300,0.0,0.0,Peart-Harris,0
0,2003-03-12,0,0,False,True,0,0,0,0,0,591357,None,,0,0,0,0,0.0,642,270,0,0,None,,0,3,0.0,0.0,0,0.00,0,0.00,0,0.00,0.00,0,0,Ryan,0.0,613,248,0,0,0,False,0.0,650,270,134,False,0.0,648,268,0,Has joined Wigan on loan for the rest of the season,2025-08-11T01:07:54.335986Z,45,477,285,p591357,0,0,None,0,,591357.jpg,0.0,653,273,0,0,241,False,0,0,Trevitt,0.0,721,315,False,None,0,0,u,0,5,94,2024-01-08,0.0,621,261,0,0,0,804,32,0.0,0.0,Trevitt,0
0,2001-06-26,4,131,True,True,None,None,1,0.16,16,502500,None,,1,-1,1,-1,66.7,101,7,31,4.97,None,,1,4,5.7,5.2,2,0.16,0.03,2.88,0.47,2.72,9.16,1.47,0.44,Igor Thiago,5.7,24,4,11,1.76,4,False,38.0,24,6,136,False,177.4,27,2,561,,None,61,85,26,p502500,0,0,2,0,,502500.jpg,4.6,56,6,6,0,30,False,0,0.0,Nascimento Rodrigues,3.8,91,15,False,None,7,1.12,a,9,5,94,2024-07-01,135.0,25,13,32,519986,160323,215217,35797,0.9,5.2,Thiago,2
0,None,0,0,True,True,None,None,0,0,0,533710,None,,0,0,-1,1,0.0,562,53,0,0,None,,0,4,0.0,-0.5,0,0.00,0,0.00,0,0.00,0.00,0,0,Iwan,0.0,535,50,0,0,0,False,0.0,574,55,137,False,0.0,572,55,0,,None,44,567,74,p533710,0,0,None,0,,533710.jpg,0.0,578,55,0,0,None,False,0,0,Morgan,0.4,257,40,False,None,0,0,a,0,5,94,None,0.0,539,53,0,33784,3194,41856,3898,0.0,0.0,Morgan,0
0,1990-08-18,0,0,True,True,None,None,0,0,0,49262,None,,0,0,-1,1,0.0,526,65,0,0,None,,0,1,-0.5,0.0,0,0.00,0,0.00,0,0.00,0.00,0,0,Jason,0.0,497,73,0,0,0,False,0.0,542,78,138,False,0.0,540,78,0,,None,44,495,26,p49262,0,0,None,0,,49262.jpg,0.0,544,78,0,0,241,False,0,0,Steele,0.3,309,44,False,None,0,0,a,0,6,36,2018-07-01,0.0,498,54,0,5058,372,25811,1647,0.0,0.0,Steele,0
0,2002-08-18,0,66,True,True,None,None,0,0.0,4,489639,None,,0,0,-1,1,10.0,316,4,0,0.0,None,,0,1,0.8,1.3,1,0.01,0.0,0.01,0.0,0.00,9.22,1.32,0.0,Bart,1.3,229,17,10,1.43,0,False,13.1,210,12,139,False,122.0,82,12,630,,None,44,544,31,p489639,1,0,None,0,,489639.jpg,1.6,305,26,72,0,152,False,14,2.0,Verbruggen,4.3,80,14,False,None,7,1.0,a,0,6,36,2023-07-03,0.0,523,59,11,95631,8245,413774,33113,0.3,2.5,Verbruggen,0
0,2000-03-25,0,0,True,True,None,None,0,0,0,209288,None,,0,0,0,0,0.0,455,32,0,0,None,,0,1,-0.5,0.0,0,0.00,0,0.00,0,0.00,0.00,0,0,Tom,0.0,425,42,0,0,0,False,0.0,474,47,140,False,0.0,473,47,0,,None,40,631,55,p209288,0,0,None,0,,209288.jpg,0.0,477,47,0,0,39,False,0,0,McGill,0.3,286,41,False,None,0,0,a,0,6,36,2021-02-02,0.0,423,21,0,9408,589,14836,1348,0.0,0.0,McGill,0
0,2001-07-02,0,0,False,True,0,0,0,0,0,472739,None,,0,0,0,0,0.0,478,45,0,0,None,,0,1,0.0,0.0,0,0.00,0,0.00,0,0.00,0.00,0,0,Carl,0.0,448,55,0,0,0,False,0.0,496,60,141,False,0.0,494,60,0,Has joined Coventry City on loan for the rest of the season.,2025-07-25T14:54:18.206318Z,40,659,68,p472739,0,0,None,0,,472739.jpg,0.0,499,60,0,0,241,False,0,0,Rushworth,0.0,734,84,False,None,0,0,u,0,6,36,2023-07-01,0.0,445,34,0,0,0,185,9,0.0,0.0,Rushworth,0
0,2000-01-23,0,0,False,True,0,0,0,0,0,240514,None,,0,0,0,0,0.0,462,36,0,0,None,,0,1,0.0,0.0,0,0.00,0,0.00,0,0.00,0.00,0,0,Kjell,0.0,431,46,0,0,0,False,0.0,480,51,142,False,0.0,479,51,0,Has joined Union SG permanently,2025-07-25T14:53:26.961790Z,40,638,59,p240514,0,0,None,0,,240514.jpg,0.0,483,51,0,0,152,False,0,0,Scherpen,0.0,735,85,False,None,0,0,u,0,6,36,2021-07-16,0.0,429,25,0,0,0,164,8,0.0,0.0,Scherpen,0
0,1997-11-18,0,0,True,True,None,None,0,0,0,204120,None,,0,0,-2,2,0.0,519,214,0,0,None,,0,2,-0.5,0.0,0,0.00,0,0.00,0,0.00,0.00,0,0,Olivier,0.0,490,202,0,0,0,False,0.0,536,215,143,False,0.0,534,215,0,,None,43,596,151,p204120,0,0,None,0,,204120.jpg,0.0,538,214,0,0,73,False,0,0,Boscagli,0.1,492,182,False,None,0,0,a,0,6,36,2025-07-02,0.0,488,205,0,2197,173,7898,446,0.0,0.0,Boscagli,0
0,2003-12-28,0,3,True,True,None,None,0,0.0,3,550090,None,,-1,1,-2,2,0.1,395,143,3,16.88,None,,0,2,-0.2,0.3,0,0.00,0.0,0.00,0.0,0.00,0.13,0.73,0.0,Diego,0.3,331,113,1,5.62,0,False,0.6,408,143,144,False,5.4,386,142,16,,None,43,604,155,p550090,0,0,None,0,,550090.jpg,1.0,351,126,1,0,106,False,0,0.0,Coppola,0.1,563,205,False,None,0,0.0,a,0,6,36,2025-06-17,0.0,493,207,2,1142,122,4656,305,0.1,0.5,Coppola,0
0,2000-12-22,1,54,True,True,100,100,0,0.0,10,465730,None,,0,0,-1,1,53.3,132,30,16,4.9,None,,0,2,2.5,3.0,1,0.54,0.17,1.22,0.38,0.68,4.30,1.32,0.21,Maxim,3.0,101,37,5,1.53,1,False,17.6,160,52,145,False,69.2,180,75,294,,2025-09-13T21:30:07.998380Z,44,537,136,p465730,0,0,None,0,,465730.jpg,2.3,224,83,15,0,21,False,0,0.0,De Cuyper,2.3,120,46,False,None,4,1.22,a,6,6,36,2025-07-05,52.0,119,21,14,62580,4020,452506,21647,0.7,3.2,De Cuyper,1
1,1991-11-21,0,73,True,True,None,None,0,0.0,46,83299,None,,0,0,0,0,18.7,266,88,54,7.71,None,,0,2,1.2,1.7,1,0.04,0.01,0.37,0.06,0.33,9.22,1.32,0.05,Lewis,1.7,195,71,10,1.43,0,False,16.0,177,60,146,False,107.2,100,48,630,,None,45,391,70,p83299,0,0,None,0,,83299.jpg,2.1,246,86,25,0,241,False,0,0.0,Dunk,1.1,169,62,False,None,7,1.0,a,8,6,36,2009-07-01,33.0,175,41,15,55808,5232,73651,8001,0.4,3.3,Dunk,3
0,1998-01-21,0,0,False,True,0,0,0,0,0,204214,None,,0,0,0,0,0.0,591,226,0,0,4,,0,2,0.0,0.0,0,0.00,0,0.00,0,0.00,0.00,0,0,Pervis,0.0,562,218,0,0,0,False,0.0,600,226,147,False,0.0,598,226,0,Has joined AC Milan permanently,2025-07-24T10:14:09.955203Z,45,406,79,p204214,0,0,None,0,,204214.jpg,0.0,604,227,0,0,62,False,0,0,Estupiñán Tenorio,0.0,693,234,False,None,0,0,u,0,6,36,2022-07-16,0.0,569,223,0,0,0,1841,44,0.0,0.0,Estupiñan,0
0,1999-10-07,0,38,True,True,None,None,0,0.0,18,231416,None,,0,0,-1,1,50.4,139,32,27,6.5,None,,0,2,1.2,1.7,2,0.24,0.06,0.42,0.1,0.18,5.61,1.35,0.04,Ferdi,1.7,191,67,6,1.44,0,False,14.7,191,63,148,False,73.2,173,72,374,,None,44,523,127,p231416,0,0,None,0,,231416.jpg,1.5,309,108,19,0,219,False,0,0.0,Kadıoğlu,0.1,397,146,False,None,3,0.72,a,9,6,36,2024-08-27,23.0,219,59,9,6850,932,13789,1035,0.4,2.0,F.Kadıoğlu,2
0,2000-09-30,0,0,False,True,0,0,0,0,0,232792,None,,0,0,-1,1,0.0,537,222,0,0,None,,0,2,0.0,0.0,0,0.00,0,0.00,0,0.00,0.00,0,0,Tariq,0.0,510,213,0,0,0,False,0.0,551,222,150,False,0.0,549,222,0,has joined Fiorentina permanently.,2025-09-02T12:06:29.254107Z,44,525,129,p232792,0,0,None,0,,232792.jpg,0.0,554,222,0,0,81,False,0,0,Lamptey,0.1,438,164,False,None,0,0,u,0,6,36,2020-01-31,0.0,511,216,0,2778,0,34224,1270,0.0,0.0,Lamptey,0
0,2000-06-08,3,71,True,True,None,None,0,0.0,52,469142,None,,0,0,-1,1,8.5,326,110,60,8.57,None,,1,2,4.5,5.0,11,0.21,0.03,0.66,0.1,0.46,9.22,1.32,0.07,Jan Paul,5.0,32,12,10,1.43,1,False,25.9,83,22,151,False,185.8,23,7,630,,None,44,540,137,p469142,1,0,None,0,,469142.jpg,3.1,134,55,21,0,152,False,0,0.0,van Hecke,1.0,182,68,False,None,7,1.0,a,8,6,36,2020-09-10,64.0,90,14,22,45402,20201,65379,4990,1.1,5.0,Van Hecke,2
0,1992-01-15,0,28,True,True,75,0,0,0.0,21,111478,None,,0,0,-1,1,19.9,259,85,36,10.0,None,,0,2,0.4,0.0,0,0.01,0.0,0.01,0.0,0.00,5.82,1.62,0.0,Joël,1.0,248,85,6,1.67,0,False,9.5,262,91,152,False,68.2,183,76,324,Calf injury - 75% chance of playing,2025-10-02T13:00:07.706508Z,44,506,115,p111478,0,0,None,0,,111478.jpg,1.8,278,98,12,0,152,False,0,0.0,Veltman,0.1,399,148,False,None,4,1.11,d,15,6,36,2020-07-29,6.0,316,110,7,7029,44,18737,2452,0.2,1.6,Veltman,2
0,1995-01-04,0,0,True,True,0,0,0,0,0,110735,None,,0,0,-1,1,0.0,531,219,0,0,None,,0,2,0.0,0.0,0,0.00,0,0.00,0,0.00,0.00,0,0,Adam,0.0,503,209,0,0,0,False,0.0,545,219,153,False,0.0,543,219,0,Knee injury - Unknown return date,2025-08-08T14:30:04.202011Z,44,505,114,p110735,0,0,None,0,,110735.jpg,0.0,547,218,0,0,241,False,0,0,Webster,0.0,710,238,False,None,0,0,i,0,6,36,2019-08-03,0.0,502,212,0,325,31,1097,49,0.0,0.0,Webster,0
0,2001-11-09,0,0,False,True,0,0,0,0,0,439135,None,,0,0,0,0,0.0,466,185,0,0,None,,0,2,0.0,0.0,0,0.00,0,0.00,0,0.00,0.00,0,0,Eiran,0.0,435,170,0,0,0,False,0.0,484,186,154,False,0.0,483,187,0,Has joined Birmingham on loan for the rest of the season.,2025-07-28T11:50:54.390347Z,40,644,172,p439135,0,0,None,0,,439135.jpg,0.0,487,186,0,0,104,False,0,0,Cashin,0.0,713,240,False,None,0,0,u,0,6,36,2025-01-31,0.0,433,174,0,0,0,632,16,0.0,0.0,Cashin,0
0,None,0,0,False,True,0,0,0,0,0,589100,None,,0,0,0,0,0.0,511,208,0,0,None,,0,2,0.0,0.0,0,0.00,0,0.00,0,0.00,0.00,0,0,Jacob,0.0,483,196,0,0,0,False,0.0,529,209,155,False,0.0,527,209,0,has joined Harrogate Town on loan until January.,2025-09-22T21:52:58.462370Z,40,698,204,p589100,0,0,None,0,,589100.jpg,0.0,531,208,0,0,None,False,0,0,Slater,0.1,432,160,False,None,0,0,u,0,6,36,None,0.0,479,198,0,3175,0,12331,1186,0.0,0.0,Slater,0
0,2006-02-24,0,0,True,True,None,None,0,0,0,547720,None,,0,0,-1,1,0.0,421,163,0,0,None,,0,2,-0.5,0.0,0,0.00,0,0.00,0,0.00,0.00,0,0,Charlie,0.0,393,149,0,0,0,False,0.0,443,166,156,False,0.0,442,167,0,,None,39,729,232,p547720,0,0,None,0,,547720.jpg,0.0,446,166,0,0,241,False,0,0,Tasker,0.1,404,151,False,None,0,0,a,0,6,36,2025-03-28,0.0,389,153,0,4302,828,8473,741,0.0,0.0,Tasker,0
1,1997-05-20,0,64,True,True,75,75,1,0.18,6,451340,None,,-1,1,-2,2,95.8,63,48,22,3.9,None,,0,3,0.6,1.0,0,0.29,0.05,1.05,0.18,0.76,7.99,1.42,0.13,Mitoma,1.3,243,114,8,1.42,1,False,26.9,76,46,157,False,88.4,142,51,508,Knock - 75% chance of playing,2025-10-02T13:00:07.769683Z,63,73,50,p451340,0,0,None,0,,451340.jpg,3.3,126,51,13,0,108,False,0,0.0,Kaoru,3.3,102,36,False,None,6,1.06,d,3,6,36,2021-08-09,88.0,59,35,20,158972,1769,566683,85278,0.2,3.2,Mitoma,1
2,2002-04-20,0,52,True,True,100,100,1,0.25,10,463067,None,,-1,1,-3,3,63.4,111,79,23,5.66,None,,0,3,2.2,2.7,1,0.45,0.11,0.79,0.19,0.34,4.80,1.18,0.08,Georginio,2.7,130,62,4,0.98,0,False,19.6,138,73,158,False,58.4,208,87,366,,2025-08-25T07:30:07.559102Z,57,127,84,p463067,0,0,None,0,,463067.jpg,2.7,191,80,9,0,73,False,0,0.0,Rutter,0.4,269,92,False,None,4,0.98,a,4,6,36,2024-08-19,74.0,75,45,16,36662,1511,148118,7114,0.5,2.8,Georginio,1
0,1994-07-20,0,0,True,True,0,0,0,0,0,109345,4,,0,0,-2,2,0.0,728,321,0,0,None,,0,3,0.0,0.0,0,0.00,0,0.00,0,0.00,0.00,0,0,Solly,0.0,719,318,0,0,0,False,0.0,728,321,159,False,0.0,728,321,0,Knee injury - Unknown return date,2025-08-10T18:00:05.450301Z,58,110,76,p109345,0,0,None,0,,109345.jpg,0.0,728,321,0,0,241,False,0,0,March,0.0,708,308,False,None,0,0,i,0,6,36,2012-07-01,0.0,728,321,0,293,47,2057,56,0.0,0.0,March,0
2,2004-07-22,3,134,True,True,None,None,1,0.15,10,592031,None,,1,-1,0,0,167.9,18,17,52,7.89,None,,0,3,4.8,5.3,2,1.23,0.19,2.85,0.44,1.62,8.86,1.34,0.25,Yankuba,5.3,30,15,8,1.21,1,False,49.6,9,7,160,False,148.4,55,17,593,,None,60,91,60,p592031,0,0,None,0,,592031.jpg,4.4,60,22,30,0,78,False,0,0.0,Minteh,3.6,97,32,False,None,7,1.06,a,12,6,36,2024-07-01,179.0,11,5,31,451421,70818,168732,46118,0.9,5.2,Minteh,0
0,2004-01-23,0,0,False,True,0,0,0,0,0,474120,None,,0,0,-1,1,0.0,719,315,0,0,None,,0,3,0.0,0.0,0,0.00,0,0.00,0,0.00,0.00,0,0,Julio,0.0,706,307,0,0,0,False,0.0,721,315,161,False,0.0,720,314,0,has joined Strasbourg permanently.,2025-08-10T18:00:05.470138Z,54,188,117,p474120,0,0,None,0,,474120.jpg,0.0,721,315,0,0,168,False,0,0,Enciso Espínola,0.0,694,299,False,None,0,0,u,0,6,36,2022-06-17,0.0,715,315,0,105,0,2786,46,0.0,0.0,Enciso,0
1,2004-05-31,2,56,True,True,0,None,0,0.0,1,513433,2,,0,0,-1,1,56.3,126,89,21,8.67,6,,0,3,0.0,2.7,2,0.40,0.17,1.97,0.82,1.57,2.90,1.2,0.65,Brajan,2.7,127,60,3,1.24,1,False,22.4,115,62,162,False,74.0,171,67,218,Knee injury - Unknown return date,2025-10-16T12:30:10.115478Z,54,192,120,p513433,0,0,None,0,,513433.jpg,2.7,190,79,15,0,80,False,0,0.0,Gruda,0.1,503,172,False,None,2,0.83,i,5,6,36,2024-08-14,94.0,54,31,19,11619,521,9886,1523,0.5,3.5,Gruda,0
0,2005-04-11,0,22,True,True,0,0,0,0.0,2,532529,None,,0,0,-3,3,2.0,366,190,11,9.25,None,,0,3,0.0,0.0,0,0.01,0.01,0.01,0.01,0.00,2.32,1.95,0.0,Jack,0.0,688,297,2,1.68,0,False,1.2,395,188,163,False,9.4,372,173,107,Ankle injury - Unknown return date,2025-09-13T21:30:08.019508Z,52,231,145,p532529,0,0,None,0,,532529.jpg,1.3,326,155,6,0,241,False,0,0.0,Hinshelwood,0.0,612,246,False,None,2,1.68,i,3,6,36,2022-12-30,0.0,701,308,4,1043,24,9770,426,0.0,0.8,Hinshelwood,0
0,2000-11-21,2,36,False,True,0,0,1,0.51,3,219249,1,,0,0,0,0,66.6,102,74,9,4.58,2,,1,3,0.0,0.0,0,0.17,0.09,1.38,0.71,1.21,2.12,1.08,0.62,Matt,0.0,714,314,2,1.02,1,False,19.0,148,78,164,False,60.8,198,83,177,has joined Marseille on loan for the rest of the season.,2025-09-02T12:06:29.272628Z,55,146,92,p219249,0,0,2,0,,219249.jpg,6.0,14,5,2,0,58,False,0,0.0,O'Riley,0.4,259,88,False,None,2,1.02,u,4,6,36,2024-08-26,63.0,95,57,12,130744,0,188309,4253,0.0,2.2,O'Riley,0
0,2001-06-17,0,0,False,True,0,0,0,0,0,516211,None,,0,0,-1,1,0.0,720,316,0,0,None,,0,3,0.0,0.0,0,0.00,0,0.00,0,0.00,0.00,0,0,Abdallah,0.0,708,309,0,0,0,False,0.0,722,316,165,False,0.0,721,315,0,has joined Lens permanently.,2025-09-02T12:06:29.290672Z,54,193,121,p516211,0,0,None,0,,516211.jpg,0.0,722,316,0,0,189,False,0,0,Sima,0.0,681,290,False,None,0,0,u,0,6,36,2021-08-30,0.0,716,316,0,247,0,2021,67,0.0,0.0,Sima,0
0,2003-10-06,2,113,True,True,None,None,0,0.0,15,509416,3,,0,0,-1,1,91.1,67,50,58,9.63,5,,0,3,3.5,4.0,2,0.44,0.07,0.90,0.15,0.46,7.17,1.19,0.08,Yasin,4.0,60,28,9,1.49,1,False,24.0,94,54,166,False,101.4,110,34,542,,None,49,352,219,p509416,0,0,None,0,,509416.jpg,2.9,164,69,28,0,206,False,0,0.0,Ayari,0.3,291,98,False,None,5,0.83,a,15,6,36,2023-01-30,47.0,139,84,20,38363,4908,24083,4335,0.8,4.1,Ayari,0
0,2004-01-03,0,34,True,True,None,None,1,0.26,14,535301,None,,0,0,-2,2,29.8,207,131,45,11.51,None,,0,3,0.5,1.0,0,0.02,0.01,0.07,0.02,0.05,5.83,1.49,0.01,Carlos,1.0,256,120,5,1.28,0,False,5.3,323,160,167,False,18.6,335,156,352,,None,48,379,236,p535301,0,0,None,0,,535301.jpg,1.1,335,161,24,0,38,False,0,0.0,Baleba,2.3,122,42,False,None,6,1.53,a,7,6,36,2023-08-29,4.0,333,173,8,96435,7260,356883,27858,0.2,1.7,Baleba,2
0,2003-03-27,0,45,True,True,75,None,0,0.0,7,514254,None,,0,0,-1,1,31.3,200,127,35,10.19,3,,0,3,0.6,1.3,2,0.12,0.03,0.40,0.11,0.28,4.56,1.33,0.08,Diego,1.3,235,110,5,1.46,0,False,10.4,251,127,169,False,40.6,257,114,309,Muscle injury - 75% chance of playing,2025-10-16T12:30:10.190452Z,49,353,220,p514254,0,0,None,0,,514254.jpg,1.2,331,157,12,0,168,False,0,0.0,Gómez Amarilla,0.1,458,153,False,None,3,0.87,d,16,6,36,2025-01-01,31.0,184,109,7,10200,643,7033,1662,0.3,1.4,Gomez,2
0,1986-01-04,0,41,True,True,None,None,0,0.0,3,15157,None,,0,0,0,0,36.9,187,123,13,8.54,None,,0,3,0.2,0.7,1,0.12,0.08,0.91,0.6,0.79,1.92,1.26,0.52,James,0.7,302,148,4,2.63,1,False,10.8,242,123,170,False,54.0,219,95,137,,None,50,240,148,p15157,0,0,None,0,,15157.jpg,2.0,263,122,7,0,241,False,0,0.0,Milner,0.1,405,135,False,None,1,0.66,a,3,6,36,2023-07-01,17.0,251,138,10,12834,947,12503,1642,0.1,2.0,Milner,1
0,2002-06-16,0,0,False,True,0,0,0,0,0,441192,None,,0,0,-1,1,0.0,678,293,0,0,None,,0,3,0.0,0.0,0,0.00,0,0.00,0,0.00,0.00,0,0,Jeremy,0.0,657,276,0,0,0,False,0.0,684,293,171,False,0.0,683,292,0,has joined Cremonese on loan for the rest of the season.,2025-09-02T12:06:29.308383Z,49,336,210,p441192,0,0,None,0,,441192.jpg,0.0,683,292,0,0,62,False,0,0,Sarmiento Morante,0.0,664,280,False,None,0,0,u,0,6,36,2021-09-21,0.0,663,287,0,196,0,2641,96,0.0,0.0,Sarmiento,0
0,2006-04-08,0,0,True,True,100,100,0,0,0,549074,None,,0,0,-1,1,0.0,683,295,0,0,None,,0,3,-0.5,0.0,0,0.00,0,0.00,0,0.00,0.00,0,0,Tom,0.0,662,278,0,0,0,False,0.0,689,295,172,False,0.0,688,294,0,,2025-08-10T18:00:05.491553Z,49,355,222,p549074,0,0,None,0,,549074.jpg,0.0,688,294,0,0,241,False,0,0,Watson,0.0,627,256,False,None,0,0,a,0,6,36,2025-06-01,0.0,670,290,0,810,92,1970,183,0.0,0.0,Watson,0
1,1999-11-16,0,54,True,True,100,100,0,0.0,15,467779,None,,0,0,-1,1,44.2,159,107,44,13.99,None,,0,3,1.2,1.7,1,0.52,0.17,0.64,0.21,0.12,2.98,0.95,0.04,Mats,1.7,204,90,4,1.27,0,False,15.2,186,97,173,False,74.6,169,66,283,,2025-09-01T10:30:07.953121Z,49,342,213,p467779,0,0,None,0,,467779.jpg,2.4,220,100,14,0,152,False,0,0.0,Wieffer,0.1,568,208,False,None,3,0.95,a,15,6,36,2024-07-06,33.0,176,104,12,3649,160,5794,370,0.3,2.4,Wieffer,3
0,2005-11-18,0,0,False,True,0,0,0,0,0,611695,None,,0,0,0,0,0.0,703,308,0,0,None,,0,3,0.0,0.0,0,0.00,0,0.00,0,0.00,0.00,0,0,Malick,0.0,683,294,0,0,0,False,0.0,706,308,174,False,0.0,705,307,0,Has joined Swansea City on loan for the rest of the season.,2025-08-15T12:03:00.771795Z,50,293,182,p611695,0,0,None,0,,611695.jpg,0.0,706,308,0,0,54,False,0,0,Yalcouyé,0.0,715,312,False,None,0,0,u,0,6,36,2024-07-12,0.0,695,306,0,0,0,1197,21,0.0,0.0,Yalcouye,0
0,None,0,0,True,True,None,None,0,0,0,567121,None,,0,0,0,0,0.0,628,261,0,0,None,,0,3,-0.5,0.0,0,0.00,0,0.00,0,0.00,0.00,0,0,Joe,0.0,599,239,0,0,0,False,0.0,636,261,175,False,0.0,634,259,0,,None,45,462,275,p567121,0,0,None,0,,567121.jpg,0.0,639,264,0,0,None,False,0,0,Knight,0.1,488,167,False,None,0,0,a,0,6,36,None,0.0,607,252,0,5764,729,7010,791,0.0,0.0,Knight,0
0,None,0,0,False,True,0,0,0,0,0,550141,None,,0,0,0,0,0.0,621,256,0,0,None,,0,3,0.0,0.0,0,0.00,0,0.00,0,0.00,0.00,0,0,Adrian,0.0,592,234,0,0,0,False,0.0,629,256,176,False,0.0,627,254,0,has joined Dinamo Bucharest permanently.,2025-09-22T21:46:15.598017Z,45,452,270,p550141,0,0,None,0,,550141.jpg,0.0,632,259,0,0,None,False,0,0,Mazilu,0.0,632,260,False,None,0,0,u,0,6,36,None,0.0,600,247,0,1435,0,3632,305,0.0,0.0,Mazilu,0
0,2003-10-15,0,0,False,True,0,0,0,0,0,513834,None,,0,0,0,0,0.0,614,249,0,0,None,,0,3,0.0,0.0,0,0.00,0,0.00,0,0.00,0.00,0,0,Andrew,0.0,585,227,0,0,0,False,0.0,622,249,177,False,0.0,620,247,0,Has joined Los Angeles FC on loan for the rest of the season.,2025-08-22T14:16:38.542849Z,45,443,262,p513834,0,0,None,0,,513834.jpg,0.0,625,252,0,0,104,False,0,0,Moran,0.0,653,273,False,None,0,0,u,0,6,36,2021-08-23,0.0,593,240,0,490,0,4488,138,0.0,0.0,Moran,0
0,1990-11-26,3,56,True,True,None,None,0,0.0,4,50175,None,,0,0,-2,2,37.9,183,16,13,3.21,1,,1,4,3.8,4.3,1,0.37,0.09,2.81,0.69,2.44,5.75,1.42,0.6,Danny,4.3,55,7,8,1.97,2,False,21.2,124,19,178,False,70.8,176,14,365,,None,63,68,22,p50175,0,1,1,0,,50175.jpg,2.6,202,20,6,0,241,False,0,0.0,Welbeck,2.4,118,18,False,None,4,0.99,a,3,6,36,2020-10-18,106.0,43,16,18,182528,34223,410953,32550,0.7,2.9,Welbeck,2
0,2004-10-19,0,0,False,True,0,0,0,0,0,487117,None,,0,0,0,0,0.0,726,76,0,0,None,,0,4,0.0,0.0,0,0.00,0,0.00,0,0.00,0.00,0,0,Evan,0.0,716,73,0,0,0,False,0.0,727,76,179,False,0.0,726,76,0,Has joined AS Roma on loan for the rest of the season,2025-07-24T10:13:22.396984Z,55,153,36,p487117,0,0,None,0,,487117.jpg,0.0,727,76,0,0,104,False,0,0,Ferguson,0.0,700,82,False,None,0,0,u,0,6,36,2021-08-23,0.0,725,76,0,0,0,1476,17,0.0,0.0,Ferguson,0
1,2006-01-06,0,17,True,True,None,None,0,0.0,0,608181,None,,-1,1,-2,2,30.6,204,19,4,7.5,None,,0,4,1.2,1.7,4,0.00,0.0,0.33,0.62,0.33,0.71,1.33,0.62,Stefanos,1.7,212,22,0,0.0,0,False,6.9,299,33,180,False,23.0,316,28,48,,None,53,220,47,p608181,0,0,None,0,,608181.jpg,2.0,267,24,2,0,83,False,0,0.0,Tzimas,0.1,452,63,False,None,0,0.0,a,2,6,36,2025-02-03,15.0,263,39,6,7693,1808,12920,902,0.3,1.1,Tzimas,0
0,2007-05-30,0,0,True,True,None,None,0,0,0,647850,None,,0,0,-1,1,0.0,688,71,0,0,None,,0,4,-0.5,0.0,0,0.00,0,0.00,0,0.00,0.00,0,0,Charalampos,0.0,668,68,0,0,0,False,0.0,694,72,181,False,0.0,693,72,0,,None,49,362,59,p647850,0,0,None,0,,647850.jpg,0.0,693,72,0,0,83,False,0,0,Kostoulas,0.3,312,50,False,None,0,0,a,0,6,36,2025-07-01,0.0,675,70,0,18006,1799,39044,2790,0.0,0.0,Kostoulas,0
0,2004-12-23,0,4,True,True,100,100,0,0.0,0,536916,None,,0,0,-2,2,25.1,235,142,3,6.0,None,,0,3,0.5,-0.5,0,0.09,0.18,0.09,0.18,0.00,0.55,1.1,0.0,Facundo,0.0,635,261,1,2.0,0,False,3.9,348,169,168,False,5.6,385,179,45,,2025-09-21T22:30:05.997985Z,48,380,237,p536916,0,0,None,0,,536916.jpg,1.0,370,175,2,0,10,False,0,0.0,Buonanotte,0.1,467,158,False,None,1,2.0,a,1,7,8,2025-09-01,8.0,298,156,1,7108,498,18757,1174,0.0,0.2,Buonanotte,0
0,1997-11-18,1,69,True,True,None,None,2,0.33,3,215059,None,,0,0,-1,1,20.0,258,2,0,0.0,None,,0,1,0.5,-0.5,2,0.00,0.0,0.00,0.0,0.00,8.12,1.34,0.0,Robert,0.0,648,85,9,1.49,0,False,12.0,227,14,220,False,100.8,114,15,544,,None,49,319,14,p215059,0,0,None,0,,215059.jpg,2.7,185,19,50,1,200,False,13,2.15,Lynch Sánchez,14.4,24,3,False,None,7,1.16,a,0,7,8,2023-08-05,0.0,655,74,19,515193,29235,1621934,109171,0.0,3.9,Sánchez,0
0,2002-04-16,0,4,True,True,None,None,0,0.0,2,508479,None,,0,0,-1,1,0.0,557,69,0,0.0,None,,0,1,0.8,-0.2,0,0.00,0.0,0.00,0.0,0.00,1.79,1.92,0.0,Filip,0.3,339,23,2,2.14,0,False,0.9,400,28,221,False,9.4,371,28,84,,None,44,560,32,p508479,0,0,None,0,,508479.jpg,1.0,356,28,5,0,58,False,1,1.07,Jörgensen,0.2,369,57,False,None,0,0.0,a,0,7,8,2024-07-30,0.0,534,60,1,9087,343,15575,1613,0.1,0.2,Jörgensen,0
0,2005-07-31,0,0,False,True,0,0,0,0,0,549939,None,,0,0,0,0,0.0,499,55,0,0,None,,0,1,0.0,0.0,0,0.00,0,0.00,0,0.00,0.00,0,0,Mike,0.0,471,65,0,0,0,False,0.0,517,70,222,False,0.0,515,70,0,Has joined RC Strasbourg on loan for the rest of the season.,2025-07-28T11:48:06.001822Z,40,686,78,p549939,0,0,None,0,,549939.jpg,0.0,520,70,0,0,21,False,0,0,Penders,0.0,731,83,False,None,0,0,u,0,7,8,2024-08-27,0.0,467,44,0,0,0,283,12,0.0,0.0,Penders,0
0,2004-05-15,0,0,True,True,None,None,0,0,0,471798,None,,0,0,0,0,0.0,477,44,0,0,None,,0,1,0.5,-0.5,0,0.00,0,0.00,0,0.00,0.00,0,0,Gabriel,0.0,447,54,0,0,0,False,0.0,495,59,223,False,0.0,493,59,0,,None,40,657,67,p471798,0,0,None,0,,471798.jpg,0.0,498,59,0,0,229,False,0,0,Słonina,0.1,468,74,False,None,0,0,a,0,7,8,2022-08-02,0.0,444,33,0,3109,229,5771,571,0.0,0.0,Slonina,0
2,1998-07-22,4,124,True,True,None,None,2,0.34,26,179268,None,,0,0,1,-1,135.9,32,5,40,6.72,None,,0,2,2.8,1.8,7,1.10,0.18,1.34,0.22,0.24,8.52,1.43,0.04,Marc,2.3,147,54,8,1.34,0,False,31.6,45,6,224,False,131.2,70,30,536,,None,61,84,3,p179268,0,0,None,0,,179268.jpg,3.9,89,37,24,0,200,False,0,0.0,Cucurella Saseta,21.9,15,6,False,None,6,1.01,a,14,7,8,2022-08-05,49.0,135,25,27,1493919,95855,1399467,86093,0.4,4.4,Cucurella,2
2,1999-12-08,0,91,True,True,100,None,1,0.21,23,225796,3,,0,0,-1,1,139.7,31,4,33,7.02,2,,0,2,4.2,3.2,4,0.86,0.18,0.99,0.21,0.13,8.67,1.84,0.03,Reece,3.7,85,30,7,1.49,0,False,26.3,78,20,225,False,96.6,124,57,423,,2025-10-13T09:30:08.256625Z,54,177,22,p225796,0,0,None,0,,225796.jpg,2.7,187,74,18,0,241,False,0,0.0,James,4.2,83,31,False,None,4,0.85,a,10,7,8,2019-05-15,26.0,205,52,19,225799,22868,424177,33929,0.7,3.5,James,2
1,1999-07-05,2,117,True,True,100,0,2,0.38,42,180736,None,,-1,1,1,-1,35.6,190,49,52,9.75,None,,1,2,2.2,0.0,0,0.55,0.1,1.30,0.24,0.75,5.37,1.01,0.14,Trevoh,1.7,209,78,8,1.5,2,False,29.1,62,13,226,False,180.4,25,9,480,,2025-09-28T00:00:08.404840Z,51,235,34,p180736,0,0,None,0,,180736.jpg,5.8,22,10,17,1,241,False,0,0.0,Chalobah,7.5,55,15,False,None,6,1.12,a,10,7,8,2018-02-16,76.0,73,9,35,1317645,55361,730423,65666,0.3,6.9,Chalobah,1
0,2003-02-26,0,0,True,True,0,0,0,0,0,460028,None,,0,0,-2,2,0.0,661,236,0,0,None,,0,2,0.0,0.0,0,0.00,0,0.00,0,0.00,0.00,0,0,Levi,0.0,634,229,0,0,0,False,0.0,668,236,227,False,0.0,667,236,0,Anterior cruciate ligament - Unknown return date,2025-08-08T14:30:04.255160Z,48,376,65,p460028,0,0,None,0,,460028.jpg,0.0,667,236,0,0,241,False,0,0,Samuels Colwill,0.1,437,163,False,None,0,0,i,0,7,8,2022-07-01,0.0,642,233,0,595,54,28258,537,0.0,0.0,Colwill,0
1,2003-05-19,0,52,True,True,None,None,1,0.29,8,482609,None,,0,0,-1,1,37.9,182,47,15,4.33,None,,0,2,2.5,1.5,5,0.12,0.03,0.16,0.04,0.04,5.76,1.66,0.01,Malo,2.0,167,62,5,1.44,0,False,10.4,250,86,228,False,52.6,225,88,312,,None,49,345,60,p482609,0,0,None,0,,482609.jpg,2.5,209,80,22,0,73,False,0,0.0,Gusto,1.2,164,60,False,None,3,0.87,a,7,7,8,2023-01-28,14.0,270,86,15,58133,9119,128590,7053,0.4,3.1,Gusto,0
0,2001-03-26,0,3,True,True,0,100,0,0.0,5,242880,None,,0,0,-1,1,1.7,368,130,6,8.31,None,,0,2,0.0,-0.5,1,0.02,0.03,0.02,0.03,0.00,2.17,3.0,0.0,Benoît,0.0,511,214,2,2.77,0,False,1.8,384,135,229,False,16.0,345,129,65,Muscle injury - Expected back 03 Dec,2025-10-17T12:30:08.541306Z,44,527,131,p242880,0,0,None,0,,242880.jpg,0.0,555,223,3,0,73,False,0,0.0,Badiashile Mukinayi,0.0,642,219,False,None,1,1.38,i,1,7,8,2023-01-05,0.0,512,217,0,1907,1022,2012,562,0.0,0.0,B.Badiashile,1
0,2000-12-17,0,18,True,True,100,0,0,0.0,10,444463,None,,0,0,-1,1,4.3,345,119,13,9.07,None,,0,2,0.8,0.0,0,0.01,0.01,0.01,0.01,0.00,2.44,1.7,0.0,Wesley,0.3,337,117,3,2.09,0,False,3.2,360,125,230,False,27.2,299,112,129,,2025-09-26T11:30:06.513349Z,44,533,135,p444463,0,0,None,0,,444463.jpg,1.0,354,128,2,0,73,False,0,0.0,Fofana,0.1,396,145,False,None,2,1.4,a,3,7,8,2022-08-31,0.0,516,219,3,8714,290,21090,1620,0.1,0.7,Fofana,0
0,2005-08-29,0,0,False,True,0,0,0,0,0,574458,None,,0,0,0,0,0.0,632,233,0,0,None,,0,2,0.0,0.0,0,0.00,0,0.00,0,0.00,0.00,0,0,Mamadou,0.0,603,225,0,0,0,False,0.0,640,233,231,False,0.0,638,233,0,Has joined RC Strasbourg on loan for the rest of the season.,2025-08-11T01:09:37.642396Z,45,466,102,p574458,0,0,None,0,,574458.jpg,0.0,643,233,0,0,73,False,0,0,Sarr,0.0,702,237,False,None,0,0,u,0,7,8,2025-06-09,0.0,611,230,0,0,0,1818,37,0.0,0.0,M.Sarr,0
0,1997-09-24,0,53,True,True,100,0,1,0.25,32,109646,None,,0,0,-1,1,6.4,332,113,37,9.43,None,,0,2,0.5,0.0,0,0.07,0.02,0.11,0.03,0.05,4.97,1.27,0.01,Tosin,0.0,502,208,5,1.27,0,False,11.7,231,81,232,False,99.0,117,55,353,,2025-09-26T11:30:06.530261Z,44,504,113,p109646,0,0,None,0,,109646.jpg,2.8,171,66,13,0,241,False,0,0.0,Adarabioyo,0.5,236,88,False,None,3,0.76,a,5,7,8,2024-07-01,11.0,282,92,11,84830,1158,166369,9889,0.0,2.5,Tosin,1
0,2006-05-05,3,28,True,True,100,100,1,0.47,10,577016,None,,-1,1,-1,1,3.0,358,126,12,5.6,None,,0,2,1.2,0.2,2,0.01,0.0,0.10,0.04,0.09,4.30,2.01,0.04,Josh,0.7,283,93,4,1.87,0,False,3.1,362,127,233,False,17.8,339,125,193,,2025-09-24T11:30:08.237944Z,39,734,237,p577016,0,0,None,0,,577016.jpg,3.7,96,39,9,0,241,False,0,0.0,Acheampong,1.2,163,59,False,None,2,0.93,a,2,7,8,2024-03-10,10.0,285,94,11,277650,11162,238727,10248,0.2,2.8,Acheampong,0
0,2005-04-29,0,0,False,True,0,0,0,0,0,622758,None,,0,0,0,0,0.0,514,211,0,0,None,,0,2,0.0,0.0,0,0.00,0,0.00,0,0.00,0.00,0,0,Aarón,0.0,486,199,0,0,0,False,0.0,532,212,234,False,0.0,530,212,0,has joined Borussia Dortmund on loan for the rest of the season.,2025-09-02T11:35:16.308555Z,40,701,207,p622758,0,0,None,0,,622758.jpg,0.0,534,211,0,0,10,False,0,0,Anselmino,0.1,530,193,False,None,0,0,u,0,7,8,2024-08-08,0.0,482,201,0,1030,0,8714,355,0.0,0.0,Anselmino,0
0,2002-05-06,1,36,True,True,0,0,1,0.62,1,244851,5,,0,0,-2,2,19.2,264,151,7,4.38,1,,0,3,0.0,0.0,0,0.12,0.08,0.92,0.58,0.80,2.54,1.59,0.5,Cole,0.3,369,176,2,1.25,1,False,12.9,217,109,235,False,44.4,247,109,144,Groin Injury - Expected back 22 Nov,2025-09-20T23:30:06.610468Z,103,4,2,p244851,0,0,1,0,,244851.jpg,3.7,103,41,4,0,241,False,0,0.0,Palmer,10.9,36,13,False,None,2,1.25,i,2,7,8,2023-09-01,65.0,89,54,11,682563,11759,6113428,157125,0.0,1.1,Palmer,0
0,2000-03-09,0,91,True,True,75,None,2,0.35,6,247632,1,,0,0,0,0,143.3,28,25,25,4.43,None,,0,3,1.7,1.2,2,0.96,0.17,1.57,0.28,0.61,5.81,1.03,0.11,Pedro,1.7,225,105,5,0.89,1,False,30.1,58,37,236,False,77.6,160,60,508,Knock - 75% chance of playing,2025-10-17T12:30:08.587206Z,70,34,20,p247632,0,0,None,0,,247632.jpg,2.9,167,71,15,0,173,False,0,0.0,Lomba Neto,3.8,94,29,False,None,7,1.24,d,4,7,8,2024-08-11,80.0,70,43,20,416583,19861,486271,52566,0.2,2.9,Neto,0
2,2001-01-17,3,147,True,True,75,None,2,0.29,8,448047,4,,0,0,2,-2,140.8,29,26,45,6.55,3,,1,3,3.4,3.5,2,0.51,0.07,4.27,0.62,3.76,9.86,1.44,0.55,Enzo,4.0,70,34,9,1.31,3,False,48.9,12,10,237,True,188.4,18,8,618,Knee injury - 75% chance of playing,2025-10-13T09:30:08.310616Z,67,50,33,p448047,0,0,4,0,,448047.jpg,5.9,21,7,23,0,10,False,0,0.0,Fernández,14.6,23,8,False,None,7,1.02,d,14,7,8,2023-01-31,159.0,17,8,41,1902278,251350,786639,190619,0.6,6.1,Enzo,1
1,2007-04-24,2,70,True,True,None,None,2,0.69,4,624773,2,,0,0,0,0,74.4,88,65,23,7.9,None,,0,3,4.5,3.5,8,1.23,0.42,2.82,0.97,1.59,1.43,0.49,0.55,Estêvão,4.0,68,33,1,0.34,1,False,30.1,57,36,238,False,92.6,131,44,262,,None,65,60,41,p624773,0,0,None,0,,624773.jpg,3.3,127,52,12,0,30,False,0,0.0,Almeida de Oliveira Gonçalves,2.2,127,45,False,None,4,1.37,a,7,7,8,2025-07-14,133.0,26,11,20,277423,60656,257809,12160,0.6,3.1,Estêvão,1
0,2004-08-08,0,18,True,True,None,None,0,0.0,2,463936,None,,0,0,-3,3,40.9,170,113,8,4.56,None,,0,3,0.8,-0.2,1,0.15,0.09,0.28,0.16,0.13,2.63,1.5,0.07,Jamie,0.3,367,174,1,0.57,0,False,10.8,243,124,239,False,21.8,323,149,158,,None,62,82,56,p463936,0,0,None,0,,463936.jpg,1.0,407,200,4,0,241,False,0,0.0,Bynoe-Gittens,0.1,446,148,False,None,2,1.14,a,2,7,8,2025-07-05,45.0,145,88,5,6650,686,28595,1199,0.0,0.8,Gittens,0
0,1997-11-14,0,0,False,True,0,0,0,0,0,213198,None,,0,0,-1,1,0.0,730,323,0,0,None,,0,3,0.0,0.0,0,0.00,0,0.00,0,0.00,0.00,0,0,Christopher,0.0,723,321,0,0,0,False,0.0,730,323,240,False,0.0,730,323,0,has joined AC Milan permanently.,2025-09-02T11:35:16.323578Z,59,101,69,p213198,0,0,2,0,,213198.jpg,0.0,730,323,0,0,73,False,0,0,Nkunku,0.1,479,162,False,None,0,0,u,0,7,8,2023-07-01,0.0,730,323,0,2668,0,22594,440,0.0,0.0,Nkunku,0
0,2001-11-02,7,187,True,True,75,None,2,0.29,30,486672,None,,1,-1,3,-3,59.2,119,85,96,13.71,None,,1,3,4.3,4.8,10,0.24,0.03,0.77,0.11,0.53,9.91,1.42,0.08,Moisés,5.3,29,14,9,1.29,3,False,35.5,33,23,241,True,245.4,3,2,630,Knock - 75% chance of playing,2025-10-17T12:30:08.605769Z,58,118,79,p486672,0,0,None,0,,486672.jpg,6.4,9,3,38,0,62,False,0,0.0,Caicedo Corozo,15.5,21,7,False,None,7,1.0,d,28,7,8,2023-08-14,51.0,124,77,45,1575807,497200,516103,62302,0.9,7.8,Caicedo,1
0,2006-02-04,0,-2,True,True,None,None,1,0.66,0,550615,None,,0,0,-1,1,7.0,330,176,2,1.31,None,,0,3,0.5,-0.5,0,0.08,0.05,0.33,0.21,0.25,1.53,1.01,0.16,Tyrique,0.0,663,279,1,0.66,0,False,6.7,303,150,243,False,8.2,376,175,137,,None,49,356,223,p550615,0,0,None,0,,550615.jpg,1.0,379,182,1,0,241,False,0,0.0,George,0.1,549,200,False,None,0,0.0,a,1,7,8,2024-04-15,52.0,120,74,3,3602,315,5140,535,0.0,0.6,George,2
0,2004-01-06,0,10,True,True,100,100,0,0.0,4,514356,None,,0,0,-1,1,3.3,355,185,8,15.65,None,,0,3,1.2,0.2,1,0.03,0.06,0.03,0.06,0.00,2.26,4.42,0.0,Roméo,0.7,300,146,3,5.87,0,False,1.3,393,187,244,False,9.6,370,172,46,,2025-08-10T22:00:04.594276Z,49,354,221,p514356,0,0,None,0,,514356.jpg,1.0,378,181,3,0,21,False,0,0.0,Lavia,0.0,655,275,False,None,0,0.0,a,1,7,8,2023-08-18,0.0,669,289,2,1142,707,2150,193,0.1,0.4,Lavia,0
0,2001-01-05,0,0,True,True,0,0,0,0,0,465920,None,,0,0,0,0,0.0,695,302,0,0,None,,0,3,0.0,0.0,0,0.00,0,0.00,0,0.00,0.00,0,0,Mykhailo,0.0,674,287,0,0,0,False,0.0,698,302,245,False,0.0,697,301,0,Suspended - unknown return date,2025-07-21T10:00:04.824210Z,50,272,166,p465920,0,0,None,0,,465920.jpg,0.0,698,302,0,0,225,False,0,0,Mudryk,0.0,705,305,False,None,0,0,s,0,7,8,2023-01-15,0.0,686,299,0,446,56,755,79,0.0,0.0,Mudryk,0
0,2004-05-03,0,30,True,True,100,0,0,0.0,2,532605,None,,0,0,0,0,43.4,162,109,16,8.47,None,,0,3,1.5,0.0,0,0.05,0.03,0.46,0.25,0.41,2.23,1.18,0.22,Andrey,1.0,254,118,1,0.53,0,False,9.8,259,131,246,False,21.8,322,148,170,,2025-10-01T00:30:06.094463Z,45,448,266,p532605,0,0,None,0,,532605.jpg,1.0,361,166,10,0,30,False,0,0.0,Nascimento dos Santos,0.3,311,107,False,None,1,0.53,a,4,7,8,2023-01-07,32.0,180,106,5,34028,1198,39419,5539,0.2,1.1,Andrey Santos,1
0,2005-03-14,0,0,True,True,0,0,0,0,0,491007,None,,0,0,-1,1,0.0,548,207,0,0,None,,0,3,0.0,0.0,0,0.00,0,0.00,0,0.00,0.00,0,0,Dário,0.0,522,184,0,0,0,False,0.0,561,207,247,False,0.0,559,205,0,Thigh injury - Unknown return date,2025-09-11T07:00:06.794916Z,44,549,307,p491007,0,0,None,0,,491007.jpg,0.0,565,210,0,0,173,False,0,0,Luís Essugo,0.0,598,237,False,None,0,0,i,0,7,8,2025-06-02,0.0,525,197,0,2995,65,5886,377,0.0,0.0,D.Essugo,0
0,None,0,0,False,True,0,0,0,0,0,611134,None,,0,0,0,0,0.0,647,274,0,0,None,,0,3,0.0,0.0,0,0.00,0,0.00,0,0.00,0.00,0,0,Kendry,0.0,618,252,0,0,0,False,0.0,655,274,248,False,0.0,653,272,0,Has joined RC Strasbourg on loan for the rest of the season.,2025-08-11T01:09:37.664358Z,45,483,289,p611134,0,0,None,0,,611134.jpg,0.0,656,275,0,0,None,False,0,0,Páez Andrade,0.0,716,313,False,None,0,0,u,0,7,8,None,0.0,626,265,0,0,0,866,22,0.0,0.0,Paez,0
3,2001-09-26,8,149,True,True,None,None,2,0.31,11,475168,None,,0,0,2,-2,115.6,50,1,29,4.48,None,,2,4,2.5,1.5,2,0.23,0.04,1.76,0.28,1.53,8.72,1.35,0.24,João Pedro,2.0,188,20,8,1.23,2,False,40.6,16,3,249,False,163.2,39,4,583,,None,77,20,7,p475168,0,0,None,0,,475168.jpg,5.6,27,3,13,0,30,False,0,0.0,Junqueira de Jesus,60.8,3,2,False,None,7,1.08,a,5,7,8,2025-07-02,132.0,27,14,39,2962213,204161,2139293,385236,0.3,5.1,João Pedro,0
0,2003-02-08,0,12,True,True,0,0,0,0.0,1,463034,None,,0,0,-3,3,3.5,352,38,4,3.96,None,,0,4,0.0,0.0,0,0.03,0.03,0.26,0.26,0.23,0.31,0.31,0.23,Liam,0.0,725,74,1,0.99,0,False,5.0,329,36,250,False,8.0,378,35,91,Hamstring injury - Expected back 22 Nov,2025-08-31T01:30:07.879411Z,62,81,25,p463034,0,0,None,0,,463034.jpg,1.3,328,33,3,0,241,False,0,0.0,Delap,1.0,184,28,False,None,2,1.98,i,0,7,8,2025-06-04,43.0,149,29,4,38773,152,386117,7338,0.0,0.6,Delap,0
0,2001-06-20,0,0,False,True,0,0,0,0,0,517052,None,,0,0,0,0,0.0,737,80,0,0,None,,0,4,0.0,0.0,0,0.00,0,0.00,0,0.00,0.00,0,0,Nicolas,0.0,732,78,0,0,0,False,0.0,737,80,251,False,0.0,737,80,0,has joined Bayern Munich on loan for the rest of the season.,2025-09-02T11:35:16.339917Z,65,59,19,p517052,0,0,None,0,,517052.jpg,0.0,737,80,0,0,189,False,0,0,Jackson,0.1,491,67,False,None,0,0,u,0,7,8,2023-07-01,0.0,737,80,0,4962,0,14373,379,0.0,0.0,N.Jackson,0
0,2006-01-04,0,6,True,True,100,100,0,0.0,1,499309,None,,0,0,-2,2,1.6,369,39,1,3.1,None,,0,4,0.8,-0.2,1,0.01,0.03,0.06,0.19,0.05,1.07,3.32,0.16,Marc,0.3,330,37,1,3.1,0,False,0.8,401,42,252,False,1.0,414,46,29,,2025-09-24T11:30:08.351112Z,43,603,81,p499309,0,0,None,0,,499309.jpg,1.0,350,35,0,0,200,False,0,0.0,Guiu Paz,7.5,54,12,False,None,0,0.0,a,0,7,8,2024-07-01,10.0,287,40,3,446450,45767,1726014,89657,0.1,0.7,Marc Guiu,0
0,2004-07-01,0,12,True,True,None,None,0,0.0,0,493105,None,,0,0,-1,1,15.5,284,161,3,3.18,None,,0,3,1.2,0.2,2,0.09,0.1,0.14,0.15,0.05,2.25,2.38,0.05,Alejandro,0.7,323,160,2,2.12,0,False,3.5,358,174,453,False,3.8,395,186,85,,None,64,67,46,p493105,0,0,None,0,,493105.jpg,1.5,318,151,2,0,10,False,0,0.0,Garnacho Ferreyra,0.3,293,100,False,None,1,1.06,a,1,7,8,2025-08-30,15.0,266,145,3,36815,7775,33425,3707,0.1,0.5,Garnacho,0
0,2006-03-07,0,5,True,True,None,None,0,0.0,6,551210,None,,0,0,-2,2,3.3,354,124,8,4.34,None,,0,2,1.5,0.5,1,0.01,0.01,0.01,0.01,0.00,2.51,1.36,0.0,Jorrel,1.0,257,90,2,1.08,0,False,3.2,361,126,672,False,24.0,308,115,166,,None,48,382,67,p551210,0,0,None,0,,551210.jpg,0.8,412,137,5,0,152,False,0,0.0,Hato,0.2,368,133,False,None,2,1.08,a,2,7,8,2025-08-03,6.0,319,112,3,7712,778,27845,1357,0.2,0.6,Hato,2
0,2008-01-18,0,0,True,True,None,None,0,0,0,611912,None,,0,0,0,0,0.0,648,275,0,0,None,,0,3,1.6,0.6,0,0.00,0,0.00,0,0.00,0.00,0,0,Landon,0.0,619,253,0,0,0,False,0.0,656,275,743,False,0.0,654,273,0,,None,45,484,290,p611912,0,0,None,0,,611912.jpg,0.0,657,276,0,0,241,False,0,0,Emenalo,0.0,728,320,False,None,0,0,a,0,7,8,2025-04-01,0.0,627,266,0,253,253,34,34,0.0,0.0,Emenalo,0
0,1997-03-12,0,126,True,True,None,None,3,0.43,6,172649,None,,0,0,0,0,10.0,320,7,0,0.0,None,,0,1,2.0,2.0,2,0.03,0.0,0.03,0.0,0.00,8.85,1.26,0.0,Dean,2.0,171,13,5,0.71,0,False,15.3,184,9,253,False,145.0,57,10,630,,None,50,250,10,p172649,0,0,None,0,,172649.jpg,3.9,86,9,55,0,241,False,16,2.29,Henderson,7.9,51,10,False,None,7,1.0,a,0,8,31,2023-08-31,0.0,678,78,27,385912,28958,299869,30523,0.4,5.4,Henderson,1
0,1993-01-19,0,0,True,True,100,100,0,0,0,121709,None,,0,0,0,0,0.0,448,28,0,0,None,,0,1,0.0,0.0,0,0.00,0,0.00,0,0.00,0.00,0,0,Walter,0.0,418,38,0,0,0,False,0.0,467,43,254,False,0.0,466,43,0,,2025-09-19T14:49:12.216385Z,40,623,51,p121709,0,0,None,0,,121709.jpg,0.0,470,43,0,0,10,False,0,0,Benítez,0.3,295,42,False,None,0,0,a,0,8,31,2025-07-01,0.0,416,17,0,6976,480,18271,1127,0.0,0.0,Benitez,0
0,1994-02-10,0,0,True,True,None,None,0,0,0,169593,None,,0,0,0,0,0.0,454,31,0,0,None,,0,1,0.0,0.0,0,0.00,0,0.00,0,0.00,0.00,0,0,Remi,0.0,424,41,0,0,0,False,0.0,473,46,255,False,0.0,472,46,0,,None,40,629,54,p169593,0,0,None,0,,169593.jpg,0.0,476,46,0,0,241,False,0,0,Matthews,0.1,462,72,False,None,0,0,a,0,8,31,2021-07-13,0.0,422,20,0,2494,129,4286,436,0.0,0.0,Matthews,0
1,1996-05-26,1,132,True,True,None,None,3,0.43,34,247348,None,,0,0,1,-1,77.9,81,18,52,7.43,None,,0,2,4.0,4.0,8,1.17,0.17,2.01,0.29,0.84,8.85,1.26,0.12,Daniel,4.0,64,23,5,0.71,1,False,37.3,27,2,256,False,157.2,41,17,630,,None,56,130,12,p247348,0,0,None,0,,247348.jpg,5.1,35,16,30,0,48,False,0,0.0,Muñoz Mejía,12.7,29,11,False,None,7,1.0,a,18,8,31,2024-01-30,139.0,23,2,36,1136179,94006,625310,49345,0.7,6.4,Muñoz,3
1,2000-04-06,2,130,True,True,None,None,3,0.43,57,437499,None,,0,0,1,-1,30.2,205,56,72,10.29,None,,1,2,3.0,3.0,3,0.16,0.02,0.46,0.06,0.30,8.85,1.26,0.04,Maxence,3.0,106,39,5,0.71,0,False,23.0,107,32,257,False,164.0,38,15,630,,None,51,239,36,p437499,0,0,None,0,,437499.jpg,5.3,31,14,18,0,73,False,0,0.0,Lacroix,4.1,87,34,False,None,7,1.0,a,15,8,31,2024-08-30,36.0,172,39,37,554436,21609,248425,29426,0.6,7.3,Lacroix,1
0,1999-09-01,2,143,True,True,None,None,3,0.43,33,244723,None,,0,0,0,0,125.4,39,6,60,8.57,None,,0,2,4.3,4.3,1,0.47,0.07,0.80,0.12,0.33,8.85,1.26,0.05,Tyrick,4.3,50,20,5,0.71,1,False,36.5,29,3,258,False,172.8,31,12,630,,None,50,265,41,p244723,0,0,None,0,,244723.jpg,5.0,38,18,29,0,241,False,0,0.0,Mitchell,2.5,115,43,False,None,7,1.0,a,27,8,31,2019-12-15,66.0,86,13,35,222740,20560,102571,15611,0.9,7.0,Mitchell,2
0,1998-01-21,0,0,True,True,None,None,0,0,0,218364,4,,0,0,-1,1,0.0,671,237,0,0,None,,0,2,0.0,0.0,0,0.00,0,0.00,0,0.00,0.00,0,0,Borna,0.0,649,231,0,0,0,False,0.0,677,237,259,False,0.0,676,237,0,,None,49,320,52,p218364,0,0,None,0,,218364.jpg,0.0,676,237,0,0,97,False,0,0,Sosa,0.1,440,165,False,None,0,0,a,0,8,31,2025-07-11,0.0,656,235,0,4708,444,10148,838,0.0,0.0,Sosa,0
2,2000-07-13,3,154,True,True,None,None,3,0.43,42,209036,None,,1,-1,4,-4,41.2,168,42,57,8.14,None,,1,2,5.7,5.7,3,0.57,0.08,1.16,0.16,0.59,8.85,1.26,0.08,Marc,5.7,20,9,5,0.71,1,False,29.8,59,12,260,True,180.4,24,8,630,,None,49,316,51,p209036,0,0,None,0,,209036.jpg,6.6,7,3,24,0,241,False,0,0.0,Guéhi,31.5,9,2,False,None,7,1.0,a,15,8,31,2021-07-18,76.0,72,8,46,2701567,242494,490163,48065,1.2,9.4,Guéhi,0
0,2000-03-28,0,130,True,True,None,None,3,0.43,57,427623,None,,0,0,0,0,32.4,196,53,73,10.43,None,,0,2,3.7,3.7,3,0.64,0.09,1.00,0.14,0.36,8.85,1.26,0.05,Chris,3.7,77,26,5,0.71,0,False,22.7,110,34,261,False,168.4,33,13,630,,None,45,419,89,p427623,0,0,None,0,,427623.jpg,4.7,45,20,8,0,229,False,0,0.0,Richards,3.2,103,37,False,None,7,1.0,a,16,8,31,2022-07-27,25.0,207,54,33,401631,44883,183397,22881,0.8,7.3,Richards,0
0,2003-06-17,0,0,True,True,0,0,0,0,0,515621,None,,0,0,0,0,0.0,493,196,0,0,None,,0,2,0.0,0.0,0,0.00,0,0.00,0,0.00,0.00,0,0,Chadi,0.0,463,182,0,0,0,False,0.0,511,197,262,False,0.0,509,197,0,Knee injury - Expected back 01 Nov,2025-07-21T10:00:04.863209Z,40,678,190,p515621,0,0,None,0,,515621.jpg,0.0,514,197,0,0,145,False,0,0,Riad Dnanou,0.0,712,239,False,None,0,0,i,0,8,31,2024-07-02,0.0,460,185,0,349,26,672,49,0.0,0.0,Chadi Riad,0
0,1991-04-05,0,5,True,True,None,None,0,0.0,1,57328,None,,0,0,-1,1,0.5,383,137,2,45.0,None,,0,2,0.0,0.0,0,0.00,0.0,0.00,0.0,0.00,0.00,0.0,0.0,Nathaniel,0.0,370,129,0,0.0,0,False,0.4,413,144,263,False,3.4,396,144,4,,None,39,703,209,p57328,0,0,None,0,,57328.jpg,1.0,339,115,0,0,241,False,0,0.0,Clyne,0.5,244,91,False,None,0,0.0,a,1,8,31,2020-10-14,0.0,364,131,1,14914,1646,34673,2686,0.0,0.3,Clyne,0
0,1995-09-20,0,0,False,True,0,0,0,0,0,156074,None,,0,0,0,0,0.0,451,177,0,0,None,,0,2,0.0,0.0,0,0.00,0,0.00,0,0.00,0.00,0,0,Rob,0.0,421,163,0,0,0,False,0.0,470,179,264,False,0.0,469,180,0,Has joined Colorado Rapids permanently.,2025-08-11T01:12:01.613357Z,40,626,161,p156074,0,0,None,0,,156074.jpg,0.0,473,179,0,0,241,False,0,0,Holding,0.0,651,222,False,None,0,0,u,0,8,31,2023-09-01,0.0,419,167,0,0,0,3294,140,0.0,0.0,Holding,0
0,2006-07-15,0,0,True,True,0,0,0,0,0,590012,None,,0,0,0,0,0.0,512,209,0,0,None,,0,2,0.0,0.0,0,0.00,0,0.00,0,0.00,0.00,0,0,Caleb,0.0,484,197,0,0,0,False,0.0,530,210,265,False,0.0,528,210,0,Back injury - Unknown return date,2025-08-10T22:30:04.775923Z,40,699,205,p590012,0,0,None,0,,590012.jpg,0.0,532,209,0,0,241,False,0,0,Kporha,0.0,680,232,False,None,0,0,i,0,8,31,2024-07-30,0.0,480,199,0,306,19,1660,78,0.0,0.0,Kporha,0
1,1998-02-25,6,107,True,True,100,100,3,0.62,8,232185,None,,1,-1,0,0,65.5,107,76,28,5.83,None,,1,3,6.0,6.0,7,0.28,0.06,3.21,0.67,2.93,6.45,1.34,0.61,Ismaïla,6.0,17,8,2,0.42,3,False,33.7,39,25,267,False,152.0,48,16,432,,2025-09-01T10:30:08.125928Z,65,55,38,p232185,0,0,None,0,,232185.jpg,7.2,4,2,14,0,189,False,0,0.0,Sarr,7.6,53,18,False,None,5,1.04,a,6,8,31,2024-08-01,118.0,40,22,36,1118453,282615,789140,28483,0.9,5.5,Sarr,1
0,2000-01-08,0,0,True,True,0,0,0,0,0,438464,None,,0,0,-1,1,0.0,677,292,0,0,None,,0,3,0.0,0.0,0,0.00,0,0.00,0,0.00,0.00,0,0,Cheick,0.0,656,275,0,0,0,False,0.0,683,292,268,False,0.0,682,291,0,Knee injury - Unknown return date,2025-07-21T10:00:04.882113Z,49,335,209,p438464,0,0,None,0,,438464.jpg,0.0,682,291,0,0,132,False,0,0,Doucouré,0.0,732,323,False,None,0,0,i,0,8,31,2022-07-11,0.0,662,286,0,212,26,430,20,0.0,0.0,Doucouré,0
0,2005-05-13,0,6,True,True,None,None,0,0.0,0,606921,None,,0,0,-2,2,0.4,389,196,2,7.5,None,,0,3,0.0,0.0,0,0.01,0.04,0.01,0.04,0.00,0.27,1.01,0.0,Romain,0.0,637,263,0,0.0,0,False,0.7,404,192,269,False,4.6,391,183,24,,None,48,385,241,p606921,0,0,None,0,,606921.jpg,1.0,372,177,0,0,241,False,0,0.0,Esse,0.2,394,133,False,None,0,0.0,a,2,8,31,2025-01-18,2.0,351,183,1,7585,506,19447,1255,0.0,0.2,Esse,0
0,1995-04-17,0,44,True,True,100,75,3,0.66,19,108413,2,,0,0,-1,1,74.4,87,64,38,8.32,None,,0,3,1.0,0.8,0,0.57,0.12,0.72,0.15,0.15,4.91,1.08,0.03,Will,1.0,259,122,3,0.66,0,False,14.5,193,100,270,False,52.4,226,98,411,,2025-10-03T14:00:08.854796Z,49,298,184,p108413,0,0,None,0,,108413.jpg,1.8,282,131,14,0,241,False,0,0.0,Hughes,0.1,464,156,False,None,5,1.09,a,5,8,31,2021-08-28,18.0,244,135,11,9613,311,12338,1520,0.2,2.2,Hughes,3
2,1996-08-05,0,91,True,True,100,100,2,0.41,6,209400,5,,0,0,0,0,81.9,75,55,41,8.46,None,,0,3,3.7,3.7,4,0.67,0.14,1.09,0.23,0.42,5.58,1.15,0.09,Daichi,3.7,81,38,3,0.62,0,False,18.0,158,83,271,False,60.4,200,84,436,,2025-08-10T22:30:04.831701Z,50,256,156,p209400,0,0,None,0,,209400.jpg,4.0,79,30,17,0,108,False,0,0.0,Kamada,0.2,393,132,False,None,5,1.03,a,18,8,31,2024-07-01,38.0,163,98,20,29092,2587,16637,1913,0.7,4.0,Kamada,0
0,1994-10-25,0,27,True,True,None,None,1,0.5,11,152551,None,,0,0,-1,1,19.3,262,150,24,12.07,None,,0,3,0.7,0.7,1,0.04,0.02,0.56,0.28,0.52,2.96,1.49,0.26,Jefferson,0.7,296,142,2,1.01,0,False,8.6,270,134,272,False,23.8,310,140,179,,None,49,300,186,p152551,0,0,None,0,,152551.jpg,1.1,336,162,10,0,48,False,0,0.0,Lerma Solís,0.1,551,201,False,None,1,0.5,a,3,8,31,2023-07-01,43.0,148,91,8,2236,231,4723,372,0.1,1.6,Lerma,1
1,2004-02-06,2,106,True,True,100,100,2,0.4,11,496221,3,,0,0,0,0,168.5,17,16,43,8.58,None,,0,3,4.3,4.3,3,1.34,0.27,1.45,0.29,0.11,6.59,1.32,0.02,Adam,4.3,51,23,4,0.8,0,False,23.8,99,57,273,False,61.8,195,80,451,,2025-09-01T10:30:08.180122Z,50,281,172,p496221,0,0,None,0,,496221.jpg,3.2,132,53,26,0,241,False,0,0.0,Wharton,0.5,235,81,False,None,6,1.2,a,6,8,31,2024-02-01,9.0,294,155,19,38700,8580,51356,3571,0.9,3.8,Wharton,1
0,2005-09-28,0,0,True,True,None,None,0,0,0,579075,None,,0,0,0,0,0.0,638,267,0,0,None,,0,3,0.0,0.0,0,0.00,0,0.00,0,0.00,0.00,0,0,Asher,0.0,609,245,0,0,0,False,0.0,646,267,274,False,0.0,644,265,0,,None,45,473,282,p579075,0,0,None,0,,579075.jpg,0.0,649,270,0,0,241,False,0,0,Agbinone,0.1,566,207,False,None,0,0,a,0,8,31,2024-07-30,0.0,617,258,0,2566,339,4209,407,0.0,0.0,Agbinone,0
0,2002-03-29,0,0,True,True,None,None,0,0,0,466117,None,,0,0,-1,1,0.0,544,205,0,0,None,,0,3,0.0,0.0,0,0.00,0,0.00,0,0.00,0.00,0,0,Naouirou,0.0,518,182,0,0,0,False,0.0,558,205,275,False,0.0,556,203,0,,None,44,538,303,p466117,0,0,None,0,,466117.jpg,0.0,562,208,0,0,73,False,0,0,Ahamada,0.0,575,215,False,None,0,0,a,0,8,31,2023-01-31,0.0,520,195,0,3222,534,3573,411,0.0,0.0,Ahamada,0
0,2003-10-11,0,30,True,True,None,None,0,0.0,1,489706,None,,-1,1,-1,1,31.4,198,126,19,11.79,2,,0,3,1.0,1.0,1,0.18,0.11,0.61,0.38,0.43,2.24,1.39,0.27,Justin,1.0,251,117,3,1.86,0,False,12.1,224,112,276,False,16.2,344,159,145,,None,44,545,305,p489706,0,0,None,0,,489706.jpg,1.1,334,160,11,0,242,False,0,0.0,Devenny,1.3,161,55,False,None,1,0.62,a,7,8,31,2024-03-13,73.0,76,46,8,79525,8003,128911,12288,0.2,1.8,Devenny,0
0,2003-09-04,0,0,False,True,0,0,0,0,0,450535,None,,0,0,0,0,0.0,600,238,0,0,None,,0,3,0.0,0.0,0,0.00,0,0.00,0,0.00,0.00,0,0,Malcolm,0.0,571,216,0,0,0,False,0.0,609,238,277,False,0.0,607,236,0,Has joined Blackpool permanently.,2025-08-11T01:12:01.633662Z,45,425,251,p450535,0,0,None,0,,450535.jpg,0.0,612,241,0,0,241,False,0,0,Ebiowei,0.0,729,321,False,None,0,0,u,0,8,31,2022-07-01,0.0,579,229,0,0,0,662,20,0.0,0.0,Ebiowei,0
0,2002-10-05,0,0,False,True,0,0,0,0,0,450542,None,,0,0,-1,1,0.0,543,204,0,0,None,,0,3,0.0,0.0,0,0.00,0,0.00,0,0.00,0.00,0,0,Jesurun,0.0,517,181,0,0,0,False,0.0,557,204,278,False,0.0,555,202,0,has joined Caykur Rizespor on loan for the rest of the season.,2025-09-22T09:16:14.064898Z,44,536,302,p450542,0,0,None,0,,450542.jpg,0.0,561,207,0,0,241,False,0,0,Rak-Sakyi,0.0,576,216,False,None,0,0,u,0,8,31,2021-04-09,0.0,519,194,0,4176,0,7142,704,0.0,0.0,J.Rak-Sakyi,0
0,2004-04-01,0,0,False,True,0,0,0,0,0,536694,None,,0,0,0,0,0.0,619,254,0,0,None,,0,3,0.0,0.0,0,0.00,0,0.00,0,0.00,0.00,0,0,Matheus,0.0,590,232,0,0,0,False,0.0,627,254,279,False,0.0,625,252,0,Has joined CR Vasco da Gama on loan for the rest of the season.,2025-08-10T22:30:04.849181Z,45,450,268,p536694,0,0,None,0,,536694.jpg,0.0,630,257,0,0,30,False,0,0,França de Oliveira,0.0,703,303,False,None,0,0,u,0,8,31,2023-08-05,0.0,598,245,0,95,0,1434,63,0.0,0.0,M.França,0
0,2005-05-06,0,0,False,True,0,0,0,0,0,531989,None,,0,0,0,0,0.0,617,252,0,0,None,,0,3,0.0,0.0,0,0.00,0,0.00,0,0.00,0.00,0,0,David,0.0,588,230,0,0,0,False,0.0,625,252,280,False,0.0,623,250,0,Has joined Derby County on loan for the rest of the season.,2025-07-30T14:07:45.618291Z,45,447,265,p531989,0,0,None,0,,531989.jpg,0.0,628,255,0,0,241,False,0,0,Ozoh,0.0,738,326,False,None,0,0,u,0,8,31,2022-07-11,0.0,596,243,0,0,0,164,6,0.0,0.0,Ozoh,0
0,2004-10-07,0,0,True,True,None,None,0,0,0,530318,None,,0,0,0,0,0.0,616,251,0,0,None,,0,3,0.0,0.0,0,0.00,0,0.00,0,0.00,0.00,0,0,Kaden,0.0,587,229,0,0,0,False,0.0,624,251,281,False,0.0,622,249,0,,None,45,446,264,p530318,0,0,None,0,,530318.jpg,0.0,627,254,0,0,241,False,0,0,Rodney,0.0,585,224,False,None,0,0,a,0,8,31,2022-07-08,0.0,595,242,0,2209,337,3141,323,0.0,0.0,Rodney,0
0,2005-01-26,0,0,False,True,0,0,0,0,0,574398,None,,0,0,0,0,0.0,631,264,0,0,None,,0,3,0.0,0.0,0,0.00,0,0.00,0,0.00,0.00,0,0,Franco,0.0,602,242,0,0,0,False,0.0,639,264,282,False,0.0,637,262,0,has joined Portsmouth permanently.,2025-09-22T21:43:58.439788Z,45,465,278,p574398,0,0,None,0,,574398.jpg,0.0,642,267,0,0,104,False,0,0,Umeh-Chibueze,0.0,652,272,False,None,0,0,u,0,8,31,2024-02-18,0.0,610,255,0,860,0,2392,225,0.0,0.0,Umeh,0
0,1997-06-28,0,73,True,True,None,None,4,0.6,20,231747,None,,0,0,0,0,27.0,225,20,36,5.4,None,,0,4,3.3,3.3,2,0.44,0.07,4.62,0.7,4.18,6.98,1.05,0.63,Jean-Philippe,3.3,98,11,3,0.45,2,False,36.2,30,7,283,False,116.6,89,8,600,,None,75,22,8,p231747,0,0,2,0,,231747.jpg,2.9,168,16,15,0,73,False,0,0.0,Mateta,9.9,43,9,False,None,7,1.05,a,1,8,31,2022-01-31,218.0,2,2,20,1243815,106515,1135509,113761,0.4,2.7,Mateta,2
0,1999-05-30,0,30,True,True,100,100,0,0.0,1,205533,None,,0,0,-1,1,20.6,254,23,3,5.4,None,,0,4,2.0,2.0,1,0.00,0.0,0.61,1.1,0.61,2.39,4.3,1.1,Eddie,2.0,176,17,3,5.4,1,False,8.5,273,26,284,False,34.4,274,26,50,,2025-08-10T22:30:04.865817Z,54,172,42,p205533,0,0,None,0,,205533.jpg,2.0,268,25,2,0,241,False,0,0.0,Nketiah,0.5,240,37,False,None,0,0.0,a,0,8,31,2024-08-30,30.0,188,33,6,46209,18860,36739,6026,0.4,1.1,Nketiah,1
0,1998-01-16,0,6,False,True,0,0,0,0.0,0,199670,None,,0,0,0,0,0.0,690,72,1,45.0,None,,0,4,0.0,0.0,0,0.00,0.0,0.00,0.0,0.00,0.27,12.15,0.0,Odsonne,0.0,669,69,0,0.0,0,False,0.2,419,47,285,False,2.0,409,44,2,has joined RC Lens permanently.,2025-08-28T17:00:07.862344Z,50,252,51,p199670,0,0,None,0,,199670.jpg,1.0,382,38,0,0,73,False,0,0.0,Édouard,0.3,320,52,False,None,0,0.0,u,1,8,31,2021-08-31,0.0,679,71,1,9044,0,81450,2547,0.0,0.2,Édouard,0
0,2005-10-06,0,0,True,True,None,None,0,0,0,576980,None,,0,0,0,0,0.0,636,63,0,0,None,,0,4,0.0,0.0,0,0.00,0,0.00,0,0.00,0.00,0,0,Zach,0.0,607,59,0,0,0,False,0.0,644,64,286,False,0.0,642,64,0,,None,45,470,64,p576980,0,0,None,0,,576980.jpg,0.0,647,64,0,0,241,False,0,0,Marsh,0.3,302,49,False,None,0,0,a,0,8,31,2023-07-18,0.0,615,62,0,25374,3589,27358,3140,0.0,0.0,Marsh,0
0,2006-07-01,0,0,True,True,None,None,0,0,0,590014,None,,0,0,-1,1,0.0,573,222,0,0,None,,0,3,0.0,0.0,0,0.00,0,0.00,0,0.00,0.00,0,0,Rio,0.0,545,199,0,0,0,False,0.0,584,222,690,False,0.0,582,220,0,,None,44,579,323,p590014,0,0,None,0,,590014.jpg,0.0,588,225,0,0,217,False,0,0,Cardines,0.5,238,82,False,None,0,0,a,0,8,31,2025-07-24,0.0,549,212,0,52914,15736,23328,5876,0.0,0.0,Cardines,0
0,2002-10-20,0,39,True,True,100,100,2,0.59,3,488024,None,,0,0,-1,1,79.8,78,57,25,7.33,None,,0,3,1.7,1.7,1,0.64,0.19,1.79,0.53,1.15,3.65,1.07,0.34,Yéremy,1.7,219,100,1,0.29,0,False,16.6,171,88,712,False,36.2,270,122,307,,2025-09-20T23:30:07.351615Z,59,108,74,p488024,0,0,None,0,,488024.jpg,1.8,289,135,15,0,200,False,0,0.0,Pino Santos,0.1,416,138,False,None,4,1.17,a,7,8,31,2025-08-29,53.0,116,72,9,41394,3238,26873,2378,0.3,1.5,Yeremy,1
0,2006-07-29,0,0,True,True,None,None,0,0,0,651426,None,,0,0,0,0,0.0,653,234,0,0,None,,0,2,0.0,0.0,0,0.00,0,0.00,0,0.00,0.00,0,0,Jaydee,0.0,626,226,0,0,0,False,0.0,662,234,723,False,0.0,660,234,0,,None,45,493,105,p651426,0,0,None,0,,651426.jpg,0.0,662,234,0,0,73,False,0,0,Canvot,0.0,697,235,False,None,0,0,a,0,8,31,2025-09-01,0.0,633,231,0,680,120,435,118,0.0,0.0,Canvot,0
0,2003-05-19,0,9,True,True,None,None,0,0.0,0,660392,None,,0,0,0,0,0.8,378,41,1,12.86,None,,0,4,0.3,0.3,1,0.00,0.0,0.01,0.13,0.01,0.73,9.39,0.13,Christantus,0.3,361,40,1,12.86,0,False,2.3,377,39,732,False,3.4,398,40,7,,None,55,161,40,p660392,0,0,None,0,,660392.jpg,1.0,400,42,1,0,157,False,0,0.0,Uche,0.0,625,77,False,None,0,0.0,a,0,8,31,2025-09-01,19.0,241,38,2,4584,628,2612,530,0.1,0.4,Uche,0
1,1998-09-06,3,105,True,True,100,0,2,0.33,8,215413,2,,0,0,0,0,200.6,6,6,38,6.33,None,,1,3,0.2,0.0,0,1.38,0.23,1.82,0.3,0.44,8.22,1.37,0.07,Kiernan,0.7,303,149,6,1.0,1,False,36.0,31,21,242,False,97.0,123,40,540,,2025-09-29T21:30:07.878074Z,50,258,158,p215413,0,0,None,0,,215413.jpg,3.3,120,48,22,0,241,False,0,0.0,Dewsbury-Hall,3.5,98,33,False,None,6,1.0,a,8,9,11,2025-08-06,62.0,97,59,20,441370,11508,537097,54485,0.1,4.0,Dewsbury-Hall,5
0,1994-03-07,3,115,True,True,None,None,2,0.29,13,111234,None,,0,0,0,0,0.0,722,85,0,0.0,None,,1,1,1.5,2.0,3,0.04,0.01,0.04,0.01,0.00,9.87,1.41,0.0,Jordan,2.0,177,15,7,1.0,0,False,17.4,164,6,287,False,173.8,30,5,630,,None,55,138,3,p111234,0,0,None,1,,111234.jpg,4.3,63,6,56,0,241,False,17,2.43,Pickford,10.3,40,6,False,None,7,1.0,a,1,9,11,2017-07-01,0.0,720,84,30,374100,13804,501314,60609,0.4,5.5,Pickford,0
0,1999-05-18,0,0,True,True,None,None,0,0,0,229600,None,,0,0,-1,1,0.0,536,67,0,0,None,,0,1,-0.5,0.0,0,0.00,0,0.00,0,0.00,0.00,0,0,Mark,0.0,509,75,0,0,0,False,0.0,550,79,288,False,0.0,548,79,0,,None,44,521,29,p229600,0,0,None,0,,229600.jpg,0.0,552,79,0,0,104,False,0,0,Travers,0.1,439,68,False,None,0,0,a,0,9,11,2025-07-15,0.0,510,57,0,2188,125,7049,531,0.0,0.0,Travers,0
0,2001-12-06,0,0,True,True,None,None,0,0,0,447325,None,,0,0,0,0,0.0,468,39,0,0,None,,0,1,-0.5,0.0,0,0.00,0,0.00,0,0.00,0.00,0,0,Harry,0.0,438,49,0,0,0,False,0.0,486,54,289,False,0.0,485,54,0,,None,40,647,62,p447325,0,0,None,0,,447325.jpg,0.0,489,54,0,0,241,False,0,0,Tyrer,0.1,447,70,False,None,0,0,a,0,9,11,2021-02-09,0.0,435,28,0,2182,116,4921,435,0.0,0.0,Tyrer,0
0,2002-06-27,0,0,True,True,50,0,0,0,0,480455,None,,0,0,-2,2,0.0,711,242,0,0,None,,0,2,-0.2,0.0,0,0.00,0,0.00,0,0.00,0.00,0,0,Jarrad,0.0,694,236,0,0,0,False,0.0,713,242,290,False,0.0,712,242,0,Lack of match fitness - 50% chance of playing,2025-10-17T14:00:10.203776Z,53,215,30,p480455,0,0,None,0,,480455.jpg,0.0,713,242,0,0,241,False,0,0,Branthwaite,0.2,371,135,False,None,0,0,d,0,9,11,2020-06-20,0.0,705,240,0,1037,118,62442,1501,0.0,0.0,Branthwaite,0
0,1992-11-19,1,110,True,True,None,None,2,0.29,67,17761,None,,0,0,0,0,53.9,131,29,79,11.29,None,,0,2,2.5,3.0,5,0.44,0.06,0.64,0.09,0.20,9.87,1.41,0.03,James,3.0,109,40,7,1.0,0,False,26.7,77,19,291,False,187.4,19,6,630,,None,55,134,14,p17761,0,0,None,0,,17761.jpg,4.6,54,25,24,0,241,False,0,0.0,Tarkowski,7.4,56,16,False,None,7,1.0,a,12,9,11,2022-07-01,25.0,210,55,32,539600,15145,455568,70825,0.5,5.8,Tarkowski,1
0,1999-05-29,0,23,True,True,100,100,0,0.0,30,224967,None,,0,0,-1,1,33.4,193,51,33,8.37,None,,0,2,1.5,2.0,4,0.30,0.08,0.32,0.09,0.02,4.83,1.22,0.01,Vitalii,2.0,166,61,6,1.52,0,False,11.0,238,82,292,False,59.8,201,81,355,,2025-09-05T10:00:06.495475Z,49,323,55,p224967,0,0,None,0,,224967.jpg,1.8,283,102,12,0,225,False,0,0.0,Mykolenko,0.4,281,102,False,None,4,1.01,a,3,9,11,2022-01-01,17.0,250,75,7,15185,1390,70532,2784,0.4,1.4,Mykolenko,1
0,2001-05-15,1,77,True,True,None,None,2,0.29,30,512462,None,,0,0,0,0,60.4,118,24,42,6.0,None,,0,2,2.2,2.7,5,0.20,0.03,0.61,0.09,0.41,9.87,1.41,0.06,Jake,2.7,124,46,7,1.0,0,False,20.3,130,40,293,False,95.2,128,59,630,,None,50,286,47,p512462,0,0,None,0,,512462.jpg,3.3,122,50,17,0,104,False,0,0.0,O'Brien,0.5,250,94,False,None,7,1.0,a,12,9,11,2024-07-30,46.0,140,28,23,27093,1328,40983,4525,0.5,4.6,O'Brien,0
0,1988-10-11,0,7,True,True,None,None,0,0.0,0,59949,None,,0,0,-1,1,0.0,527,216,0,0.0,None,,0,2,-0.2,0.3,1,0.00,0.0,0.00,0.0,0.00,0.24,10.8,0.0,Séamus,0.3,332,114,0,0.0,0,False,0.0,543,217,294,False,0.0,541,217,2,,None,44,498,108,p59949,0,0,None,0,,59949.jpg,1.0,352,127,0,0,104,False,0,0.0,Coleman,0.1,434,162,False,None,0,0.0,a,0,9,11,2009-02-02,0.0,499,210,2,3755,270,10715,758,0.1,0.5,Coleman,0
0,1993-01-11,1,102,True,True,75,None,2,0.3,64,106611,None,,0,0,0,0,13.7,291,98,71,10.58,None,,0,2,3.6,5.3,4,0.07,0.01,0.90,0.13,0.83,9.54,1.42,0.12,Michael,5.3,26,11,7,1.04,1,False,26.2,79,21,295,False,178.8,26,10,604,Knock - 75% chance of playing,2025-10-06T07:30:07.973751Z,45,394,72,p106611,0,0,None,0,,106611.jpg,5.0,36,17,21,0,241,False,0,0.0,Keane,0.9,187,71,False,None,7,1.04,d,7,9,11,2017-07-03,70.0,79,11,35,116226,8248,59848,13579,1.2,7.8,Keane,0
0,2001-10-16,0,0,True,True,25,100,0,0,0,243571,None,,0,0,-1,1,0.0,538,223,0,0,None,,0,2,-0.1,0.0,0,0.00,0,0.00,0,0.00,0.00,0,0,Nathan,0.0,512,215,0,0,0,False,0.0,552,223,296,False,0.0,550,223,0,Knock - 25% chance of playing,2025-10-17T14:30:10.578096Z,44,528,132,p243571,0,0,None,0,,243571.jpg,0.0,556,224,0,0,243,False,0,0,Patterson,0.0,657,224,False,None,0,0,d,0,9,11,2022-01-04,0.0,513,218,0,598,75,2299,138,0.0,0.0,Patterson,0
0,None,0,0,True,True,None,None,0,0,0,496178,None,,0,0,-1,1,0.0,414,156,0,0,None,,0,2,-0.5,0.0,0,0.00,0,0.00,0,0.00,0.00,0,0,Roman,0.0,386,142,0,0,0,False,0.0,436,159,297,False,0.0,435,160,0,,None,39,722,225,p496178,0,0,None,0,,496178.jpg,0.0,439,159,0,0,None,False,0,0,Dixon,0.2,367,132,False,None,0,0,a,0,9,11,None,0.0,382,146,0,4867,361,12001,902,0.0,0.0,Dixon,0
0,None,0,0,True,True,None,None,0,0,0,474907,None,,0,0,-1,1,0.0,411,154,0,0,None,,0,2,-0.5,0.0,0,0.00,0,0.00,0,0.00,0.00,0,0,Reece,0.0,383,140,0,0,0,False,0.0,433,157,298,False,0.0,432,158,0,,None,39,719,223,p474907,0,0,None,0,,474907.jpg,0.0,436,157,0,0,None,False,0,0,Welch,0.1,403,150,False,None,0,0,a,0,9,11,None,0.0,379,144,0,3986,197,8388,659,0.0,0.0,Welch,0
1,2000-03-06,1,146,True,True,100,100,2,0.31,7,440993,None,,0,0,0,0,140.4,30,27,65,9.95,None,,0,3,4.5,5.0,7,1.04,0.16,3.20,0.49,2.16,8.53,1.31,0.33,Iliman,5.0,35,17,7,1.07,3,False,46.4,13,11,299,False,198.2,13,6,588,,2025-09-12T16:00:08.836455Z,65,57,40,p440993,0,0,1,0,,440993.jpg,5.3,32,11,42,0,189,False,0,0.0,Ndiaye,10.5,38,14,False,None,7,1.07,a,16,9,11,2024-07-03,125.0,32,15,37,864886,61136,858393,93768,0.8,5.7,Ndiaye,2
0,1999-11-22,0,2,True,True,None,None,0,0.0,0,433154,1,,0,0,-4,4,11.3,308,168,0,0.0,None,,0,3,-0.5,0.0,0,0.00,0.0,0.24,1.14,0.24,0.95,4.5,1.14,Dwight,0.0,717,316,0,0.0,0,False,1.8,386,184,300,False,0.0,727,320,19,,None,56,131,85,p433154,0,0,None,0,,433154.jpg,1.0,401,197,0,0,241,False,0,0.0,McNeil,0.1,424,143,False,None,0,0.0,a,0,9,11,2022-07-28,8.0,301,159,1,5589,596,36907,1402,0.0,0.2,McNeil,0
0,2002-11-30,0,27,True,True,None,None,0,0.0,1,502697,None,,-1,1,-3,3,20.7,251,149,19,10.56,1,,0,3,0.2,0.7,1,0.03,0.02,0.18,0.1,0.15,3.96,2.2,0.08,Carlos,0.7,307,151,1,0.56,0,False,8.5,272,135,301,False,23.2,313,142,162,,None,52,230,144,p502697,0,0,None,0,,502697.jpg,1.0,386,187,12,0,10,False,0,0.0,Alcaraz Durán,0.1,482,163,False,None,1,0.56,a,6,9,11,2025-07-01,41.0,152,93,5,3935,361,13978,857,0.1,1.0,Alcaraz,1
0,1989-09-26,1,119,True,True,None,None,2,0.29,10,80801,None,,0,0,-1,1,64.8,109,78,59,8.63,None,,0,3,4.2,4.7,2,0.40,0.06,1.16,0.17,0.76,9.41,1.38,0.11,Idrissa Gana,4.7,40,19,6,0.88,1,False,22.2,116,63,302,False,98.0,121,38,615,,None,54,162,102,p80801,0,0,None,0,,80801.jpg,3.4,112,45,37,0,189,False,0,0.0,Gueye,0.1,421,142,False,None,7,1.02,a,12,9,11,2022-09-01,59.0,101,62,24,12524,1278,11293,1977,0.9,4.4,Gana,0
1,2001-03-13,5,166,True,True,None,None,2,0.29,35,232928,3,,0,0,0,0,149.9,25,22,82,11.71,3,,0,3,3.5,4.0,1,1.05,0.15,1.60,0.23,0.55,9.87,1.41,0.08,James,4.0,61,29,7,1.0,1,False,40.5,17,13,303,False,186.8,21,10,630,,None,50,263,162,p232928,0,0,None,0,,232928.jpg,4.7,46,16,29,0,241,False,0,0.0,Garner,1.0,183,63,False,None,7,1.0,a,18,9,11,2022-09-01,68.0,82,50,33,144898,12858,51575,13193,0.8,6.6,Garner,2
1,2003-06-30,0,34,True,True,None,None,3,1.11,13,490094,None,,0,0,-1,1,5.6,337,180,30,11.07,None,,0,3,0.8,1.3,4,0.00,0.0,0.15,0.06,0.15,3.74,1.38,0.06,Tim,1.3,234,109,1,0.37,0,False,4.8,334,164,304,False,35.0,272,123,244,,None,49,348,217,p490094,0,0,None,0,,490094.jpg,2.2,235,110,13,0,241,False,0,0.0,Iroegbunam,0.0,617,250,False,None,3,1.11,a,4,9,11,2024-06-22,7.0,308,162,11,872,125,1998,154,0.3,2.2,Iroegbunam,3
0,2007-01-19,0,3,False,True,0,0,0,0.0,0,609873,None,,0,0,0,0,0.0,646,273,0,0.0,None,,0,3,0.0,0.0,0,0.00,0.0,0.00,0.0,0.00,0.00,0.0,0.0,Harrison,0.0,617,251,0,0.0,0,False,0.0,654,273,305,False,0.0,652,271,1,has joined Preston North End on loan for the rest of the season.,2025-09-02T11:36:28.006606Z,45,482,288,p609873,0,0,None,0,,609873.jpg,1.0,363,168,0,0,241,False,0,0.0,Armstrong,0.1,537,195,False,None,0,0.0,u,0,9,11,2024-08-09,0.0,625,264,1,3524,0,12554,574,0.0,0.2,Armstrong,0
0,None,0,0,True,True,None,None,0,0,0,547801,None,,0,0,0,0,0.0,620,255,0,0,None,,0,3,-0.5,0.0,0,0.00,0,0.00,0,0.00,0.00,0,0,Callum,0.0,591,233,0,0,0,False,0.0,628,255,306,False,0.0,626,253,0,,None,45,451,269,p547801,0,0,None,0,,547801.jpg,0.0,631,258,0,0,None,False,0,0,Bates,0.1,510,177,False,None,0,0,a,0,9,11,None,0.0,599,246,0,4488,534,6797,686,0.0,0.0,Bates,0
0,None,0,0,True,True,None,None,0,0,0,504296,None,,-1,1,-1,1,0.0,556,213,0,0,None,,0,3,-0.5,0.0,0,0.00,0,0.00,0,0.00,0.00,0,0,Coby,0.0,530,190,0,0,0,False,0.0,569,213,307,False,0.0,567,211,0,,None,44,559,313,p504296,0,0,None,0,,504296.jpg,0.0,573,216,0,0,None,False,0,0,Ebere,0.0,591,230,False,None,0,0,a,0,9,11,None,0.0,533,203,0,2104,373,3205,334,0.0,0.0,Ebere,0
0,2004-10-28,0,0,False,True,0,0,0,0,0,496279,None,,0,0,0,0,0.0,613,248,0,0,None,,0,3,0.0,0.0,0,0.00,0,0.00,0,0.00,0.00,0,0,Isaac,0.0,584,226,0,0,0,False,0.0,621,248,308,False,0.0,619,246,0,has joined Accrington on loan for the rest of the season.,2025-09-02T12:26:54.658601Z,45,441,261,p496279,0,0,None,0,,496279.jpg,0.0,624,251,0,0,241,False,0,0,Heath,0.0,654,274,False,None,0,0,u,0,9,11,2025-02-07,0.0,592,239,0,458,0,3177,135,0.0,0.0,Heath,0
0,None,0,0,False,True,0,0,0,0,0,491557,None,,0,0,0,0,0.0,610,246,0,0,None,,0,3,0.0,0.0,0,0.00,0,0.00,0,0.00,0.00,0,0,Jenson,0.0,581,224,0,0,0,False,0.0,618,246,309,False,0.0,616,244,0,Has joined Bradford City permanently.,2025-07-25T14:54:45.196473Z,45,437,259,p491557,0,0,None,0,,491557.jpg,0.0,621,249,0,0,None,False,0,0,Metcalfe,0.0,741,329,False,None,0,0,u,0,9,11,None,0.0,589,237,0,0,0,96,2,0.0,0.0,Metcalfe,0
0,2002-10-21,0,10,True,True,None,None,1,0.43,5,586309,None,,-1,1,-3,3,20.7,252,22,7,3.04,None,,0,4,0.5,1.0,1,0.02,0.01,0.48,0.21,0.46,3.27,1.42,0.2,Thierno,1.0,275,30,2,0.87,0,False,5.5,321,35,310,False,12.6,361,32,207,,None,57,129,32,p586309,0,0,None,0,,586309.jpg,1.1,338,34,2,0,73,False,0,0.0,Barry,0.3,287,47,False,None,2,0.87,a,0,9,11,2025-07-09,29.0,194,34,8,21590,1571,67602,3930,0.2,1.4,Barry,0
0,1998-01-31,1,37,True,True,None,None,1,0.21,6,486385,None,,-1,1,-2,2,33.0,195,18,16,3.4,None,,0,4,0.8,1.3,1,0.10,0.02,2.62,0.56,2.52,6.80,1.45,0.54,Norberto Bercique,1.3,238,26,5,1.06,1,False,23.1,106,16,311,False,57.8,211,18,423,,None,53,216,46,p486385,0,0,2,0,,486385.jpg,2.1,250,23,6,0,90,False,0,0.0,Gomes Betuncal,3.9,90,14,False,None,5,1.06,a,4,9,11,2023-08-29,151.0,19,9,15,284650,18509,755750,65150,0.2,2.8,Beto,1
0,2004-05-24,0,0,False,True,0,0,0,0,0,491012,None,,0,0,-1,1,0.0,681,69,0,0,None,,0,4,0.0,0.0,0,0.00,0,0.00,0,0.00,0.00,0,0,Youssef,0.0,660,66,0,0,0,False,0.0,687,70,312,False,0.0,686,70,0,has joined Rangers permanently.,2025-09-02T12:26:54.689038Z,49,349,57,p491012,0,0,None,0,,491012.jpg,0.0,686,70,0,0,173,False,0,0,Ramalho Chermiti,0.1,501,68,False,None,0,0,u,0,9,11,2023-08-11,0.0,667,68,0,2418,0,13072,397,0.0,0.0,Y.Chermiti,0
0,None,0,0,False,True,0,0,0,0,0,536241,None,,0,0,-1,1,0.0,565,54,0,0,None,,0,4,0.0,0.0,0,0.00,0,0.00,0,0.00,0.00,0,0,Martin,0.0,538,51,0,0,0,False,0.0,577,56,313,False,0.0,575,56,0,has joined Rotherham United on loan for the rest of the season.,2025-09-22T21:18:55.519763Z,44,570,75,p536241,0,0,None,0,,536241.jpg,0.0,581,56,0,0,None,False,0,0,Sherif,0.2,389,57,False,None,0,0,u,0,9,11,None,0.0,542,54,0,8006,0,20336,1604,0.0,0.0,Sherif,0
4,1995-09-10,7,178,True,True,0,None,2,0.32,11,114283,None,,0,0,4,-4,228.6,3,3,52,8.42,None,,2,3,0.0,4.3,10,1.89,0.31,2.74,0.45,0.85,8.82,1.43,0.14,Jack,4.3,56,26,7,1.13,1,False,64.5,3,2,419,False,207.6,10,4,556,Ineligible to face his parent club on 18/10. - Expected back 26 Oct,2025-10-04T03:00:08.987148Z,69,38,23,p114283,0,0,None,0,,114283.jpg,5.3,33,12,31,0,241,False,0,0.0,Grealish,18.9,18,5,False,None,6,0.97,n,10,9,11,2025-08-12,208.0,5,2,37,2973047,64584,1309270,431109,0.6,5.4,Grealish,2
0,1995-03-09,0,0,True,True,None,None,0,0,0,138001,None,,0,0,0,0,0.0,450,30,0,0,None,,0,1,-0.5,0.0,0,0.00,0,0.00,0,0.00,0.00,0,0,Tom,0.0,420,40,0,0,0,False,0.0,469,45,630,False,0.0,468,45,0,,None,40,625,53,p138001,0,0,None,0,,138001.jpg,0.0,472,45,0,0,244,False,0,0,King,1.2,167,23,False,None,0,0,a,0,9,11,2025-08-15,0.0,418,19,0,12463,424,46438,3861,0.0,0.0,King,0
0,2006-06-02,0,0,True,True,100,100,0,0,0,499300,None,,0,0,-1,1,0.0,552,224,0,0,None,,0,2,-0.5,0.0,0,0.00,0,0.00,0,0.00,0.00,0,0,Adam,0.0,526,216,0,0,0,False,0.0,565,224,667,False,0.0,563,224,0,,2025-08-29T10:30:08.715230Z,44,554,142,p499300,0,0,None,0,,499300.jpg,0.0,569,225,0,0,145,False,0,0,Aznou,0.1,550,200,False,None,0,0,a,0,9,11,2025-07-29,0.0,529,220,0,1309,72,9441,352,0.0,0.0,Aznou,0
0,2003-03-04,0,0,False,True,0,0,0,0,0,461446,None,,0,0,0,0,0.0,604,240,0,0,None,,0,3,0.0,0.0,0,0.00,0,0.00,0,0.00,0.00,0,0,Tyler,0.0,574,218,0,0,0,False,0.0,612,240,704,False,0.0,610,238,0,has joined Stockport County on loan for the rest of the season.,2025-09-02T12:26:54.674165Z,45,429,253,p461446,0,0,None,0,,461446.jpg,0.0,615,243,0,0,241,False,0,0,Onyango,0.1,528,189,False,None,0,0,u,0,9,11,2025-07-25,0.0,583,231,0,8420,0,8326,511,0.0,0.0,Onyango,0
0,2004-08-02,0,0,True,True,None,None,0,0,0,491745,None,,0,0,0,0,0.0,485,191,0,0,None,,0,2,-0.5,0.0,0,0.00,0,0.00,0,0.00,0.00,0,0,Elijah,0.0,455,177,0,0,0,False,0.0,503,192,705,False,0.0,501,192,0,,None,40,668,183,p491745,0,0,None,0,,491745.jpg,0.0,506,192,0,0,241,False,0,0,Campbell,0.2,383,139,False,None,0,0,a,0,9,11,2023-12-15,0.0,452,180,0,13581,416,8001,918,0.0,0.0,Campbell,0
0,2006-02-17,0,8,True,True,None,None,0,0.0,0,496661,None,,0,0,0,0,1.1,371,192,6,9.31,None,,0,3,0.5,1.0,1,0.00,0.0,0.00,0.0,0.00,0.78,1.21,0.0,Tyler,1.0,272,132,1,1.55,0,False,0.5,412,196,707,False,3.0,401,188,58,,None,55,156,99,p496661,0,0,None,0,,496661.jpg,1.0,398,195,4,0,241,False,0,0.0,Dibling,0.0,641,265,False,None,1,1.55,a,2,9,11,2025-08-25,2.0,359,187,3,3791,255,2626,364,0.2,0.5,Dibling,0
0,2002-07-05,0,5,True,True,50,0,0,0.0,0,513466,None,,0,0,0,0,10.7,311,170,3,11.25,None,,0,3,-0.2,0.0,0,0.00,0.0,0.03,0.11,0.03,0.00,0.0,0.11,Merlin,0.0,680,292,0,0.0,0,False,1.5,391,185,728,False,3.0,400,187,24,Lack of match fitness - 50% chance of playing,2025-10-17T14:00:10.607430Z,50,287,177,p513466,0,0,None,0,,513466.jpg,1.0,383,184,1,0,80,False,0,0.0,Röhl,0.0,727,319,False,None,0,0.0,d,2,9,11,2025-09-01,1.0,362,188,1,345,15,383,65,0.0,0.2,Röhl,0
0,1992-03-04,1,81,True,True,None,None,1,0.14,8,80201,None,,0,0,0,0,0.0,689,81,0,0.0,None,,0,1,0.8,1.3,2,0.00,0.0,0.00,0.0,0.00,9.08,1.3,0.0,Bernd,1.3,236,19,11,1.57,0,False,15.1,187,10,314,False,151.4,49,9,630,,None,50,243,8,p80201,0,0,None,0,,80201.jpg,2.9,165,17,60,0,80,False,19,2.71,Leno,1.4,152,20,False,None,7,1.0,a,1,10,54,2022-08-02,0.0,676,76,20,52151,1949,82479,9275,0.3,4.0,Leno,1
0,1998-10-01,0,0,False,True,0,0,0,0,0,428971,None,,0,0,0,0,0.0,464,37,0,0,None,,0,1,0.0,0.0,0,0.00,0,0.00,0,0.00,0.00,0,0,Steven,0.0,433,47,0,0,0,False,0.0,482,52,315,False,0.0,481,52,0,Has joined Millwall on loan for the rest of the season.,2025-07-28T11:48:41.553663Z,40,641,60,p428971,0,0,None,0,,428971.jpg,0.0,485,52,0,0,80,False,0,0,Benda,0.0,719,82,False,None,0,0,u,0,10,54,2023-08-30,0.0,431,26,0,0,0,355,18,0.0,0.0,Benda,0
0,1997-08-08,0,12,True,True,0,100,0,0.0,2,169528,None,,0,0,0,0,22.8,240,76,2,2.95,None,,0,2,0.0,0.3,0,0.08,0.12,0.08,0.12,0.00,0.23,0.34,0.0,Antonee,0.3,354,123,0,0.0,0,False,4.1,345,118,316,False,13.6,359,135,61,Knee injury - Unknown return date,2025-10-17T01:00:10.471151Z,50,248,38,p169528,0,0,None,0,,169528.jpg,1.0,381,133,1,0,229,False,0,0.0,Robinson,0.7,202,77,False,None,0,0.0,i,0,10,54,2020-08-20,4.0,339,121,3,54090,2073,87438,10450,0.1,0.6,Robinson,0
0,1996-05-31,2,102,True,True,None,None,1,0.14,66,174874,None,,0,0,0,0,29.1,213,61,81,11.57,None,,1,2,2.8,3.3,3,0.74,0.11,1.17,0.17,0.43,9.08,1.3,0.06,Joachim,3.3,91,33,11,1.57,0,False,23.6,101,28,317,False,176.4,28,11,630,,None,45,401,76,p174874,0,0,None,0,,174874.jpg,4.1,71,33,25,0,58,False,0,0.0,Andersen,4.0,88,35,False,None,7,1.0,a,15,10,54,2024-08-23,31.0,183,44,29,380989,26036,225360,34047,0.7,6.4,Andersen,0
0,1999-12-31,3,66,True,True,None,None,1,0.14,33,232892,None,,0,0,0,0,20.5,255,83,43,6.14,None,,0,2,1.2,1.7,1,0.06,0.01,0.22,0.03,0.16,9.08,1.3,0.02,Calvin,1.7,198,73,11,1.57,0,False,14.4,196,65,318,False,114.0,91,43,630,,None,45,414,86,p232892,0,0,None,0,,232892.jpg,2.6,193,75,32,0,157,False,0,0.0,Bassey,0.5,232,87,False,None,7,1.0,a,10,10,54,2023-07-28,9.0,291,99,18,35481,2181,32846,5397,0.4,4.0,Bassey,2
0,1995-12-05,0,19,True,True,None,None,0,0.0,17,166477,None,,0,0,-1,1,51.8,135,31,24,7.06,None,,0,2,0.8,1.3,1,0.12,0.04,0.54,0.16,0.42,6.34,1.86,0.12,Timothy,1.3,228,81,9,2.65,0,False,13.9,203,71,319,False,50.6,229,90,306,,None,44,511,118,p166477,0,0,None,0,,166477.jpg,1.4,320,111,15,0,21,False,0,0.0,Castagne,0.1,459,171,False,None,4,1.18,a,7,10,54,2023-08-29,37.0,167,37,7,4711,342,9584,732,0.3,1.6,Castagne,0
0,1997-01-09,0,5,True,True,None,None,0,0.0,10,219924,None,,0,0,-1,1,0.8,375,134,12,12.71,None,,0,2,0.2,0.7,2,0.01,0.01,0.01,0.01,0.00,0.60,0.64,0.0,Issa,0.7,289,98,2,2.12,0,False,1.9,383,134,320,False,18.2,337,124,85,,None,44,518,125,p219924,0,0,None,0,,219924.jpg,2.0,255,90,4,0,73,False,0,0.0,Diop,0.1,526,191,False,None,1,1.06,a,2,10,54,2022-08-10,0.0,507,215,2,1831,151,5236,347,0.2,0.5,Diop,1
0,1999-11-17,0,16,True,True,None,None,0,0.0,5,246301,None,,0,0,-1,1,1.2,370,131,7,7.24,None,,0,2,-0.2,0.3,0,0.01,0.01,0.01,0.01,0.00,1.12,1.16,0.0,Jorge,0.3,336,116,1,1.03,0,False,2.0,380,132,321,False,14.6,354,132,87,,None,44,530,134,p246301,0,0,None,0,,246301.jpg,1.5,310,109,4,0,200,False,0,0.0,Cuenca Barreno,0.0,603,211,False,None,1,1.03,a,2,10,54,2024-08-03,4.0,330,116,3,653,36,2433,218,0.1,0.7,J.Cuenca,0
0,1995-10-09,0,76,True,True,50,0,1,0.2,20,167074,None,,0,0,0,0,40.5,174,43,36,7.2,None,,0,2,0.1,0.0,0,0.43,0.09,0.50,0.1,0.07,6.85,1.37,0.01,Kenny,0.7,293,101,5,1.0,0,False,14.2,200,68,322,False,86.8,145,64,450,Knee injury - 50% chance of playing,2025-09-29T00:30:06.414184Z,45,399,75,p167074,0,0,None,0,,167074.jpg,3.0,144,59,16,0,152,False,0,0.0,Tete,0.1,412,154,False,None,5,1.0,d,16,10,54,2020-09-10,14.0,268,84,15,14492,42,19542,3884,0.2,3.3,Tete,0
0,None,0,0,True,True,None,None,0,0,0,591385,None,,0,0,-1,1,0.0,429,170,0,0,None,,0,2,-0.5,0.0,0,0.00,0,0.00,0,0.00,0.00,0,0,Samuel,0.0,401,156,0,0,0,False,0.0,451,173,323,False,0.0,450,174,0,,None,39,738,240,p591385,0,0,None,0,,591385.jpg,0.0,454,173,0,0,None,False,0,0,Amissah,0.1,408,152,False,None,0,0,a,0,10,54,None,0.0,397,160,0,3552,274,8949,639,0.0,0.0,Amissah,0
2,1996-05-03,5,112,True,True,None,None,1,0.17,3,153133,None,,0,0,0,0,160.0,23,21,34,5.66,None,,1,3,5.2,5.7,2,1.10,0.18,1.50,0.25,0.40,7.98,1.33,0.07,Alex,5.7,25,11,10,1.66,1,False,32.6,42,28,324,False,117.0,88,27,541,,None,65,52,35,p153133,0,0,None,0,,153133.jpg,4.3,66,24,27,0,157,False,0,0.0,Iwobi,1.6,148,52,False,None,7,1.16,a,4,10,54,2023-09-01,49.0,136,83,30,157213,8602,154107,28433,0.9,4.6,Iwobi,1
0,2000-07-28,0,39,True,True,None,None,0,0.0,0,209289,None,,-1,1,-3,3,28.3,216,134,4,2.9,None,,0,3,0.5,1.0,1,0.07,0.05,0.86,0.62,0.79,1.28,0.93,0.57,Emile,1.0,274,133,1,0.73,1,False,11.0,240,121,325,False,42.0,256,113,124,,None,57,123,80,p209289,0,0,None,0,,209289.jpg,1.7,301,141,3,0,241,False,0,0.0,Smith Rowe,0.5,234,80,False,None,0,0.0,a,1,10,54,2024-08-02,40.0,157,95,12,37137,1007,91562,7610,0.2,2.1,Smith Rowe,0
0,1996-01-25,0,18,True,True,None,None,0,0.0,0,159533,None,,0,0,-2,2,50.3,141,97,6,3.78,None,,0,3,0.5,1.0,1,0.50,0.31,0.54,0.34,0.04,2.15,1.35,0.03,Adama,1.0,268,128,4,2.52,0,False,7.9,287,142,326,False,14.0,357,165,143,,None,53,203,128,p159533,0,0,None,0,,159533.jpg,1.2,332,158,6,0,200,False,0,0.0,Traoré Diarra,0.2,382,127,False,None,0,0.0,a,0,10,54,2023-08-12,18.0,246,136,6,5215,461,23278,1537,0.2,1.1,Adama,0
0,1996-01-01,0,0,False,True,0,0,0,0,0,156689,1,,0,0,-2,2,0.0,710,311,0,0,1,,0,3,0.0,0.0,0,0.00,0,0.00,0,0.00,0.00,0,0,Andreas,0.0,691,299,0,0,0,False,0.0,712,311,327,False,0.0,711,310,0,has joined Palmeiras permanently.,2025-09-02T13:24:11.133813Z,53,202,127,p156689,0,0,2,0,,156689.jpg,0.0,712,311,0,0,30,False,0,0,Hoelgebaum Pereira,0.1,504,173,False,None,0,0,u,0,10,54,2022-07-11,0.0,704,310,0,2438,0,33556,694,0.0,0.0,Andreas,0
1,2000-05-18,2,100,True,True,100,100,1,0.19,26,184349,None,,0,0,-1,1,63.1,113,81,55,10.4,None,,0,3,4.8,5.3,9,0.64,0.12,1.09,0.21,0.45,7.37,1.39,0.09,Ryan,5.3,28,13,10,1.89,1,False,26.0,81,48,328,False,125.8,79,26,476,,2025-08-22T14:00:07.804630Z,54,170,106,p184349,0,0,None,0,,184349.jpg,3.8,93,38,12,0,241,False,0,0.0,Sessegnon,0.1,509,176,False,None,6,1.13,a,17,10,54,2024-07-26,72.0,77,47,23,8377,4467,4668,976,1.0,4.3,Sessegnon,0
1,1997-03-22,2,88,True,True,100,100,1,0.21,4,153682,3,,0,0,-2,2,71.3,96,71,32,6.59,3,,0,3,3.8,4.3,3,0.30,0.06,1.01,0.21,0.71,4.60,0.95,0.15,Harry,4.3,52,24,5,1.03,1,False,23.8,100,58,329,False,75.2,167,65,437,,2025-08-28T17:30:07.780586Z,53,201,126,p153682,0,0,None,0,,153682.jpg,3.0,153,63,18,0,244,False,0,0.0,Wilson,0.4,277,95,False,None,5,1.03,a,10,10,54,2021-07-24,92.0,57,33,21,23676,2180,92255,5426,0.8,4.0,Wilson,1
0,1998-02-14,0,83,True,True,None,None,1,0.15,16,207189,None,,-1,1,-1,1,44.5,156,105,56,8.43,None,,0,3,1.5,2.0,2,0.27,0.04,0.68,0.1,0.41,8.65,1.3,0.06,Sander,2.0,165,77,11,1.66,0,False,12.9,215,107,330,False,71.4,174,68,598,,None,49,314,197,p207189,0,0,None,0,,207189.jpg,2.3,226,104,30,0,161,False,0,0.0,Berge,0.1,533,192,False,None,7,1.05,a,10,10,54,2024-08-22,13.0,277,148,16,2657,326,4457,508,0.4,3.3,Berge,1
0,1991-01-20,0,15,True,True,None,None,0,0.0,0,76357,None,,0,0,-1,1,21.7,243,145,5,4.09,2,,0,3,0.5,1.0,2,0.07,0.06,0.32,0.26,0.25,1.55,1.27,0.2,Tom,1.0,258,121,3,2.45,0,False,3.7,352,171,331,False,1.6,411,193,110,,None,49,295,183,p76357,0,0,None,0,,76357.jpg,1.0,373,178,5,0,243,False,0,0.0,Cairney,0.0,623,253,False,None,0,0.0,a,0,10,54,2015-07-07,13.0,276,147,4,769,97,2369,180,0.2,0.8,Cairney,1
2,1996-08-13,0,91,True,True,0,None,1,0.16,17,212314,4,,0,0,0,0,191.8,8,8,51,8.38,None,,0,3,0.0,2.0,1,0.94,0.15,1.76,0.28,0.82,7.96,1.31,0.13,Saša,2.0,172,80,8,1.31,0,False,30.6,53,34,332,False,78.4,157,57,548,Groin Injury - Expected back 01 Nov,2025-10-04T03:00:08.838398Z,50,257,157,p212314,0,0,None,0,,212314.jpg,2.6,197,83,20,0,190,False,0,0.0,Lukić,0.1,517,183,False,None,7,1.15,i,14,10,54,2023-01-31,36.0,171,103,18,5762,62,7074,1628,0.4,3.6,Lukić,4
0,2003-03-14,0,0,False,True,0,0,0,0,0,573062,None,,0,0,0,0,0.0,630,263,0,0,None,,0,3,0.0,0.0,0,0.00,0,0.00,0,0.00,0.00,0,0,Martial,0.0,601,241,0,0,0,False,0.0,638,263,333,False,0.0,636,261,0,has joined Strasbourg permanently.,2025-09-02T13:30:29.210428Z,45,464,277,p573062,0,0,None,0,,573062.jpg,0.0,641,266,0,0,54,False,0,0,Godo,0.0,614,248,False,None,0,0,u,0,10,54,2022-08-22,0.0,609,254,0,898,0,5575,248,0.0,0.0,Godo,0
0,2005-03-04,0,0,False,True,0,0,0,0,0,515024,None,,0,0,0,0,0.0,615,250,0,0,None,,0,3,0.0,0.0,0,0.00,0,0.00,0,0.00,0.00,0,0,Luke,0.0,586,228,0,0,0,False,0.0,623,250,334,False,0.0,621,248,0,Has joined Oxford United on loan for the rest of the season.,2025-07-28T11:48:41.571901Z,45,444,263,p515024,0,0,None,0,,515024.jpg,0.0,626,253,0,0,244,False,0,0,Harris,0.0,737,325,False,None,0,0,u,0,10,54,2022-08-05,0.0,594,241,0,0,0,265,8,0.0,0.0,Harris,0
0,2007-01-03,0,49,True,True,None,None,1,0.19,6,577725,None,,0,0,0,0,45.0,152,102,32,6.17,None,,0,3,1.2,1.7,3,0.28,0.05,1.02,0.19,0.74,7.55,1.46,0.14,Josh,1.7,200,89,8,1.54,0,False,20.8,125,66,335,False,46.6,244,108,467,,None,45,471,280,p577725,0,0,None,0,,577725.jpg,1.7,294,138,19,0,241,False,0,0.0,King,4.0,89,27,False,None,7,1.35,a,7,10,54,2024-02-02,123.0,35,18,12,655694,47575,289406,42747,0.4,2.7,King,2
0,1995-01-27,0,0,True,True,None,None,0,0,0,153366,None,,0,0,-1,1,0.0,533,200,0,0,None,,0,3,-0.5,0.0,0,0.00,0,0.00,0,0.00,0.00,0,0,Harrison,0.0,505,177,0,0,0,False,0.0,547,200,336,False,0.0,545,198,0,,None,44,509,297,p153366,0,0,None,0,,153366.jpg,0.0,549,203,0,0,241,False,0,0,Reed,0.3,328,111,False,None,0,0,a,0,10,54,2020-08-30,0.0,505,189,0,24314,1312,26042,2706,0.0,0.0,Reed,0
0,1991-05-05,1,33,True,True,50,75,0,0.0,3,102057,None,,-1,1,-3,3,7.9,328,35,7,4.47,4,,0,4,0.9,1.7,0,0.00,0.0,0.46,0.29,0.46,1.40,0.89,0.29,Raúl,2.3,148,15,1,0.64,1,False,9.1,265,24,337,False,37.2,267,24,141,Hip injury - 50% chance of playing,2025-09-29T00:30:06.432042Z,62,79,24,p102057,0,0,1,0,,102057.jpg,2.0,271,26,1,0,139,False,0,0.0,Jiménez Rodríguez,0.8,191,31,False,None,2,1.28,d,3,10,54,2023-07-25,53.0,117,25,12,37622,553,194646,14756,0.4,1.9,Raúl,0
1,2001-05-04,3,38,True,True,0,0,1,0.29,8,244042,None,,-1,1,-1,1,41.7,166,15,17,4.87,None,,0,4,0.0,0.0,0,0.01,0.0,0.87,0.25,0.86,5.45,1.56,0.25,Rodrigo,1.7,214,23,4,1.15,1,False,20.0,132,20,338,False,58.8,207,17,314,Hamstring injury - Expected back 01 Nov,2025-09-29T00:30:06.448701Z,54,179,43,p244042,1,0,None,0,,244042.jpg,3.0,156,15,6,0,30,False,0,0.0,Muniz Carvalho,1.4,155,25,False,None,4,1.15,i,3,10,54,2021-08-20,103.0,48,18,15,247130,320,337520,56026,0.3,2.8,Muniz,1
0,1991-04-26,0,0,True,True,None,None,0,0,0,86873,None,,0,0,0,0,0.0,443,24,0,0,None,,0,1,-0.5,0.0,0,0.00,0,0.00,0,0.00,0.00,0,0,Benjamin,0.0,413,34,0,0,0,False,0.0,462,39,664,False,0.0,461,39,0,,None,40,618,47,p86873,0,0,None,0,,86873.jpg,0.0,465,39,0,0,73,False,0,0,Lecomte,0.7,211,27,False,None,0,0,a,0,10,54,2025-07-26,0.0,411,13,0,7790,250,23716,2073,0.0,0.0,Lecomte,0
1,1999-05-22,0,20,True,True,25,None,0,0.0,0,218328,None,,0,0,-1,1,25.4,234,141,3,8.18,None,,0,3,0.3,1.7,4,0.39,1.06,0.57,1.55,0.18,0.67,1.83,0.49,Samuel,1.7,213,96,3,8.18,0,False,6.1,311,154,727,False,21.0,326,152,33,Calf injury - 25% chance of playing,2025-10-17T16:00:11.395453Z,54,176,109,p218328,0,0,None,0,,218328.jpg,2.5,211,92,2,0,157,False,0,0.0,Chukwueze,0.0,637,263,False,None,0,0.0,d,1,10,54,2025-09-01,14.0,272,146,5,4797,436,3308,422,0.3,0.9,Chukwueze,0
0,2003-01-04,0,16,True,True,100,100,0,0.0,2,560552,None,,0,0,0,0,28.2,218,136,8,8.47,None,,0,3,0.2,0.7,1,0.09,0.1,0.14,0.15,0.05,0.87,0.92,0.05,Kevin,0.7,322,159,3,3.18,0,False,6.9,300,147,731,False,24.6,306,139,85,,2025-09-24T06:30:08.624024Z,60,90,59,p560552,0,0,None,0,,560552.jpg,0.8,414,201,5,0,30,False,0,0.0,Santos Lopes de Macedo,0.1,523,186,False,None,0,0.0,a,1,10,54,2025-09-01,16.0,258,143,3,20296,497,13239,2549,0.1,0.5,Kevin,1
0,2007-07-04,0,0,True,True,None,None,0,0,0,631786,None,,0,0,0,0,0.0,651,66,0,0,None,,0,4,-0.5,0.0,0,0.00,0,0.00,0,0.00,0.00,0,0,Jonah,0.0,623,62,0,0,0,False,0.0,659,67,737,False,0.0,657,67,0,,None,45,490,67,p631786,0,0,None,0,,631786.jpg,0.0,660,67,0,0,206,False,0,0,Kusi-Asare,0.1,558,73,False,None,0,0,a,0,10,54,2025-09-01,0.0,630,65,0,7179,1306,3247,861,0.0,0.0,Kusi-Asare,0
0,2000-03-02,0,0,True,True,None,None,0,0,0,437495,None,,-1,1,-2,2,0.0,521,63,0,0,None,,0,1,0.0,-0.5,0,0.00,0,0.00,0,0.00,0.00,0,0,Illan,0.0,492,72,0,0,0,False,0.0,538,77,339,False,0.0,536,77,0,,None,43,599,37,p437495,0,0,None,0,,437495.jpg,0.0,540,77,0,0,73,False,0,0,Meslier,0.4,258,34,False,None,0,0,a,0,11,2,2020-07-27,0.0,490,52,0,6871,543,43459,2711,0.0,0.0,Meslier,0
0,1993-01-04,0,0,True,True,None,None,0,0,0,97846,None,,0,0,0,0,0.0,444,25,0,0,None,,0,1,0.0,-0.5,0,0.00,0,0.00,0,0.00,0.00,0,0,Alex,0.0,414,35,0,0,0,False,0.0,463,40,340,False,0.0,462,40,0,,None,40,619,48,p97846,0,0,None,0,,97846.jpg,0.0,466,40,0,0,241,False,0,0,Cairns,0.2,378,60,False,None,0,0,a,0,11,2,2024-07-08,0.0,412,14,0,3761,219,7667,748,0.0,0.0,Cairns,0
0,1990-10-08,0,54,True,True,None,None,0,0.0,6,59735,None,,0,0,0,0,0.0,437,18,0,0.0,None,,0,1,2.0,1.5,1,0.01,0.0,0.01,0.0,0.00,3.98,1.0,0.0,Karl,2.0,155,11,6,1.5,0,False,9.9,256,17,341,False,98.6,119,17,360,,None,40,612,41,p59735,0,0,None,0,,59735.jpg,2.2,230,20,48,0,244,False,12,3.0,Darlow,2.5,116,15,False,None,4,1.0,a,0,11,2,2023-07-29,0.0,405,7,9,82776,10482,123488,10763,0.5,2.2,Darlow,0
1,2000-07-27,0,68,True,True,100,100,2,0.29,32,226182,None,,0,0,0,0,38.0,180,46,53,7.79,None,,0,2,3.3,2.8,3,0.13,0.02,0.29,0.04,0.16,6.81,1.0,0.02,Jayden,3.3,92,34,10,1.47,0,False,17.1,166,56,342,False,95.2,127,58,612,,2025-09-20T23:30:06.793765Z,45,411,83,p226182,0,0,None,0,,226182.jpg,3.3,117,48,36,0,241,False,0,0.0,Bogle,0.2,351,125,False,None,7,1.03,a,21,11,2,2024-07-20,38.0,161,35,23,11985,3458,11164,1193,0.7,5.1,Bogle,2
0,1999-08-11,2,88,True,True,None,None,2,0.29,53,222694,None,,0,0,0,0,26.3,231,71,57,8.14,None,,0,2,2.7,2.2,1,0.06,0.01,0.70,0.1,0.64,7.87,1.12,0.09,Pascal,2.7,118,44,11,1.57,0,False,20.3,129,39,343,False,128.8,75,34,630,,None,45,409,81,p222694,0,0,3,0,,222694.jpg,3.4,110,45,18,0,152,False,0,0.0,Struijk,0.4,271,99,False,None,7,1.0,a,4,11,2,2018-04-12,47.0,137,26,24,27699,3847,27740,3312,0.6,5.3,Struijk,0
0,1999-02-05,0,0,True,True,100,100,0,0,0,434752,None,,0,0,-1,1,0.0,407,150,0,0,None,,0,2,0.0,-0.5,0,0.00,0,0.00,0,0.00,0.00,0,0,Jaka,0.0,379,136,0,0,0,False,0.0,429,153,344,False,0.0,428,154,0,,2025-07-21T10:00:04.901206Z,39,715,219,p434752,0,0,None,0,,434752.jpg,0.0,432,153,0,0,195,False,0,0,Bijol,0.1,433,161,False,None,0,0,a,0,11,2,2025-06-23,0.0,375,140,0,7362,624,14561,1500,0.0,0.0,Bijol,0
0,1999-03-22,0,0,True,True,100,100,0,0,0,437738,None,,0,0,-1,1,0.0,408,151,0,0,None,,0,2,0.0,-0.5,0,0.00,0,0.00,0,0.00,0.00,0,0,Sebastiaan,0.0,380,137,0,0,0,False,0.0,430,154,345,False,0.0,429,155,0,,2025-08-10T23:00:06.493026Z,39,716,220,p437738,0,0,None,0,,437738.jpg,0.0,433,154,0,0,21,False,0,0,Bornauw,0.1,507,187,False,None,0,0,a,0,11,2,2025-07-01,0.0,376,141,0,4057,208,5084,634,0.0,0.0,Bornauw,0
0,1993-09-16,0,-2,True,True,None,None,0,0.0,0,113564,None,,0,0,-1,1,0.0,400,145,0,0.0,None,,0,2,0.0,-0.5,0,0.00,0.0,0.00,0.0,0.00,0.79,10.16,0.0,Sam,0.0,372,131,1,12.86,0,False,0.0,422,148,346,False,0.0,421,149,7,,None,39,706,212,p113564,0,0,None,0,,113564.jpg,1.0,340,116,0,0,241,False,0,0.0,Byram,0.3,327,117,False,None,0,0.0,a,0,11,2,2023-08-05,0.0,366,133,1,16980,800,17046,1892,0.0,0.3,Byram,0
0,1999-04-29,6,66,True,True,100,100,2,0.3,34,243526,None,,0,0,0,0,80.2,77,17,49,7.27,None,,0,2,2.0,1.5,1,0.37,0.05,0.54,0.08,0.17,7.81,1.16,0.03,Gabriel,2.0,156,55,11,1.63,0,False,22.4,114,36,347,False,109.0,96,46,607,,2025-08-31T01:00:08.219642Z,40,640,169,p243526,1,0,None,0,,243526.jpg,3.3,116,47,27,0,206,False,0,0.0,Gudmundsson,5.6,68,23,False,None,7,1.04,a,15,11,2,2025-07-08,35.0,173,40,23,584179,20904,252566,28992,0.5,5.8,Gudmundsson,1
0,1997-10-22,2,100,True,True,100,100,2,0.29,57,214225,None,,1,-1,1,-1,4.6,343,118,62,8.86,None,,0,2,3.3,2.8,1,0.03,0.0,0.45,0.06,0.42,7.87,1.12,0.06,Joe,3.3,89,31,11,1.57,1,False,23.8,98,27,348,False,167.6,34,14,630,,2025-09-05T10:00:06.564684Z,41,609,159,p214225,0,0,None,0,,214225.jpg,4.3,61,27,17,0,244,False,0,0.0,Rodon,5.7,67,22,False,None,7,1.0,a,5,11,2,2024-07-02,66.0,85,12,30,615906,88038,196623,26503,0.8,7.3,Rodon,0
0,1999-12-07,0,0,False,True,0,0,0,0,0,492368,None,,0,0,0,0,0.0,487,193,0,0,None,,0,2,0.0,0.0,0,0.00,0,0.00,0,0.00,0.00,0,0,Isaac,0.0,457,179,0,0,0,False,0.0,505,194,349,False,0.0,503,194,0,has joined Werder Bremen on loan for the rest of the season.,2025-09-02T12:00:32.361624Z,40,670,185,p492368,0,0,None,0,,492368.jpg,0.0,508,194,0,0,207,False,0,0,Schmidt,0.1,485,180,False,None,0,0,u,0,11,2,2024-08-30,0.0,454,182,0,788,0,12940,654,0.0,0.0,Schmidt,0
2,2000-10-22,0,90,True,True,None,None,1,0.23,6,427637,None,,0,0,-1,1,71.2,97,72,37,8.43,2,,0,3,3.7,3.2,5,0.82,0.19,1.56,0.36,0.74,4.56,1.04,0.17,Brenden,3.7,86,42,5,1.14,0,False,20.6,126,67,350,False,53.0,223,96,395,,None,54,180,111,p427637,0,0,None,0,,427637.jpg,2.7,188,77,18,0,229,False,0,0.0,Aaronson,0.1,505,174,False,None,4,0.91,a,13,11,2,2022-07-01,82.0,67,42,19,6064,2566,6134,742,0.7,3.5,Aaronson,1
0,2003-11-05,0,27,True,True,0,0,1,0.47,2,492859,None,,0,0,-3,3,21.4,246,146,17,8.01,None,,0,3,0.0,0.0,0,0.06,0.03,0.24,0.11,0.18,2.49,1.17,0.08,Wilfried,0.0,687,296,5,2.36,0,False,5.3,324,161,351,False,15.8,347,160,191,Calf injury - Expected back 24 Oct,2025-09-18T14:30:08.147956Z,52,227,142,p492859,0,0,None,0,,492859.jpg,1.5,313,147,6,0,106,False,0,0.0,Gnonto,0.1,470,159,False,None,3,1.41,i,9,11,2,2022-09-01,16.0,257,142,6,5359,94,33631,1491,0.0,1.2,Gnonto,1
0,1996-11-20,0,29,True,True,None,None,0,0.0,3,221399,3,,-1,1,-3,3,14.8,286,162,14,9.69,None,,0,3,1.0,0.5,1,0.11,0.08,0.18,0.13,0.07,2.02,1.4,0.05,Jack,1.0,267,127,2,1.38,0,False,4.9,332,163,352,False,16.8,342,158,130,,None,52,223,139,p221399,0,0,None,0,,221399.jpg,1.0,385,186,8,0,241,False,0,0.0,Harrison,0.1,532,191,False,None,0,0.0,a,3,11,2,2021-07-02,17.0,252,139,6,2403,561,11980,661,0.2,1.2,Harrison,0
0,1997-11-10,0,23,True,True,75,0,1,0.42,1,200617,None,,0,0,-2,2,31.1,202,129,9,3.82,None,,0,3,0.0,0.0,0,0.17,0.07,0.60,0.25,0.43,3.22,1.37,0.18,Daniel,0.0,692,300,4,1.7,0,False,7.2,297,146,353,False,11.8,364,168,212,Lack of match fitness - 75% chance of playing,2025-10-01T21:30:06.176228Z,53,206,131,p200617,0,0,None,0,,200617.jpg,1.8,286,133,7,0,244,False,0,0.0,James,0.1,420,141,False,None,3,1.27,d,1,11,2,2021-08-31,29.0,193,113,7,4823,65,44335,2695,0.0,1.3,James,0
0,2000-09-14,0,69,True,True,100,100,1,0.21,20,199598,None,,0,0,-1,1,43.2,163,110,57,11.74,None,,0,3,2.7,2.2,3,0.12,0.02,0.14,0.02,0.02,4.26,0.88,0.0,Ethan,2.7,121,55,6,1.24,0,False,11.9,228,113,354,False,68.4,182,72,437,,2025-08-21T13:57:30.981880Z,49,309,194,p199598,0,0,None,0,,199598.jpg,3.0,147,60,25,0,244,False,0,0.0,Ampadu,0.1,513,180,False,None,5,1.03,a,12,11,2,2023-07-19,7.0,307,161,15,6163,1090,8513,770,0.6,3.1,Ampadu,2
0,2002-01-26,0,0,False,True,0,0,0,0,0,248937,None,,0,0,-1,1,0.0,673,288,0,0,None,,0,3,0.0,0.0,0,0.00,0,0.00,0,0.00,0.00,0,0,Sam,0.0,651,271,0,0,0,False,0.0,679,288,355,False,0.0,678,287,0,has joined Pogon Szczecin permanently.,2025-09-02T12:00:32.393623Z,49,328,204,p248937,0,0,None,0,,248937.jpg,0.0,678,287,0,0,241,False,0,0,Greenwood,0.0,593,232,False,None,0,0,u,0,11,2,2021-01-09,0.0,658,282,0,1234,0,9231,292,0.0,0.0,Greenwood,0
0,2000-05-06,0,40,True,True,None,None,1,0.47,6,486520,2,,0,0,-1,1,8.6,325,174,15,6.99,1,,0,3,0.3,-0.2,0,0.01,0.0,0.01,0.0,0.00,3.64,1.7,0.0,Ilia,0.3,353,170,5,2.33,0,False,3.5,357,173,356,False,24.6,305,138,193,,None,49,347,216,p486520,0,0,None,0,,486520.jpg,1.8,285,132,5,0,34,False,0,0.0,Gruev,0.0,600,238,False,None,2,0.93,a,4,11,2,2023-08-31,2.0,355,186,7,1024,63,3138,285,0.1,1.4,Gruev,0
0,2001-02-27,0,0,False,True,0,0,0,0,0,433952,None,,0,0,-1,1,0.0,675,290,0,0,None,,0,3,0.0,0.0,0,0.00,0,0.00,0,0.00,0.00,0,0,Largie,0.0,654,273,0,0,0,False,0.0,681,290,357,False,0.0,680,289,0,has joined Valencia on loan for the rest of the season.,2025-09-02T12:00:32.377624Z,49,333,207,p433952,0,0,None,0,,433952.jpg,0.0,680,289,0,0,21,False,0,0,Ramazani,0.0,665,281,False,None,0,0,u,0,11,2,2024-08-22,0.0,660,284,0,203,0,3955,108,0.0,0.0,Ramazani,0
0,1998-09-10,0,32,True,True,100,100,1,0.5,3,248056,None,,0,0,-1,1,41.1,169,112,15,7.5,None,,0,3,1.0,0.5,1,0.05,0.02,0.14,0.06,0.09,2.95,1.48,0.04,Tanaka,1.0,261,124,5,2.5,0,False,6.0,313,156,358,False,9.8,369,171,180,,2025-08-24T01:30:06.493361Z,49,327,203,p248056,0,0,None,0,,248056.jpg,1.4,323,154,11,0,108,False,0,0.0,Ao,0.1,442,147,False,None,2,1.0,a,1,11,2,2024-08-30,9.0,292,153,7,5412,318,21268,1125,0.2,1.4,Tanaka,0
0,2006-06-15,0,0,False,True,0,0,0,0,0,536119,None,,0,0,0,0,0.0,618,253,0,0,None,,0,3,0.0,0.0,0,0.00,0,0.00,0,0.00,0.00,0,0,Charlie,0.0,589,231,0,0,0,False,0.0,626,253,359,False,0.0,624,251,0,Has joined Doncaster Rovers on loan for the rest of the season.,2025-08-11T01:12:36.647868Z,45,449,267,p536119,0,0,None,0,,536119.jpg,0.0,629,256,0,0,244,False,0,0,Crew,0.0,722,316,False,None,0,0,u,0,11,2,2024-03-28,0.0,597,244,0,0,0,834,25,0.0,0.0,Crew,0
0,2002-05-04,0,0,False,True,0,0,0,0,0,462635,None,,0,0,0,0,0.0,606,242,0,0,None,,0,3,0.0,0.0,0,0.00,0,0.00,0,0.00,0.00,0,0,Joe,0.0,576,220,0,0,0,False,0.0,614,242,360,False,0.0,612,240,0,Has joined Hull City on loan for the rest of the season.,2025-08-11T11:07:52.207439Z,45,431,255,p462635,0,0,None,0,,462635.jpg,0.0,617,245,0,0,241,False,0,0,Gelhardt,0.0,695,300,False,None,0,0,u,0,11,2,2021-02-07,0.0,585,233,0,0,0,2567,83,0.0,0.0,Gelhardt,0
0,2004-02-18,0,0,False,True,0,0,0,0,0,470294,None,,0,0,0,0,0.0,607,243,0,0,None,,0,3,0.0,0.0,0,0.00,0,0.00,0,0.00,0.00,0,0,Darko,0.0,577,221,0,0,0,False,0.0,615,243,361,False,0.0,613,241,0,has joined Hull City permanently.,2025-09-02T13:38:58.066167Z,45,432,256,p470294,0,0,None,0,,470294.jpg,0.0,618,246,0,0,241,False,0,0,Gyabi,0.0,607,243,False,None,0,0,u,0,11,2,2022-07-04,0.0,586,234,0,1165,0,7096,340,0.0,0.0,Gyabi,0
0,1999-08-02,0,11,True,True,100,100,1,0.62,0,235826,None,,0,0,-3,3,10.7,312,32,6,3.72,3,,0,4,0.3,-0.2,1,0.05,0.03,0.38,0.23,0.33,2.16,1.34,0.2,Joël,0.3,356,39,4,2.48,0,False,7.9,286,29,362,False,5.0,388,38,145,,2025-09-11T17:30:06.758854Z,52,226,49,p235826,0,0,2,0,,235826.jpg,1.3,325,32,6,0,152,False,0,0.0,Piroe,0.5,248,39,False,None,2,1.24,a,0,11,2,2023-08-24,63.0,94,23,4,22717,2075,184577,6458,0.1,0.8,Piroe,0
0,1993-09-05,0,0,False,True,0,0,0,0,0,106617,None,,0,0,-1,1,0.0,664,67,0,0,None,,0,4,0.0,0.0,0,0.00,0,0.00,0,0.00,0.00,0,0,Patrick,0.0,638,63,0,0,0,False,0.0,670,68,363,False,0.0,669,68,0,has departed the club as a free agent.,2025-09-02T12:00:32.408955Z,49,297,54,p106617,0,0,None,0,,106617.jpg,0.0,669,68,0,0,241,False,0,0,Bamford,0.5,247,38,False,None,0,0,u,0,11,2,2018-07-31,0.0,645,66,0,16144,0,186112,5479,0.0,0.0,Bamford,0
0,2003-10-19,0,0,False,True,0,0,0,0,0,565297,None,,0,0,0,0,0.0,701,73,0,0,None,,0,4,0.0,0.0,0,0.00,0,0.00,0,0.00,0.00,0,0,Mateo,0.0,681,70,0,0,0,False,0.0,704,73,364,False,0.0,703,73,0,Has joined RCD Mallorca on loan for the rest of the season.,2025-08-11T11:07:32.622877Z,50,290,53,p565297,0,0,None,0,,565297.jpg,0.0,704,73,0,0,200,False,0,0,Joseph Fernández-Regatillo,0.0,689,80,False,None,0,0,u,0,11,2,2022-11-04,0.0,693,72,0,0,0,2258,42,0.0,0.0,Mateo Joseph,0
0,1998-12-14,0,40,True,True,100,100,1,0.61,7,174594,None,,0,0,0,0,10.2,313,33,13,7.96,None,,0,4,1.0,0.5,1,0.03,0.02,0.98,0.6,0.95,2.72,1.67,0.58,Lukas,1.0,263,28,3,1.84,1,False,9.0,266,25,365,False,45.6,245,22,147,,2025-09-11T17:30:06.775545Z,50,251,50,p174594,0,0,1,0,,174594.jpg,1.7,296,28,6,0,80,False,0,0.0,Nmecha,0.7,195,32,False,None,1,0.61,a,0,11,2,2025-07-01,35.0,174,31,12,111419,8128,94717,9988,0.2,2.4,Nmecha,0
1,1997-10-30,3,137,True,True,None,None,1,0.19,11,180135,None,,0,0,-1,1,189.5,9,9,55,10.42,None,,1,3,6.3,5.8,2,0.48,0.09,0.91,0.17,0.43,5.20,0.99,0.08,Sean,6.3,10,5,7,1.33,1,False,37.1,28,20,493,False,142.6,61,20,475,,None,49,307,192,p180135,0,0,None,0,,180135.jpg,4.0,78,29,21,0,241,False,0,0.0,Longstaff,0.8,193,64,False,None,5,0.95,a,23,11,2,2025-07-18,38.0,162,97,28,90009,35204,26490,8169,1.3,5.7,Longstaff,0
2,1998-11-15,3,119,True,True,None,None,2,0.3,18,466525,1,,0,0,0,0,200.0,7,7,58,8.61,4,,1,3,6.3,5.8,2,0.59,0.09,1.24,0.19,0.65,7.84,1.16,0.1,Anton,6.3,11,6,11,1.63,1,False,39.4,20,15,660,False,129.8,73,24,606,,None,50,273,167,p466525,0,0,None,0,,466525.jpg,4.7,47,17,26,0,80,False,0,0.0,Stach,3.3,101,35,False,None,7,1.04,a,14,11,2,2025-07-22,63.0,93,56,33,488254,47518,138682,31269,1.3,6.6,Stach,1
0,1997-12-10,0,36,True,True,75,0,2,0.67,3,201595,None,,0,0,0,0,0.0,590,74,0,0.0,None,,0,1,0.0,0.0,0,0.00,0.0,0.00,0.0,0.00,3.89,1.3,0.0,Lucas Estella,0.0,561,80,5,1.67,0,False,2.9,369,25,665,False,29.2,292,25,270,Lack of match fitness - 75% chance of playing,2025-09-11T17:30:07.176029Z,45,405,24,p201595,0,0,None,0,,201595.jpg,4.0,76,7,20,0,30,False,3,1.0,Perri,0.2,335,51,False,None,3,1.0,d,0,11,2,2025-07-26,0.0,568,66,12,15554,395,32671,2098,0.0,2.7,Perri,0
1,1997-03-16,2,50,True,True,100,100,1,0.25,3,177815,None,,0,0,0,0,83.9,71,4,13,3.27,None,,1,4,5.0,4.5,2,0.43,0.11,1.77,0.45,1.34,3.07,0.77,0.34,Dominic,5.0,34,5,4,1.01,1,False,28.7,66,12,691,False,60.6,199,15,358,,2025-08-22T12:30:07.420235Z,55,141,34,p177815,0,0,None,0,,177815.jpg,3.6,104,10,8,0,241,False,0,0.0,Calvert-Lewin,1.6,145,22,False,None,4,1.01,a,2,11,2,2025-08-15,142.0,20,10,18,241790,89534,65561,22686,0.9,3.3,Calvert-Lewin,0
0,2000-05-24,3,69,True,True,75,100,1,0.3,4,435997,None,,0,0,0,0,57.5,122,88,28,8.29,None,,0,3,4.5,5.5,8,0.35,0.1,1.51,0.44,1.16,3.18,0.94,0.34,Noah,6.0,15,7,5,1.48,2,False,24.3,91,53,698,False,97.2,122,39,304,Thigh injury - 75% chance of playing,2025-10-17T00:30:11.157914Z,55,147,93,p435997,0,0,None,0,,435997.jpg,4.2,69,25,17,0,207,False,0,0.0,Okafor,0.2,333,112,False,None,4,1.18,d,7,11,2,2025-08-21,88.0,58,34,21,35147,22488,9371,4791,1.1,3.8,Okafor,2
0,1998-02-23,0,11,True,True,None,None,0,0.0,2,220627,None,,0,0,0,0,0.0,456,180,2,10.0,None,,0,2,0.7,0.2,1,0.00,0.0,0.00,0.0,0.00,0.31,1.55,0.0,James,0.7,284,94,0,0.0,0,False,0.6,407,142,706,False,4.2,393,143,18,,None,40,632,165,p220627,0,0,None,0,,220627.jpg,1.0,344,120,3,0,241,False,0,0.0,Justin,0.2,338,121,False,None,0,0.0,a,0,11,2,2025-08-25,2.0,346,125,3,26932,914,11943,1434,0.2,0.8,Justin,0
0,2008-10-08,0,0,True,True,0,50,0,0,0,600882,None,,0,0,0,0,0.0,643,65,0,0,None,,0,4,0.0,-0.2,0,0.00,0,0.00,0,0.00,0.00,0,0,Harry,0.0,614,61,0,0,0,False,0.0,651,66,741,False,0.0,649,66,0,Hip injury - Expected back 24 Oct,2025-10-02T14:30:07.989923Z,45,478,66,p600882,0,0,None,0,,600882.jpg,0.0,654,66,0,0,241,False,0,0,Gray,0.1,561,74,False,None,0,0,i,0,11,2,2025-04-20,0.0,622,64,0,9481,326,4932,1813,0.0,0.0,Gray,0
0,1992-10-02,2,95,True,True,0,0,2,0.33,12,116535,None,,-1,1,-1,1,0.1,398,11,0,0.0,None,,1,1,0.0,0.0,0,0.01,0.0,0.01,0.0,0.00,6.87,1.14,0.0,Alisson,1.3,239,20,7,1.17,0,False,10.7,248,15,366,False,106.8,101,14,540,Muscle injury - Unknown return date,2025-10-01T00:30:06.184759Z,54,163,4,p116535,0,0,None,0,,116535.jpg,3.3,123,13,51,0,30,False,9,1.5,Becker,7.3,57,11,False,None,6,1.0,i,0,12,14,2018-07-19,0.0,707,83,20,276988,453,820119,199651,0.2,3.7,A.Becker,0
0,2000-09-29,0,16,True,True,None,None,0,0.0,3,449027,None,,0,0,-2,2,0.0,522,64,0,0.0,None,,0,1,1.7,1.2,2,0.00,0.0,0.00,0.0,0.00,1.00,1.0,0.0,Giorgi,0.7,286,21,2,2.0,0,False,3.1,363,24,367,False,31.2,286,24,90,,None,43,601,38,p449027,0,0,None,0,,449027.jpg,2.0,253,24,13,0,79,False,4,4.0,Mamardashvili,0.8,190,26,False,None,1,1.0,a,0,12,14,2024-08-27,0.0,491,53,2,67553,28645,39016,7355,0.2,0.5,Mamardashvili,0
0,2005-02-24,0,0,True,True,None,None,0,0,0,586268,None,,0,0,-1,1,0.0,427,15,0,0,None,,0,1,1.0,0.5,0,0.00,0,0.00,0,0.00,0.00,0,0,Ármin,0.0,399,27,0,0,0,False,0.0,449,32,368,False,0.0,448,32,0,,None,39,736,86,p586268,0,0,None,0,,586268.jpg,0.0,452,32,0,0,98,False,0,0,Pécsi,0.4,262,35,False,None,0,0,a,0,12,14,2025-06-07,0.0,395,4,0,43960,6230,12436,2420,0.0,0.0,Pécsi,0
0,1997-03-04,0,0,True,True,None,None,0,0,0,155503,None,,0,0,-1,1,0.0,401,12,0,0,None,,0,1,1.0,0.5,0,0.00,0,0.00,0,0.00,0.00,0,0,Freddie,0.0,373,24,0,0,0,False,0.0,423,29,369,False,0.0,422,29,0,,None,39,707,83,p155503,0,0,None,0,,155503.jpg,0.0,426,29,0,0,241,False,0,0,Woodman,0.2,361,56,False,None,0,0,a,0,12,14,2025-07-01,0.0,367,1,0,14030,4903,5923,1209,0.0,0.0,Woodman,0
1,2000-12-10,0,21,True,True,100,100,0,0.0,5,216094,None,,-1,1,-2,2,3.2,357,125,7,8.08,None,,0,2,1.3,0.8,0,0.03,0.03,0.12,0.13,0.09,1.53,1.77,0.1,Jeremie,0.3,363,128,1,1.15,0,False,4.3,341,115,370,False,14.4,356,134,78,,2025-08-21T13:57:30.994073Z,58,112,8,p216094,0,0,None,0,,216094.jpg,2.0,269,95,4,0,152,False,0,0.0,Frimpong,7.0,59,18,False,None,1,1.15,a,2,12,14,2025-06-01,25.0,211,56,6,179977,8363,2659204,76812,0.1,1.0,Frimpong,0
0,2003-11-07,0,61,True,True,None,None,1,0.18,33,544877,None,,-1,1,-2,2,60.6,117,23,43,7.59,None,,0,2,3.0,2.5,1,0.11,0.02,0.22,0.04,0.11,6.11,1.08,0.02,Milos,2.0,178,65,6,1.06,0,False,17.3,165,55,371,False,89.4,140,63,510,,None,58,119,10,p544877,0,0,None,0,,544877.jpg,1.9,276,97,23,0,98,False,0,0.0,Kerkez,4.2,84,32,False,None,7,1.24,a,10,12,14,2025-06-26,22.0,225,64,13,210285,5230,527530,47726,0.3,2.2,Kerkez,2
0,1994-03-11,0,21,True,True,None,None,0,0.0,7,122798,4,,0,0,-2,2,82.7,73,16,8,6.15,None,,0,2,1.3,0.8,1,0.42,0.32,0.55,0.42,0.13,1.76,1.35,0.1,Andrew,0.3,362,127,3,2.31,0,False,16.5,173,58,372,False,43.8,249,95,117,,None,58,111,7,p122798,0,0,None,0,,122798.jpg,0.7,417,141,3,0,243,False,0,0.0,Robertson,1.0,180,67,False,None,0,0.0,a,1,12,14,2017-07-21,38.0,166,36,2,18583,1258,85242,4916,0.1,0.3,Robertson,0
0,1991-07-08,4,108,True,True,None,None,2,0.29,76,97032,None,,0,0,1,-1,26.4,230,70,79,11.29,3,,0,2,3.3,2.8,1,0.12,0.02,0.30,0.05,0.18,7.87,1.12,0.03,Virgil,2.3,146,53,9,1.29,0,False,27.5,69,16,373,False,219.8,5,2,630,,None,61,83,2,p97032,0,0,None,0,,97032.jpg,4.1,74,35,16,0,152,False,0,0.0,van Dijk,27.3,12,4,False,None,7,1.0,a,3,12,14,2018-01-01,29.0,196,48,29,1290434,45355,1116672,218695,0.4,4.8,Virgil,1
0,1999-05-25,3,99,True,True,75,None,2,0.32,43,204716,None,,0,0,0,0,44.1,160,39,54,8.65,None,,0,2,2.8,3.2,1,0.12,0.02,0.72,0.12,0.60,6.20,0.99,0.1,Ibrahima,2.7,128,47,7,1.12,0,False,19.8,135,41,374,False,134.8,69,29,562,Thigh injury - 75% chance of playing,2025-10-05T01:30:08.114532Z,55,144,17,p204716,0,0,None,0,,204716.jpg,3.4,113,46,16,0,73,False,0,0.0,Konaté,2.9,105,39,False,None,7,1.12,d,11,12,14,2021-07-01,18.0,248,73,24,215392,5819,269225,69226,0.5,4.4,Konaté,2
0,2003-07-09,0,5,True,True,100,100,0,0.0,11,492777,None,,0,0,0,0,26.0,232,72,14,5.36,None,,0,2,2.0,1.5,0,0.14,0.05,0.20,0.07,0.06,3.05,1.17,0.02,Conor,1.0,265,92,4,1.53,0,False,7.1,298,99,375,False,28.2,296,110,235,,2025-08-10T23:00:06.506922Z,50,280,46,p492777,0,0,None,0,,492777.jpg,0.6,418,142,8,0,242,False,0,0.0,Bradley,0.1,398,147,False,None,3,1.15,a,3,12,14,2023-09-25,18.0,245,72,3,12061,1554,15501,1708,0.2,0.6,Bradley,3
0,1997-05-23,0,5,True,True,100,100,0,0.0,8,171287,None,,-1,1,-1,1,0.5,385,139,8,24.83,None,,0,2,1.0,0.5,0,0.00,0.0,0.00,0.0,0.00,0.30,0.93,0.0,Joe,0.0,643,230,1,3.1,0,False,1.5,390,139,376,False,14.6,355,133,29,,2025-08-10T23:00:06.519894Z,49,306,49,p171287,0,0,None,0,,171287.jpg,1.0,375,132,1,0,241,False,0,0.0,Gomez,0.1,413,155,False,None,0,0.0,a,0,12,14,2015-06-20,0.0,651,234,2,6210,538,9264,894,0.0,0.4,Gomez,0
0,1996-05-12,0,0,False,True,0,0,0,0,0,214285,3,,0,0,-2,2,0.0,656,235,0,0,None,,0,2,0.0,0.0,0,0.00,0,0.00,0,0.00,0.00,0,0,Konstantinos,0.0,630,228,0,0,0,False,0.0,665,235,377,False,0.0,664,235,0,has joined AS Roma on loan for the rest of the season.,2025-09-22T09:16:54.545563Z,48,368,63,p214285,0,0,None,0,,214285.jpg,0.0,664,235,0,0,83,False,0,0,Tsimikas,0.1,538,195,False,None,0,0,u,0,12,14,2020-08-10,0.0,637,232,0,1669,0,10769,629,0.0,0.0,Tsimikas,0
0,2006-11-18,0,0,True,True,None,None,0,0,0,611926,None,,0,0,-1,1,0.0,433,174,0,0,None,,0,2,1.0,0.5,0,0.00,0,0.00,0,0.00,0.00,0,0,Amara,0.0,405,160,0,0,0,False,0.0,454,176,378,False,0.0,453,177,0,,None,39,742,244,p611926,0,0,None,0,,611926.jpg,0.0,457,176,0,0,241,False,0,0,Nallo,0.1,409,153,False,None,0,0,a,0,12,14,2024-02-27,0.0,401,164,0,11840,158,11488,752,0.0,0.0,Nallo,0
0,2001-02-03,0,0,True,True,None,None,0,0,0,219937,None,,0,0,-1,1,0.0,403,146,0,0,None,,0,2,1.0,0.5,0,0.00,0,0.00,0,0.00,0.00,0,0,Rhys,0.0,375,132,0,0,0,False,0.0,425,149,379,False,0.0,424,150,0,,None,39,711,215,p219937,0,0,None,0,,219937.jpg,0.0,428,149,0,0,241,False,0,0,Williams,0.2,365,131,False,None,0,0,a,0,12,14,2020-09-23,0.0,371,136,0,11274,398,14063,1006,0.0,0.0,R.Williams,0
0,2003-07-31,0,0,True,True,None,None,0,0,0,489580,None,,0,0,-1,1,0.0,413,155,0,0,None,,0,2,1.0,0.5,0,0.00,0,0.00,0,0.00,0.00,0,0,Calvin,0.0,385,141,0,0,0,False,0.0,435,158,380,False,0.0,434,159,0,,None,39,721,224,p489580,0,0,None,0,,489580.jpg,0.0,438,158,0,0,243,False,0,0,Ramsay,0.2,354,126,False,None,0,0,a,0,12,14,2022-06-19,0.0,381,145,0,12570,403,14409,1122,0.0,0.0,Ramsay,0
2,1992-06-15,2,107,True,True,None,None,2,0.29,4,118748,None,,-1,1,-1,1,186.4,12,12,28,4.0,4,,0,3,4.0,3.5,2,1.00,0.14,2.97,0.42,1.97,7.87,1.12,0.28,Mohamed,3.0,117,54,9,1.29,2,False,49.2,11,9,381,False,137.2,66,23,630,,None,144,2,1,p118748,0,0,1,0,,118748.jpg,4.9,43,15,24,0,63,False,0,0.0,Salah,36.7,4,2,False,None,7,1.0,a,0,12,14,2017-07-01,169.0,16,7,34,1134882,32254,2957065,640575,0.2,2.4,M.Salah,0
0,2003-05-03,0,63,True,True,None,None,2,0.37,5,494595,1,,-1,1,-4,4,165.9,19,18,34,6.36,None,,0,3,2.0,1.5,1,0.87,0.16,1.86,0.35,1.00,6.14,1.15,0.19,Florian,1.0,282,139,5,0.94,0,False,33.1,40,26,382,False,55.2,218,94,481,,None,81,14,9,p494595,0,0,None,0,,494595.jpg,1.9,277,130,21,0,80,False,0,0.0,Wirtz,8.6,47,16,False,None,5,0.94,a,8,12,14,2025-06-20,110.0,42,24,13,375231,14351,3014159,145767,0.1,1.6,Wirtz,1
0,1997-01-13,0,0,False,True,0,0,0,0,0,244731,None,,0,0,0,0,0.0,742,329,0,0,None,,0,3,0.0,0.0,0,0.00,0,0.00,0,0.00,0.00,0,0,Luis,0.0,739,328,0,0,0,False,0.0,742,329,383,False,0.0,742,329,0,Has joined Bayern Munch permanently.,2025-07-30T14:05:01.491481Z,80,15,10,p244731,0,0,None,0,,244731.jpg,0.0,742,329,0,0,48,False,0,0,Díaz Marulanda,0.0,574,214,False,None,0,0,u,0,12,14,2022-01-30,0.0,742,329,0,0,0,6961,97,0.0,0.0,Luis Díaz,0
2,1999-05-07,2,131,True,True,None,None,2,0.32,12,243298,None,,0,0,0,0,188.7,11,11,40,6.49,None,,0,3,4.3,3.8,7,1.34,0.22,2.64,0.43,1.30,5.76,0.93,0.21,Cody,3.3,99,48,8,1.3,2,False,52.6,7,6,384,False,155.6,43,15,555,,None,75,23,15,p243298,0,0,2,0,,243298.jpg,4.7,48,18,22,0,152,False,0,0.0,Gakpo,12.0,32,11,False,None,6,0.97,a,6,12,14,2023-01-01,181.0,10,4,33,1998547,115405,1573653,114825,0.4,4.4,Gakpo,0
0,1997-10-25,0,48,True,True,100,75,0,0.0,2,223541,None,,0,0,-1,1,4.6,344,182,3,4.29,None,,0,3,2.7,1.7,0,0.03,0.04,0.68,0.97,0.65,0.98,1.4,0.93,Federico,1.7,222,103,2,2.86,2,False,11.6,235,117,385,False,66.8,186,75,63,,2025-10-03T09:30:08.615318Z,64,64,44,p223541,0,0,None,0,,223541.jpg,2.8,177,75,0,0,106,False,0,0.0,Chiesa,0.3,297,102,False,None,0,0.0,a,1,12,14,2024-08-29,45.0,146,89,14,27682,2191,31798,4846,0.3,2.2,Chiesa,1
1,1998-12-24,0,85,True,True,100,100,1,0.23,8,243016,2,,0,0,-2,2,72.6,93,70,37,8.65,5,,0,3,3.0,2.5,2,0.21,0.05,0.46,0.11,0.25,4.92,1.15,0.06,Alexis,2.0,182,85,4,0.94,0,False,15.6,181,94,386,False,58.2,210,89,385,,2025-08-28T17:30:07.822110Z,63,72,49,p243016,0,0,3,0,,243016.jpg,2.5,215,96,22,0,10,False,0,0.0,Mac Allister,1.3,160,54,False,None,6,1.4,a,7,12,14,2023-06-14,25.0,212,122,15,64748,5779,155331,10847,0.3,2.4,Mac Allister,0
0,2000-10-25,4,135,True,True,None,None,2,0.29,27,424876,5,,0,0,0,0,163.8,21,19,79,11.29,2,,1,3,3.3,2.8,1,0.67,0.1,1.67,0.24,1.00,7.87,1.12,0.14,Dominik,2.3,150,71,9,1.29,1,False,39.4,21,16,387,False,141.4,63,22,630,,None,65,56,39,p424876,0,0,None,0,,424876.jpg,3.9,90,36,39,0,98,False,0,0.0,Szoboszlai,3.7,95,30,False,None,7,1.0,a,13,12,14,2023-07-02,88.0,60,36,27,424156,28044,300676,52200,0.4,4.2,Szoboszlai,2
1,2001-01-30,0,57,True,True,100,100,0,0.0,4,206915,None,,0,0,-1,1,53.3,133,92,24,9.6,None,,0,3,2.0,1.5,1,0.39,0.16,0.60,0.24,0.21,3.07,1.23,0.08,Curtis,1.0,271,131,5,2.0,0,False,9.5,263,132,388,False,37.0,268,121,225,,2025-09-12T10:00:06.921049Z,54,173,107,p206915,0,0,None,0,,206915.jpg,1.7,298,140,14,0,241,False,0,0.0,Jones,0.1,506,175,False,None,1,0.4,a,6,12,14,2018-04-06,5.0,327,172,10,4257,600,11152,679,0.2,1.9,C.Jones,0
2,2002-05-16,7,153,True,True,100,100,2,0.33,18,441266,None,,1,-1,2,-2,99.0,61,47,56,9.33,None,,1,3,9.3,8.8,2,0.37,0.06,0.77,0.13,0.40,6.17,1.03,0.07,Ryan,8.3,3,2,7,1.17,2,False,32.1,44,30,390,False,169.4,32,13,540,,2025-07-21T10:00:04.921035Z,57,125,82,p441266,0,0,None,0,,441266.jpg,6.2,11,4,28,0,152,False,0,0.0,Gravenberch,6.3,63,20,False,None,6,1.0,a,10,12,14,2023-09-01,52.0,121,75,37,832088,136125,162968,62812,1.5,6.5,Gravenberch,2
1,1993-02-09,0,20,True,True,25,None,0,0.0,3,158983,None,,0,0,-1,1,10.9,310,169,6,15.0,None,,0,3,0.3,0.8,1,0.00,0.0,0.00,0.0,0.00,1.71,4.28,0.0,Endo,0.3,351,168,3,7.5,0,False,3.9,349,170,392,False,28.8,294,134,36,Knock - 25% chance of playing,2025-10-13T09:30:08.494382Z,49,303,189,p158983,0,0,None,0,,158983.jpg,1.5,312,146,0,0,108,False,0,0.0,Wataru,0.1,472,161,False,None,0,0.0,d,3,12,14,2023-08-18,0.0,649,278,6,5022,332,10077,964,0.1,1.2,Endo,1
0,2004-10-22,0,0,True,True,0,0,0,0,0,535928,None,,0,0,-1,1,0.0,563,216,0,0,None,,0,3,0.0,0.0,0,0.00,0,0.00,0,0.00,0.00,0,0,Stefan,0.0,536,193,0,0,0,False,0.0,575,216,393,False,0.0,573,214,0,Hamstring injury - Unknown return date,2025-09-12T10:00:06.938334Z,44,568,316,p535928,0,0,None,0,,535928.jpg,0.0,579,219,0,0,200,False,0,0,Bajčetić Maquieira,0.0,592,231,False,None,0,0,i,0,12,14,2022-07-11,0.0,540,206,0,4505,39,6638,446,0.0,0.0,Bajcetic,0
0,None,0,0,False,True,0,0,0,0,0,491501,None,,0,0,-1,1,0.0,549,208,0,0,None,,0,3,0.0,0.0,0,0.00,0,0.00,0,0.00,0.00,0,0,James,0.0,523,185,0,0,0,False,0.0,562,208,394,False,0.0,560,206,0,has joined Ajax on loan for the rest of the season.,2025-09-22T21:23:24.738341Z,44,550,308,p491501,0,0,None,0,,491501.jpg,0.0,566,211,0,0,None,False,0,0,McConnell,0.0,631,259,False,None,0,0,u,0,12,14,None,0.0,526,198,0,1737,0,3352,278,0.0,0.0,McConnell,0
0,2002-10-31,0,0,False,True,0,0,0,0,0,440148,None,,0,0,0,0,0.0,598,236,0,0,None,,0,3,0.0,0.0,0,0.00,0,0.00,0,0.00,0.00,0,0,Tyler,0.0,569,214,0,0,0,False,0.0,607,236,395,False,0.0,605,234,0,Has joined Lyon permanently.,2025-08-11T01:13:11.403187Z,45,422,249,p440148,0,0,None,0,,440148.jpg,0.0,610,239,0,0,241,False,0,0,Morton,0.0,733,324,False,None,0,0,u,0,12,14,2021-07-22,0.0,577,227,0,0,0,320,12,0.0,0.0,Morton,0
0,2007-06-30,0,0,True,True,None,None,0,0,0,591386,None,,0,0,-1,1,0.0,575,223,0,0,None,,0,3,1.0,0.5,0,0.00,0,0.00,0,0.00,0.00,0,0,Trey,0.0,547,200,0,0,0,False,0.0,586,223,396,False,0.0,584,221,0,,None,44,581,324,p591386,0,0,None,0,,591386.jpg,0.0,590,226,0,0,241,False,0,0,Nyoni,0.2,366,124,False,None,0,0,a,0,12,14,2023-11-11,0.0,551,213,0,27476,673,22120,1799,0.0,0.0,Nyoni,0
0,1999-06-24,0,0,False,True,0,0,0,0,0,447203,None,,0,0,0,0,0.0,736,79,0,0,None,,0,4,0.0,0.0,0,0.00,0,0.00,0,0.00,0.00,0,0,Darwin,0.0,731,77,0,0,0,False,0.0,736,79,397,False,0.0,736,79,0,Has joined Al-Hilal permanently.,2025-08-11T11:06:59.061616Z,65,58,18,p447203,0,0,None,0,,447203.jpg,0.0,736,79,0,0,230,False,0,0,Núñez Ribeiro,0.1,521,69,False,None,0,0,u,0,12,14,2022-06-14,0.0,736,79,0,0,0,15360,148,0.0,0.0,Darwin,0
0,2006-01-16,0,0,True,True,0,None,0,0,0,500058,None,,0,0,-1,1,0.0,554,51,0,0,None,,0,4,0.0,0.5,0,0.00,0,0.00,0,0.00,0.00,0,0,Jayden,0.0,528,48,0,0,0,False,0.0,567,53,398,False,0.0,565,53,0,Hamstring injury - Unknown return date,2025-10-17T01:00:10.583515Z,44,556,72,p500058,0,0,None,0,,500058.jpg,0.0,571,53,0,0,241,False,0,0,Danns,0.1,407,59,False,None,0,0,i,0,12,14,2024-02-20,0.0,531,51,0,7173,697,12950,1189,0.0,0.0,Danns,0
1,1999-09-21,0,15,True,True,100,100,0,0.0,0,219168,None,,0,0,1,-1,19.4,261,24,9,4.53,3,,0,4,3.7,3.2,5,0.02,0.01,0.63,0.32,0.61,2.58,1.3,0.31,Alexander,2.7,132,14,2,1.01,0,False,5.7,316,34,499,False,19.2,334,29,179,,2025-08-15T11:30:07.344023Z,106,3,2,p219168,0,0,2,0,,219168.jpg,2.7,192,19,7,0,206,False,0,0.0,Isak,10.5,39,8,False,None,2,1.01,a,2,12,14,2025-09-01,25.0,214,36,8,1646702,75208,1406320,142592,0.3,0.8,Isak,0
1,2002-06-20,7,123,True,True,100,75,2,0.47,11,510663,None,,0,0,2,-2,52.5,134,12,26,6.14,None,,0,4,4.0,2.6,1,0.22,0.05,2.13,0.5,1.91,4.28,1.01,0.45,Hugo,3.0,116,13,4,0.94,3,False,30.3,56,10,661,False,151.4,50,5,381,,2025-10-01T00:30:06.331343Z,87,9,5,p510663,0,0,None,0,,510663.jpg,5.5,28,4,11,0,73,False,0,0.0,Ekitiké,16.6,20,4,False,None,5,1.18,a,4,12,14,2025-07-23,100.0,50,19,33,2503610,95308,2736875,238225,0.3,3.8,Ekitiké,0
0,2008-08-29,0,35,True,True,None,None,0,0.0,0,611922,None,,0,0,0,0,11.9,302,167,1,9.0,None,,0,3,1.3,0.8,0,0.10,0.9,0.47,4.23,0.37,0.56,5.04,3.33,Rio,0.3,344,162,1,9.0,1,False,7.4,294,144,686,False,38.2,263,118,10,,None,45,485,291,p611922,0,0,None,0,,611922.jpg,2.7,184,76,0,0,241,False,0,0.0,Ngumoha,0.6,221,74,False,None,0,0.0,a,1,12,14,2024-12-17,23.0,221,125,8,114372,5156,62156,9079,0.1,1.8,Ngumoha,0
0,2006-12-21,0,0,True,True,0,0,0,0,0,647681,None,,-1,1,-1,1,0.0,687,239,0,0,None,,0,2,0.0,0.0,0,0.00,0,0.00,0,0.00,0.00,0,0,Giovanni,0.0,667,233,0,0,0,False,0.0,693,239,692,False,0.0,692,239,0,Knee injury - Expected back 01 Sep,2025-09-24T06:00:06.281394Z,49,361,61,p647681,0,0,None,0,,647681.jpg,0.0,692,239,0,0,106,False,0,0,Leoni,0.0,675,229,False,None,0,0,i,0,12,14,2025-08-15,0.0,674,237,0,1448,30,1906,142,0.0,0.0,Leoni,0
0,2002-10-10,0,62,True,True,None,None,1,0.33,6,432720,None,,0,0,-2,2,0.0,660,78,0,0.0,None,,0,1,0.5,0.5,0,0.00,0.0,0.00,0.0,0.00,3.97,1.32,0.0,James,0.0,633,83,4,1.33,0,False,10.1,253,16,182,False,100.2,115,16,270,,None,48,374,18,p432720,0,0,None,0,,432720.jpg,3.7,99,11,33,0,241,False,11,3.67,Trafford,1.3,159,22,False,None,3,1.0,a,2,13,43,2025-07-29,0.0,641,71,11,95903,702,225377,11458,0.0,2.3,Trafford,0
0,1993-08-17,0,0,False,True,0,0,0,0,0,121160,None,,0,0,-2,2,0.0,708,84,0,0,None,,0,1,0.0,0.0,0,0.00,0,0.00,0,0.00,0.00,0,0,Ederson,0.0,689,86,0,0,0,False,0.0,710,86,399,False,0.0,709,86,0,has joined Fenerbache permanently.,2025-09-02T13:32:35.715838Z,53,199,5,p121160,0,0,None,0,,121160.jpg,0.0,710,86,0,0,30,False,0,0,Santana de Moraes,1.0,178,25,False,None,0,0,u,0,13,43,2017-07-01,0.0,702,82,0,15200,0,252810,7147,0.0,0.0,Ederson M.,0
0,1992-11-06,0,0,True,True,None,None,0,0,0,88248,None,,0,0,-2,2,0.0,654,76,0,0,None,,0,1,0.5,0.5,0,0.00,0,0.00,0,0.00,0.00,0,0,Stefan,0.0,627,81,0,0,0,False,0.0,663,83,400,False,0.0,661,83,0,,None,48,363,16,p88248,0,0,None,0,,88248.jpg,0.0,663,83,0,0,80,False,0,0,Ortega Moreno,0.2,373,58,False,None,0,0,a,0,13,43,2022-07-01,0.0,635,69,0,1797,109,14479,790,0.0,0.0,Ortega Moreno,0
0,1992-05-24,0,0,True,True,100,100,0,0,0,122074,None,,0,0,0,0,0.0,449,29,0,0,None,,0,1,0.5,0.5,0,0.00,0,0.00,0,0.00,0.00,0,0,Marcus,0.0,419,39,0,0,0,False,0.0,468,44,401,False,0.0,467,44,0,,2025-08-22T12:00:07.134628Z,40,624,52,p122074,0,0,None,0,,122074.jpg,0.0,471,44,0,0,241,False,0,0,Bettinelli,0.1,443,69,False,None,0,0,a,0,13,43,2025-06-10,0.0,417,18,0,1917,160,8758,528,0.0,0.0,Bettinelli,0
0,2001-06-06,1,34,True,True,75,0,1,0.45,14,448514,None,,0,0,-2,2,26.7,227,67,23,10.25,None,,0,2,0.4,0.0,0,0.48,0.21,0.52,0.23,0.04,2.94,1.31,0.02,Rayan,0.0,720,243,2,0.89,0,False,7.6,292,96,402,False,43.0,252,96,202,Lack of match fitness - 75% chance of playing,2025-10-17T13:00:10.922539Z,58,115,9,p448514,0,0,None,0,,448514.jpg,3.3,125,51,8,0,3,False,0,0.0,Aït-Nouri,5.4,69,24,False,None,3,1.34,d,9,13,43,2025-06-09,7.0,311,106,10,481009,650,2166643,65391,0.0,1.7,Aït-Nouri,1
1,2002-01-23,3,93,True,True,100,100,2,0.53,27,477424,None,,1,-1,-1,1,40.0,176,44,30,7.96,None,,1,2,6.5,6.5,12,0.23,0.06,0.33,0.09,0.10,3.71,0.98,0.03,Joško,6.0,16,7,2,0.53,0,False,16.7,170,57,403,False,106.4,103,49,339,,2025-08-15T14:00:07.606174Z,59,107,6,p477424,0,0,None,0,,477424.jpg,6.0,16,9,10,0,97,False,0,0.0,Gvardiol,6.0,65,21,False,None,4,1.06,a,3,13,43,2023-08-05,21.0,231,66,24,427088,106177,880385,21669,1.0,4.1,Gvardiol,0
0,1995-07-19,0,0,False,True,0,0,0,0,0,211975,None,,0,0,-1,1,0.0,714,243,0,0,None,,0,2,0.0,0.0,0,0.00,0,0.00,0,0.00,0.00,0,0,Manuel,0.0,701,239,0,0,0,False,0.0,716,243,404,False,0.0,715,243,0,has joined Inter Milan on loan for the rest of the season.,2025-09-02T13:32:35.738667Z,54,174,21,p211975,0,0,None,0,,211975.jpg,0.0,716,243,0,0,207,False,0,0,Akanji,0.3,303,107,False,None,0,0,u,0,13,43,2022-09-01,0.0,710,241,0,9281,0,79975,2039,0.0,0.0,Akanji,0
0,1995-02-18,0,16,True,True,None,None,0,0.0,6,126184,None,,0,0,-1,1,21.1,249,81,7,5.68,None,,0,2,1.2,1.2,0,0.15,0.12,0.34,0.27,0.19,1.35,1.09,0.15,Nathan,0.7,312,105,3,2.43,0,False,5.0,328,109,405,False,19.6,333,123,111,,None,54,167,19,p126184,0,0,None,0,,126184.jpg,1.0,393,134,2,0,152,False,0,0.0,Aké,0.7,212,80,False,None,0,0.0,a,1,13,43,2020-08-05,9.0,296,100,4,21560,1628,49896,4237,0.1,0.7,Aké,0
0,2004-02-29,0,46,True,True,25,0,1,0.4,15,578153,None,,0,0,-1,1,5.2,341,116,22,8.72,None,,0,2,0.2,0.0,0,0.02,0.01,0.02,0.01,0.00,3.13,1.24,0.0,Abdukodir,0.3,358,125,1,0.4,0,False,4.8,335,112,406,False,42.4,254,97,227,Ankle injury - 25% chance of playing,2025-09-21T22:30:06.201489Z,54,198,27,p578153,0,0,None,0,,578153.jpg,2.8,173,67,9,0,231,False,0,0.0,Khusanov,0.3,310,111,False,None,3,1.19,d,7,13,43,2025-01-20,0.0,719,245,11,23532,171,45627,3937,0.1,2.0,Khusanov,1
1,1998-08-27,1,76,True,True,None,None,1,0.27,22,465351,None,,0,0,-2,2,28.4,215,63,25,6.76,None,,1,2,6.5,6.5,5,0.09,0.02,0.27,0.07,0.18,3.25,0.88,0.05,Matheus,6.0,14,6,3,0.81,1,False,14.2,201,69,407,False,92.4,133,60,333,,None,53,214,29,p465351,0,0,4,0,,465351.jpg,4.2,68,31,16,0,173,False,0,0.0,Nunes,0.5,231,86,False,None,3,0.81,a,3,13,43,2023-09-01,22.0,224,63,21,41592,11425,40190,3408,1.1,4.0,Matheus N.,1
0,1997-05-14,1,105,True,True,None,None,3,0.5,38,171314,None,,0,0,0,0,16.7,273,90,42,6.94,None,,0,2,4.8,4.8,9,0.16,0.03,0.16,0.03,0.00,6.49,1.07,0.0,Rúben,4.3,54,21,5,0.83,0,False,13.1,211,75,408,False,112.0,94,44,545,,None,55,140,16,p171314,0,0,None,0,,171314.jpg,3.9,87,36,16,0,173,False,0,0.0,dos Santos Gato Alves Dias,4.4,79,30,False,None,6,0.99,a,4,13,43,2020-09-29,2.0,358,128,27,255767,27423,217443,17241,0.8,4.9,Rúben,0
0,1994-05-28,0,43,True,True,100,100,1,0.34,14,97299,None,,0,0,0,0,5.8,336,114,14,4.77,None,,0,2,0.8,0.8,0,0.04,0.01,0.04,0.01,0.00,4.04,1.38,0.0,John,0.3,359,126,5,1.7,0,False,6.2,309,103,409,False,53.8,222,87,264,,2025-09-12T13:00:10.101362Z,55,136,15,p97299,0,0,None,0,,97299.jpg,2.2,239,84,13,0,241,False,0,0.0,Stones,0.8,192,72,False,None,3,1.02,a,0,13,43,2016-08-09,2.0,357,127,9,41128,1868,73737,4393,0.1,1.6,Stones,0
1,2004-11-21,2,47,True,True,100,100,1,0.54,9,477064,None,,0,0,0,0,28.5,214,62,12,6.47,None,,1,2,0.8,0.8,0,0.67,0.36,0.69,0.37,0.02,2.57,1.39,0.01,Rico,0.3,355,124,3,1.62,0,False,9.0,267,92,410,False,46.8,242,93,167,,2025-09-05T10:00:06.653551Z,50,275,44,p477064,0,0,None,0,,477064.jpg,3.5,107,44,4,0,241,False,0,0.0,Lewis,2.0,134,49,False,None,2,1.08,a,3,13,43,2022-07-16,15.0,262,81,14,347698,1521,344585,23710,0.1,2.8,Lewis,0
0,2005-03-21,0,83,True,True,100,100,3,0.69,17,472769,None,,0,0,-1,1,72.2,95,20,34,7.85,None,,0,2,4.8,4.8,5,0.24,0.06,0.32,0.08,0.08,4.99,1.15,0.02,Nico,4.3,48,18,2,0.46,0,False,18.2,151,48,411,False,91.6,134,61,390,,2025-09-05T10:00:06.671127Z,49,344,59,p472769,0,0,None,0,,472769.jpg,3.3,118,49,19,0,241,False,0,0.0,O'Reilly,0.7,196,74,False,None,4,0.92,a,17,13,43,2022-12-16,19.0,240,70,20,89597,14164,28825,5332,0.9,4.1,O’Reilly,2
0,2006-01-12,0,0,False,True,0,0,0,0,0,616222,None,,0,0,0,0,0.0,704,241,0,0,None,,0,2,0.0,0.0,0,0.00,0,0.00,0,0.00,0.00,0,0,Vitor,0.0,684,235,0,0,0,False,0.0,707,241,412,False,0.0,706,241,0,Has joined Girona on loan for the rest of the season.,2025-08-11T01:23:23.836966Z,50,294,48,p616222,0,0,None,0,,616222.jpg,0.0,707,241,0,0,30,False,0,0,de Oliveira Nunes dos Reis,0.0,718,241,False,None,0,0,u,0,13,43,2025-01-21,0.0,696,239,0,0,0,808,13,0.0,0.0,Vitor Reis,0
1,1999-02-07,2,37,True,True,75,0,0,0.0,3,438234,2,,0,0,-2,2,36.1,188,124,13,7.91,1,,0,3,0.4,0.0,0,0.45,0.27,1.27,0.77,0.82,1.90,1.16,0.5,Omar,0.0,740,329,3,1.82,0,False,13.3,209,103,413,False,38.2,264,119,148,Lack of match fitness - 75% chance of playing,2025-10-17T13:00:10.956609Z,83,11,6,p438234,0,0,2,0,,438234.jpg,3.0,160,68,7,0,63,False,0,0.0,Marmoush,2.6,114,41,False,None,2,1.22,d,3,13,43,2025-01-23,58.0,106,66,9,163987,1340,1149264,20224,0.0,1.1,Marmoush,0
0,2000-05-28,2,84,True,True,100,100,3,0.77,7,209244,3,,0,0,1,-1,128.5,37,32,37,9.46,3,,1,3,2.8,2.8,3,0.44,0.11,1.18,0.3,0.74,3.83,0.98,0.19,Phil,2.3,154,75,1,0.26,1,False,27.0,75,45,414,False,76.8,161,61,352,,2025-08-10T23:00:06.538510Z,81,12,7,p209244,0,0,None,0,,209244.jpg,4.0,82,32,25,0,241,False,0,0.0,Foden,6.2,64,21,False,None,4,1.02,a,5,13,43,2016-12-05,65.0,88,53,20,786522,64843,314041,78973,0.3,2.5,Foden,1
0,2004-04-10,0,23,True,True,100,100,1,0.54,2,510281,None,,0,0,-1,1,15.6,283,160,11,5.93,None,,0,3,2.5,2.5,3,0.10,0.05,0.17,0.09,0.07,2.77,1.49,0.04,Sávio,2.0,184,87,2,1.08,0,False,7.3,296,145,415,False,6.4,381,177,167,,2025-08-15T14:00:07.649098Z,69,45,29,p510281,0,0,None,0,,510281.jpg,1.8,291,136,9,0,30,False,0,0.0,Moreira de Oliveira,0.4,255,86,False,None,2,1.08,a,0,13,43,2024-07-18,53.0,118,73,7,11094,2869,81501,2370,0.3,1.0,Savinho,0
1,1994-08-10,0,68,True,True,None,None,2,0.49,11,165809,1,,-1,1,-2,2,119.2,45,35,39,9.49,None,,0,3,1.5,1.5,1,1.07,0.26,1.17,0.28,0.10,4.41,1.07,0.02,Bernardo,1.0,279,136,2,0.49,0,False,20.2,131,70,416,False,63.2,189,77,370,,None,63,70,48,p165809,0,0,None,0,,165809.jpg,2.1,251,118,21,0,173,False,0,0.0,Mota Veiga de Carvalho e Silva,0.6,223,75,False,None,4,0.97,a,7,13,43,2017-07-01,20.0,236,131,15,35995,3140,72052,6821,0.2,2.4,Bernardo,1
0,2003-08-17,0,32,True,True,100,0,0,0.0,2,466052,None,,0,0,-2,2,28.3,217,135,9,11.57,None,,0,3,0.5,0.0,0,0.47,0.6,0.53,0.68,0.06,0.83,1.07,0.08,Rayan,0.0,727,324,2,2.57,1,False,9.4,264,133,417,False,50.2,231,99,70,,2025-09-01T10:30:08.352331Z,63,74,51,p466052,0,0,None,0,,466052.jpg,3.5,109,43,3,0,73,False,0,0.0,Cherki,2.0,133,48,False,None,1,1.29,a,4,13,43,2025-06-10,15.0,265,144,7,178754,3156,910750,11755,0.0,1.1,Cherki,0
4,2002-05-27,3,96,True,True,None,None,3,0.7,1,248875,None,,0,0,1,-1,162.7,22,20,19,4.44,None,,0,3,5.2,5.2,1,1.33,0.31,1.92,0.45,0.59,3.54,0.83,0.14,Jérémy,4.7,44,22,2,0.47,0,False,39.2,23,17,418,False,106.6,102,30,385,,None,66,51,34,p248875,0,0,3,0,,248875.jpg,4.1,75,27,13,0,21,False,0,0.0,Doku,7.8,52,17,False,None,4,0.94,a,5,13,43,2023-08-24,124.0,34,17,29,988745,126779,241859,92465,0.7,4.4,Doku,0
0,1990-10-24,0,0,False,True,0,0,0,0,0,59859,4,,0,0,-2,2,0.0,732,325,0,0,4,,0,3,0.0,0.0,0,0.00,0,0.00,0,0.00,0.00,0,0,İlkay,0.0,726,323,0,0,0,False,0.0,732,325,420,False,0.0,732,325,0,has joined Galatasaray permanently.,2025-09-05T08:55:41.702765Z,63,69,47,p59859,0,0,None,0,,59859.jpg,0.0,732,325,0,0,80,False,0,0,Gündoğan,0.1,514,181,False,None,0,0,u,0,13,43,2024-08-23,0.0,732,325,0,1928,0,18789,430,0.0,0.0,Gündoğan,0
0,1996-06-22,0,55,True,True,25,100,1,0.31,12,220566,None,,0,0,-1,1,50.4,140,96,40,12.37,None,,0,3,0.6,2.2,1,0.22,0.07,0.36,0.11,0.14,3.76,1.16,0.04,Rodrigo 'Rodri',1.7,221,102,3,0.93,0,False,11.9,230,114,421,False,50.0,234,101,291,Muscle injury - 25% chance of playing,2025-10-06T07:30:08.100413Z,64,63,43,p220566,0,0,None,0,,220566.jpg,2.2,243,116,22,0,200,False,0,0.0,Hernandez Cascante,0.6,228,78,False,None,4,1.24,d,6,13,43,2019-07-04,19.0,242,134,11,39561,1353,69296,10290,0.3,1.7,Rodrigo,0
0,1994-05-06,0,0,True,True,100,100,0,0,0,91651,None,,0,0,-1,1,0.0,729,322,0,0,None,,0,3,0.5,0.5,0,0.00,0,0.00,0,0.00,0.00,0,0,Mateo,0.0,721,319,0,0,0,False,0.0,729,322,422,False,0.0,729,322,0,,2025-07-21T10:00:04.940328Z,59,93,61,p91651,0,0,None,0,,91651.jpg,0.0,729,322,0,0,97,False,0,0,Kovačić,0.0,644,267,False,None,0,0,a,0,13,43,2023-06-27,0.0,729,322,0,1360,615,1197,282,0.0,0.0,Kovačić,0
0,2002-01-03,0,91,True,True,None,None,2,0.51,17,465694,None,,0,0,-1,1,47.8,147,100,44,11.31,None,,0,3,2.5,2.5,3,0.32,0.08,0.42,0.11,0.10,4.10,1.05,0.03,Nico,2.0,181,84,4,1.03,0,False,13.6,207,102,423,False,77.6,159,59,350,,None,59,105,72,p465694,0,0,None,0,,465694.jpg,1.8,288,134,16,0,200,False,0,0.0,González Iglesias,0.1,487,166,False,None,3,0.77,a,11,13,43,2025-02-03,12.0,281,151,11,7092,509,9755,752,0.3,1.9,N.Gonzalez,1
1,2003-07-12,0,69,True,True,None,None,2,0.5,1,477555,None,,0,0,0,0,126.6,38,33,21,5.25,None,,0,3,1.8,1.8,3,0.77,0.19,1.10,0.27,0.33,4.41,1.1,0.08,Oscar,1.3,240,112,4,1.0,0,False,24.7,88,50,424,False,56.6,214,91,360,,None,55,151,96,p477555,0,0,None,0,,477555.jpg,2.5,213,94,15,0,161,False,0,0.0,Bobb,0.3,299,103,False,None,4,1.0,a,5,13,43,2022-01-06,63.0,96,58,15,76184,1819,71819,4189,0.2,2.7,Bobb,0
0,2006-01-02,0,0,False,True,0,0,0,0,0,575204,None,,0,0,-1,1,0.0,721,317,0,0,2,,0,3,0.0,0.0,0,0.00,0,0.00,0,0.00,0.00,0,0,Claudio,0.0,710,311,0,0,0,False,0.0,723,317,425,False,0.0,722,316,0,Has joined Bayer Leverkusen on loan for the rest of the season.,2025-08-21T14:03:07.217793Z,54,196,124,p575204,0,0,None,0,,575204.jpg,0.0,723,317,0,0,10,False,0,0,Echeverri,0.0,691,297,False,None,0,0,u,0,13,43,2024-01-25,0.0,717,317,0,194,0,3089,45,0.0,0.0,Echeverri,0
2,1998-07-29,2,125,True,True,None,None,3,0.44,14,433036,None,,0,0,3,-3,131.5,35,30,41,6.08,None,,1,3,5.2,5.2,3,0.48,0.07,1.47,0.22,0.99,7.56,1.12,0.15,Tijjani,4.7,42,21,6,0.89,1,False,37.9,25,18,427,False,127.6,78,25,607,,None,58,113,77,p433036,0,0,None,0,,433036.jpg,4.4,59,21,22,0,152,False,0,0.0,Reijnders,32.5,8,4,False,None,7,1.04,a,5,13,43,2025-06-10,119.0,37,20,31,2989534,102971,1600686,222392,0.8,5.3,Reijnders,1
0,2006-12-19,0,0,False,True,0,0,0,0,0,566164,None,,0,0,0,0,0.0,702,307,0,0,None,,0,3,0.0,0.0,0,0.00,0,0.00,0,0.00,0.00,0,0,Sverre,0.0,682,293,0,0,0,False,0.0,705,307,428,False,0.0,704,306,0,Has joined Middlesbrough on loan for the rest of the season.,2025-08-19T13:38:08.307876Z,50,291,180,p566164,0,0,None,0,,566164.jpg,0.0,705,307,0,0,161,False,0,0,Nypan,0.0,682,291,False,None,0,0,u,0,13,43,2025-07-17,0.0,694,305,0,73,0,2305,36,0.0,0.0,Nypan,0
0,1995-12-02,0,0,True,True,None,None,0,0,0,155405,None,,0,0,-1,1,0.0,666,284,0,0,None,,0,3,0.5,0.5,0,0.00,0,0.00,0,0.00,0.00,0,0,Kalvin,0.0,640,265,0,0,0,False,0.0,672,284,429,False,0.0,671,283,0,,None,49,301,187,p155405,0,0,None,0,,155405.jpg,0.0,671,283,0,0,241,False,0,0,Phillips,0.1,535,194,False,None,0,0,a,0,13,43,2022-07-04,0.0,647,276,0,2283,236,5164,416,0.0,0.0,Phillips,0
1,2000-07-21,17,283,True,True,100,100,4,0.61,13,223094,None,,1,-1,5,-5,55.1,129,11,26,3.95,5,,3,4,11.5,11.5,8,0.57,0.09,8.21,1.25,7.64,7.19,1.09,1.16,Erling,11.0,1,1,5,0.76,9,False,76.8,1,1,430,True,324.8,1,1,593,,2025-09-24T06:00:06.159318Z,145,1,1,p223094,0,0,1,0,,223094.jpg,10.0,1,1,12,0,161,False,0,0.0,Haaland,63.2,1,1,False,None,7,1.06,a,1,13,43,2022-07-01,387.0,1,1,70,4872871,615941,627336,8244,0.8,4.8,Haaland,0
0,1999-02-25,0,61,True,True,None,None,2,0.5,8,204936,None,,1,-1,2,-2,0.0,727,86,0,0.0,None,,0,1,3.5,3.5,6,0.00,0.0,0.00,0.0,0.00,3.71,0.93,0.0,Gianluigi,3.0,111,7,2,0.5,0,False,4.9,333,23,736,False,48.8,238,22,360,,None,57,122,2,p204936,0,0,None,0,,204936.jpg,3.8,94,10,20,0,106,False,6,1.5,Donnarumma,9.6,44,8,False,None,4,1.0,a,0,13,43,2025-09-01,0.0,727,86,15,1128788,146776,171379,33506,0.5,2.6,Donnarumma,1
0,2007-08-22,0,0,True,True,None,None,0,0,0,590039,None,,0,0,0,0,0.0,641,269,0,0,None,,0,3,0.5,0.5,0,0.00,0,0.00,0,0.00,0.00,0,0,Divine,0.0,612,247,0,0,0,False,0.0,649,269,739,False,0.0,647,267,0,,None,45,476,284,p590039,0,0,None,0,,590039.jpg,0.0,652,272,0,0,241,False,0,0,Mukasa,0.0,670,284,False,None,0,0,a,0,13,43,2025-08-07,0.0,620,260,0,1799,222,867,256,0.0,0.0,Mukasa,0
0,2008-02-12,0,0,True,True,None,None,0,0,0,566213,None,,0,0,0,0,0.0,504,203,0,0,None,,0,2,0.5,0.5,0,0.00,0,0.00,0,0.00,0.00,0,0,Stephen,0.0,476,191,0,0,0,False,0.0,522,204,740,False,0.0,520,204,0,,None,40,691,199,p566213,0,0,None,0,,566213.jpg,0.0,525,204,0,0,241,False,0,0,Mfuni,0.0,646,220,False,None,0,0,a,0,13,43,2024-07-23,0.0,472,193,0,1380,248,675,236,0.0,0.0,Mfuni,0
0,2008-06-24,0,0,True,True,None,None,0,0,0,616288,None,,0,0,0,0,0.0,649,276,0,0,None,,0,3,0.5,0.5,0,0.00,0,0.00,0,0.00,0.00,0,0,Ryan,0.0,621,255,0,0,0,False,0.0,657,276,742,False,0.0,655,274,0,,None,45,487,293,p616288,0,0,None,0,,616288.jpg,0.0,658,277,0,0,241,False,0,0,McAidoo,0.0,717,314,False,None,0,0,a,0,13,43,2025-09-26,0.0,628,267,0,418,198,100,69,0.0,0.0,McAidoo,0
1,1999-08-07,3,100,True,True,None,None,2,0.3,2,446008,2,,0,0,1,-1,237.2,2,2,18,2.72,2,,0,3,2.7,4.2,6,1.48,0.22,3.43,0.51,1.95,9.36,1.42,0.29,Bryan,3.7,87,43,10,1.51,1,False,53.8,6,5,119,False,102.2,109,33,595,,None,81,13,8,p446008,0,0,None,0,,446008.jpg,3.9,91,37,14,0,38,False,0,0.0,Mbeumo,13.6,27,10,False,None,7,1.06,a,2,14,1,2025-07-21,199.0,7,3,27,1261067,46410,1273141,170170,0.5,3.3,Mbeumo,0
0,1998-04-14,0,49,True,True,None,None,0,0.0,7,451302,None,,-1,1,-1,1,10.0,319,6,0,0.0,None,,0,1,0.3,1.8,0,0.05,0.01,0.05,0.01,0.00,9.24,1.54,0.0,Altay,1.3,233,18,11,1.83,0,False,12.8,219,13,431,False,118.4,84,13,540,,None,49,338,15,p451302,0,0,None,0,,451302.jpg,1.8,284,25,39,0,219,False,13,2.17,Bayındır,0.4,265,36,False,None,6,1.0,a,0,14,1,2023-09-01,0.0,665,75,11,28948,573,40827,6485,0.3,2.2,Bayindir,0
0,1996-04-02,0,0,False,True,0,0,0,0,0,202641,None,,0,0,-1,1,0.0,669,80,0,0,None,,0,1,0.0,0.0,0,0.00,0,0.00,0,0.00,0.00,0,0,André,0.0,646,84,0,0,0,False,0.0,675,85,432,False,0.0,674,85,0,has joined Trabzonspor on loan for the rest of the season.,2025-09-12T15:53:11.993916Z,49,311,13,p202641,0,0,None,0,,202641.jpg,0.0,674,85,0,0,38,False,0,0,Onana,0.2,377,59,False,None,0,0,u,0,14,1,2023-07-20,0.0,653,73,0,5156,0,23609,1008,0.0,0.0,Onana,0
0,None,0,0,False,True,0,0,0,0,0,588555,None,,0,0,0,0,0.0,510,59,0,0,None,,0,1,0.0,0.0,0,0.00,0,0.00,0,0.00,0.00,0,0,Elyh,0.0,482,69,0,0,0,False,0.0,528,74,433,False,0.0,526,74,0,On loan to Shrewsbury Town,2025-07-23T18:48:43.383466Z,40,697,82,p588555,0,0,None,0,,588555.jpg,0.0,530,74,0,0,None,False,0,0,Harrison,0.0,736,86,False,None,0,0,u,0,14,1,None,0.0,478,48,0,0,0,207,10,0.0,0.0,Harrison,0
0,1986-04-15,0,0,True,True,None,None,0,0,0,21205,None,,0,0,0,0,0.0,435,16,0,0,None,,0,1,-1.0,0.5,0,0.00,0,0.00,0,0.00,0.00,0,0,Tom,0.0,407,28,0,0,0,False,0.0,456,33,434,False,0.0,455,33,0,,None,40,610,39,p21205,0,0,None,0,,21205.jpg,0.0,459,33,0,0,241,False,0,0,Heaton,0.3,324,47,False,None,0,0,a,0,14,1,2021-07-02,0.0,403,5,0,5276,241,11421,1128,0.0,0.0,Heaton,0
0,2002-11-20,0,0,True,True,None,None,0,0,0,461537,None,,0,0,0,0,0.0,472,40,0,0,None,,0,1,-1.0,0.5,0,0.00,0,0.00,0,0.00,0.00,0,0,Dermot,0.0,442,50,0,0,0,False,0.0,490,55,435,False,0.0,488,55,0,,None,40,651,63,p461537,0,0,None,0,,461537.jpg,0.0,493,55,0,0,242,False,0,0,Mee,0.1,466,73,False,None,0,0,a,0,14,1,2023-07-24,0.0,439,29,0,1762,129,4157,419,0.0,0.0,Mee,0
0,1999-08-12,5,108,True,True,None,None,1,0.14,47,209365,None,,0,0,0,0,41.9,164,40,62,8.86,None,,0,2,3.3,4.8,8,0.45,0.06,0.91,0.13,0.46,9.95,1.42,0.07,Matthijs,4.3,49,19,11,1.57,0,False,22.7,112,35,436,False,148.8,54,24,630,,None,50,255,39,p209365,0,0,None,0,,209365.jpg,3.7,100,42,23,0,152,False,0,0.0,de Ligt,2.7,110,41,False,None,7,1.0,a,15,14,1,2024-08-13,37.0,168,38,26,207250,11662,201195,18785,0.9,5.2,De Ligt,0
0,1998-01-18,0,0,True,True,0,0,0,0,0,221820,None,,0,0,-1,1,0.0,672,238,0,0,None,,0,2,0.0,0.0,0,0.00,0,0.00,0,0.00,0.00,0,0,Lisandro,0.0,650,232,0,0,0,False,0.0,678,238,437,False,0.0,677,238,0,Knee injury - Unknown return date,2025-08-10T23:00:06.577034Z,49,322,54,p221820,0,0,None,0,,221820.jpg,0.0,677,238,0,0,10,False,0,0,Martínez,0.1,508,188,False,None,0,0,i,0,14,1,2022-07-17,0.0,657,236,0,640,65,13000,345,0.0,0.0,Martinez,0
0,1997-11-14,1,40,True,True,50,0,1,0.69,4,230001,None,,0,0,-1,1,14.2,289,96,12,8.31,None,,0,2,0.6,0.0,0,0.13,0.09,0.13,0.09,0.00,1.59,1.1,0.0,Noussair,2.3,138,51,2,1.38,0,False,4.9,331,111,438,False,31.2,287,108,130,Knock - 50% chance of playing,2025-09-26T15:00:08.532805Z,49,325,56,p230001,0,0,None,0,,230001.jpg,3.0,149,61,11,0,145,False,0,0.0,Mazraoui,0.2,374,136,False,None,2,1.38,d,8,14,1,2024-08-13,4.0,335,119,9,13158,68,32579,2715,0.5,1.8,Mazraoui,0
0,2007-04-03,0,0,True,True,None,None,0,0,0,661712,None,,0,0,-2,2,0.0,524,215,0,0,None,,0,2,-1.0,0.5,0,0.00,0,0.00,0,0.00,0.00,0,0,Diego,0.0,495,204,0,0,0,False,0.0,540,216,439,False,0.0,538,216,0,,None,43,607,157,p661712,0,0,None,0,,661712.jpg,0.0,542,215,0,0,168,False,0,0,León Blanco,0.1,554,201,False,None,0,0,a,0,14,1,2025-07-05,0.0,496,209,0,1792,139,5525,434,0.0,0.0,D.Leon,0
2,1999-03-18,0,46,True,True,100,100,1,0.27,12,216051,None,,0,0,-1,1,95.2,64,13,17,4.57,None,,0,2,2.3,3.8,9,0.77,0.21,0.83,0.23,0.06,5.48,1.47,0.02,Diogo,3.3,90,32,7,1.88,0,False,18.0,156,51,440,False,59.4,203,82,335,,2025-09-05T10:00:06.729240Z,44,517,124,p216051,0,0,None,0,,216051.jpg,3.2,130,53,9,0,173,False,0,0.0,Dalot Teixeira,0.9,185,69,False,None,4,1.07,a,5,14,1,2018-06-08,26.0,201,50,16,29760,3228,166306,4441,0.7,3.6,Dalot,0
1,2004-10-26,0,44,True,True,None,None,0,0.0,16,596777,None,,-1,1,-1,1,94.2,66,14,31,5.94,None,,0,2,1.0,2.5,1,0.56,0.11,0.80,0.16,0.24,8.28,1.59,0.05,Patrick,2.0,160,58,8,1.53,0,False,23.4,103,29,441,False,83.2,149,65,470,,None,44,584,147,p596777,0,0,None,0,,596777.jpg,1.7,293,104,16,0,58,False,0,0.0,Dorgu,4.2,85,33,False,None,5,0.96,a,15,14,1,2025-02-02,56.0,108,17,10,403306,4094,644580,70140,0.5,2.3,Dorgu,2
1,1993-03-05,2,41,True,True,None,None,1,0.5,12,95658,None,,0,0,-1,1,11.8,304,105,13,6.5,None,,1,2,3.3,4.8,1,0.01,0.0,0.24,0.12,0.23,3.45,1.72,0.12,Harry,4.3,46,16,3,1.5,0,False,6.2,306,101,442,False,33.2,279,104,180,,None,44,501,110,p95658,0,0,None,0,,95658.jpg,2.7,180,70,7,0,241,False,0,0.0,Maguire,0.7,205,78,False,None,2,1.0,a,1,14,1,2019-08-05,17.0,249,74,16,37857,2068,55148,7490,1.0,3.6,Maguire,0
0,1995-07-12,0,54,True,True,None,None,1,0.15,18,106760,3,,0,0,0,0,26.9,226,66,32,4.76,None,,0,2,2.0,3.5,6,0.13,0.02,0.21,0.03,0.08,9.61,1.43,0.01,Luke,3.0,102,38,10,1.49,0,False,10.7,245,84,443,False,75.6,165,68,605,,None,45,395,73,p106760,0,0,None,0,,106760.jpg,2.1,247,87,28,0,241,False,0,0.0,Shaw,0.3,307,110,False,None,7,1.04,a,14,14,1,2014-07-01,5.0,323,113,15,23070,1586,23423,2705,0.7,3.3,Shaw,0
1,2005-11-13,1,56,True,True,None,None,1,0.2,29,550864,None,,0,0,0,0,20.6,253,82,36,7.22,None,,0,2,1.7,3.2,6,0.04,0.01,0.33,0.07,0.29,6.71,1.34,0.06,Leny,2.7,119,45,8,1.6,0,False,10.7,246,85,444,False,63.4,188,77,449,,None,45,454,99,p550864,0,0,None,0,,550864.jpg,2.9,163,64,17,0,73,False,0,0.0,Yoro,1.9,137,52,False,None,5,1.0,a,7,14,1,2024-07-19,24.0,215,57,20,161000,4875,169366,12870,0.6,4.4,Yoro,0
0,2007-03-16,0,0,False,True,0,0,0,0,0,577974,None,,0,0,0,0,0.0,508,206,0,0,None,,0,2,0.0,0.0,0,0.00,0,0.00,0,0.00,0.00,0,0,Harry,0.0,480,194,0,0,0,False,0.0,526,207,445,False,0.0,524,207,0,has joined Sheffield Wednesday on loan for the rest of the season.,2025-09-02T13:39:58.762783Z,40,695,202,p577974,0,0,None,0,,577974.jpg,0.0,528,206,0,0,241,False,0,0,Amass,0.1,480,177,False,None,0,0,u,0,14,1,2024-04-06,0.0,476,196,0,1160,0,11783,555,0.0,0.0,Amass,0
0,2005-02-23,0,0,True,True,None,None,0,0,0,547676,None,,0,0,-1,1,0.0,420,162,0,0,None,,0,2,-1.0,0.5,0,0.00,0,0.00,0,0.00,0.00,0,0,Tyler,0.0,392,148,0,0,0,False,0.0,442,165,446,False,0.0,441,166,0,,None,39,728,231,p547676,0,0,None,0,,547676.jpg,0.0,445,165,0,0,241,False,0,0,Fredricson,0.1,431,159,False,None,0,0,a,0,14,1,2022-09-07,0.0,388,152,0,5206,184,7257,702,0.0,0.0,Fredricson,0
0,2006-09-22,0,3,True,True,75,None,0,0.0,1,606745,None,,0,0,-1,1,0.0,430,171,1,30.0,None,,0,2,-0.8,0.5,0,0.00,0.0,0.00,0.0,0.00,0.03,0.9,0.0,Ayden,0.0,402,157,0,0.0,0,False,0.2,417,146,447,False,2.0,407,146,3,Knock - 75% chance of playing,2025-10-14T13:00:06.698643Z,39,739,241,p606745,0,0,None,0,,606745.jpg,1.0,343,119,0,0,241,False,0,0.0,Heaven,1.1,172,64,False,None,0,0.0,d,0,14,1,2025-02-01,0.0,398,161,1,44096,2251,90947,9252,0.0,0.3,Heaven,0
0,1999-08-17,0,0,True,True,None,None,0,0,0,222690,None,,0,0,-1,1,0.0,404,147,0,0,None,,0,2,-1.0,0.5,0,0.00,0,0.00,0,0.00,0.00,0,0,Tyrell,0.0,376,133,0,0,0,False,0.0,426,150,448,False,0.0,425,151,0,,None,39,712,216,p222690,0,0,None,0,,222690.jpg,0.0,429,150,0,0,152,False,0,0,Malacia,0.4,280,101,False,None,0,0,a,0,14,1,2022-07-05,0.0,372,137,0,22443,1088,23693,2328,0.0,0.0,Malacia,0
0,1994-09-08,5,143,True,True,None,None,1,0.14,18,141746,1,,0,0,0,0,270.4,1,1,74,10.64,1,,1,3,3.0,4.5,3,1.30,0.19,4.99,0.72,3.69,9.84,1.41,0.53,Bruno,4.0,74,37,11,1.58,2,False,59.7,4,3,449,False,199.8,12,5,626,,None,90,7,4,p141746,0,2,1,0,,141746.jpg,4.0,83,33,43,0,173,False,0,0.0,Borges Fernandes,17.3,19,6,False,None,7,1.01,a,13,14,1,2020-01-30,126.0,29,13,28,1310360,35242,1833400,323842,0.4,3.1,B.Fernandes,2
0,1999-05-27,0,47,True,True,100,100,0,0.0,4,430871,None,,0,0,0,0,67.7,100,73,24,6.15,None,,0,3,0.3,1.8,1,0.52,0.13,1.84,0.47,1.32,5.73,1.47,0.34,Matheus,1.3,245,116,6,1.54,0,False,24.4,90,52,450,False,50.2,232,100,351,,2025-08-31T01:00:08.314117Z,80,16,11,p430871,0,0,None,0,,430871.jpg,1.5,319,152,16,0,30,False,0,0.0,Santos Carneiro da Cunha,3.8,92,28,False,None,4,1.03,a,4,14,1,2025-06-01,125.0,33,16,9,793487,5578,1347614,61232,0.2,1.1,Cunha,0
0,1997-10-31,0,0,False,True,0,0,0,0,0,176297,None,,0,0,0,0,0.0,740,328,0,0,None,,0,3,0.0,0.0,0,0.00,0,0.00,0,0.00,0.00,0,0,Marcus,0.0,735,327,0,0,0,False,0.0,740,328,451,False,0.0,740,328,0,Has joined Barcelona on loan for the rest of the season,2025-07-24T10:12:59.455702Z,70,32,18,p176297,0,0,None,0,,176297.jpg,0.0,740,328,0,0,241,False,0,0,Rashford,0.0,669,283,False,None,0,0,u,0,14,1,2015-07-01,0.0,740,328,0,0,0,1925,42,0.0,0.0,Rashford,0
1,2002-07-11,0,89,True,True,100,100,1,0.2,10,493250,4,,0,0,-2,2,112.4,53,40,47,9.48,None,,0,3,0.7,2.2,3,0.84,0.17,2.73,0.55,1.89,6.03,1.22,0.38,Amad,1.7,220,101,6,1.21,0,False,31.6,46,31,452,False,78.2,158,58,446,,2025-09-26T15:00:08.569110Z,63,76,53,p493250,0,0,None,0,,493250.jpg,2.3,228,106,25,0,54,False,0,0.0,Diallo,1.2,168,58,False,None,5,1.01,a,12,14,1,2021-01-07,125.0,31,14,14,52499,5407,254580,11032,0.3,2.2,Amad,0
0,2000-02-24,0,0,False,True,0,0,0,0,0,467169,None,,0,0,-1,1,0.0,731,324,0,0,None,,0,3,0.0,0.0,0,0.00,0,0.00,0,0.00,0.00,0,0,Antony,0.0,724,322,0,0,0,False,0.0,731,324,454,False,0.0,731,324,0,has joined Real Betis permanently.,2025-09-02T13:30:59.559397Z,59,106,73,p467169,0,0,None,0,,467169.jpg,0.0,731,324,0,0,30,False,0,0,dos Santos,0.1,531,190,False,None,0,0,u,0,14,1,2022-09-01,0.0,731,324,0,1511,0,9973,257,0.0,0.0,Antony,0
0,1999-01-10,2,61,True,True,100,100,2,0.66,1,184341,None,,0,0,-1,1,84.4,70,52,19,6.31,None,,0,3,3.0,4.5,10,0.52,0.17,0.86,0.28,0.34,3.13,1.04,0.11,Mason,4.0,67,32,3,1.0,1,False,19.9,133,71,455,False,58.2,209,88,271,,2025-08-31T01:00:08.331663Z,59,96,64,p184341,0,0,None,0,,184341.jpg,3.0,158,66,12,0,241,False,0,0.0,Mount,0.3,323,110,False,None,4,1.33,a,6,14,1,2023-07-05,56.0,110,69,18,26013,7485,36667,1779,0.7,3.1,Mount,0
1,1992-02-23,0,65,True,True,100,100,1,0.27,7,61256,None,,0,0,0,0,37.3,186,122,37,10.09,None,,0,3,1.3,2.8,4,0.09,0.02,1.13,0.3,1.04,3.91,1.07,0.28,Carlos Henrique,2.3,143,67,4,1.09,1,False,15.9,178,91,457,False,68.6,181,71,330,,2025-09-20T23:30:06.919179Z,55,135,86,p61256,0,0,None,0,,61256.jpg,2.5,212,93,21,1,30,False,0,0.0,Casimiro,0.2,344,116,False,None,5,1.36,a,9,14,1,2022-08-22,53.0,115,71,15,13877,2172,21921,1716,0.4,2.7,Casemiro,2
0,2005-04-19,0,20,True,True,None,None,0,0.0,1,516895,None,,0,0,-2,2,44.5,155,104,13,10.35,None,,0,3,0.0,1.5,1,0.11,0.09,0.18,0.15,0.07,2.66,2.12,0.06,Kobbie,1.0,255,119,4,3.19,0,False,6.8,301,148,458,False,20.8,327,153,113,,None,48,378,235,p516895,0,0,None,0,,516895.jpg,1.0,369,174,7,0,241,False,0,0.0,Mainoo,0.5,239,83,False,None,0,0.0,a,5,14,1,2022-10-15,3.0,345,179,5,28316,3010,62350,5311,0.2,1.0,Mainoo,0
0,2001-04-11,0,47,True,True,None,None,0,0.0,9,232112,None,,-1,1,-2,2,24.1,238,143,35,13.12,None,,0,3,0.3,1.8,1,0.03,0.01,0.08,0.03,0.05,5.61,2.1,0.02,Manuel,1.3,231,108,7,2.62,0,False,6.0,312,155,459,False,34.8,273,124,240,,None,48,373,233,p232112,0,0,None,0,,232112.jpg,1.7,295,139,14,0,230,False,0,0.0,Ugarte Ribeiro,0.1,402,134,False,None,2,0.75,a,12,14,1,2024-08-30,2.0,349,181,10,10267,1457,17324,1811,0.3,2.1,Ugarte,0
0,2004-01-03,0,0,False,True,0,0,0,0,0,490881,None,,0,0,0,0,0.0,608,244,0,0,None,,0,3,0.0,0.0,0,0.00,0,0.00,0,0.00,0.00,0,0,Toby,0.0,579,222,0,0,0,False,0.0,616,244,460,False,0.0,614,242,0,Has joined West Bromwich Albion on loan for the rest of the season.,2025-08-19T13:36:56.708077Z,45,435,257,p490881,0,0,None,0,,490881.jpg,0.0,619,247,0,0,241,False,0,0,Collyer,0.0,605,241,False,None,0,0,u,0,14,1,2023-07-01,0.0,587,235,0,423,0,8356,279,0.0,0.0,Collyer,0
0,None,0,0,True,True,None,None,0,0,0,556639,None,,0,0,-1,1,0.0,570,220,0,0,None,,0,3,-1.0,0.5,0,0.00,0,0.00,0,0.00,0.00,0,0,Jayce,0.0,543,197,0,0,0,False,0.0,582,220,461,False,0.0,580,218,0,,None,44,576,321,p556639,0,0,None,0,,556639.jpg,0.0,586,223,0,0,None,False,0,0,Fitzgerald,0.0,597,236,False,None,0,0,a,0,14,1,None,0.0,547,210,0,1509,178,2606,286,0.0,0.0,Fitzgerald,0
0,2007-03-19,0,0,True,True,None,None,0,0,0,547037,None,,0,0,-1,1,0.0,567,218,0,0,None,,0,3,-1.0,0.5,0,0.00,0,0.00,0,0.00,0.00,0,0,Jack,0.0,540,195,0,0,0,False,0.0,579,218,462,False,0.0,577,216,0,,None,44,572,318,p547037,0,0,None,0,,547037.jpg,0.0,583,221,0,0,241,False,0,0,Fletcher,0.1,562,206,False,None,0,0,a,0,14,1,2024-07-12,0.0,544,208,0,3200,170,3714,364,0.0,0.0,J.Fletcher,0
0,2006-02-03,0,0,True,True,None,None,0,0,0,618873,None,,0,0,-1,1,0.0,581,227,0,0,None,,0,3,-1.0,0.5,0,0.00,0,0.00,0,0.00,0.00,0,0,Sékou,0.0,553,204,0,0,0,False,0.0,592,227,463,False,0.0,590,225,0,,None,44,589,328,p618873,0,0,None,0,,618873.jpg,0.0,596,230,0,0,132,False,0,0,Koné,0.1,489,168,False,None,0,0,a,0,14,1,2025-02-15,0.0,557,217,0,4478,382,6564,685,0.0,0.0,Kone,0
0,None,0,0,False,True,0,0,0,0,0,559684,None,,0,0,0,0,0.0,625,259,0,0,None,,0,3,0.0,0.0,0,0.00,0,0.00,0,0.00,0.00,0,0,Jack,0.0,596,237,0,0,0,False,0.0,633,259,464,False,0.0,631,257,0,has joined Leyton Orient on loan for the rest of the season.,2025-09-22T21:21:54.592776Z,45,458,273,p559684,0,0,None,0,,559684.jpg,0.0,636,262,0,0,None,False,0,0,Moorhouse,0.0,650,271,False,None,0,0,u,0,14,1,None,0.0,604,250,0,723,0,2298,185,0.0,0.0,Moorhouse,0
0,2003-02-04,0,0,False,True,0,0,0,0,0,497894,None,,0,0,-2,2,0.0,733,77,0,0,None,,0,4,0.0,0.0,0,0.00,0,0.00,0,0.00,0.00,0,0,Rasmus,0.0,728,75,0,0,0,False,0.0,733,77,465,False,0.0,733,77,0,has joined Napoli on loan for the rest of the season.,2025-09-02T13:30:59.575548Z,63,77,23,p497894,0,0,None,0,,497894.jpg,0.0,733,77,0,0,58,False,0,0,Højlund,0.3,313,51,False,None,0,0,u,0,14,1,2023-08-05,0.0,733,77,0,5437,0,53332,1200,0.0,0.0,Højlund,0
0,2001-05-22,0,4,True,True,100,100,0,0.0,2,458249,None,,-1,1,-2,2,16.0,279,26,4,4.86,None,,0,4,-0.7,0.8,0,0.03,0.04,0.82,1.0,0.79,1.48,1.8,0.96,Joshua,0.3,364,41,3,3.65,0,False,8.1,281,27,466,False,8.4,375,34,74,,2025-08-10T23:00:06.602693Z,58,116,29,p458249,0,0,None,0,,458249.jpg,1.0,403,43,2,0,152,False,0,0.0,Zirkzee,0.4,278,45,False,None,0,0.0,a,0,14,1,2024-07-17,58.0,104,24,3,21489,1750,41219,3732,0.1,0.5,Zirkzee,0
0,2007-11-29,0,0,True,True,None,None,0,0,0,596047,None,,0,0,-2,2,0.0,523,46,0,0,None,,0,4,-1.0,0.5,0,0.00,0,0.00,0,0.00,0.00,0,0,Chido,0.0,494,43,0,0,0,False,0.0,539,48,467,False,0.0,537,48,0,,None,43,606,82,p596047,0,0,None,0,,596047.jpg,0.0,541,48,0,0,58,False,0,0,Obi,1.6,146,23,False,None,0,0,a,0,14,1,2025-02-15,0.0,495,46,0,86199,31861,161668,16699,0.0,0.0,Obi,0
0,2006-01-20,0,0,False,True,0,0,0,0,0,575034,None,,0,0,0,0,0.0,633,61,0,0,None,,0,4,0.0,0.0,0,0.00,0,0.00,0,0.00,0.00,0,0,Ethan,0.0,604,57,0,0,0,False,0.0,641,62,468,False,0.0,639,62,0,has joined Northampton Town on loan for the rest of the season.,2025-09-22T21:18:26.096577Z,45,467,62,p575034,0,0,None,0,,575034.jpg,0.0,644,62,0,0,241,False,0,0,Wheatley,0.1,456,64,False,None,0,0,u,0,14,1,2024-04-12,0.0,612,60,0,3886,0,11457,835,0.0,0.0,Wheatley,0
0,2003-05-31,5,76,True,True,None,None,1,0.23,6,485711,None,,0,0,-2,2,65.6,106,9,16,3.75,None,,1,4,5.0,6.5,9,0.13,0.03,1.72,0.4,1.59,6.22,1.46,0.37,Benjamin,6.0,18,3,7,1.64,2,False,34.7,36,8,681,False,96.2,125,11,384,,None,73,29,12,p485711,0,0,None,0,,485711.jpg,3.3,128,12,7,0,195,False,0,0.0,Sesko,5.2,71,13,False,None,4,0.94,a,3,14,1,2025-08-09,190.0,8,5,23,377455,83103,801573,35339,0.8,3.2,Šeško,0
0,2002-07-07,2,29,True,True,None,None,1,1.0,1,465247,None,,0,0,0,0,0.0,694,82,0,0.0,None,,1,1,2.0,3.5,9,0.00,0.0,0.00,0.0,0.00,0.71,0.71,0.0,Senne,3.0,105,6,0,0.0,0,False,2.4,375,27,733,False,24.2,307,27,90,,None,50,271,11,p465247,0,0,None,0,,465247.jpg,9.0,3,1,11,0,21,False,3,3.0,Lammens,0.4,266,37,False,None,1,1.0,a,0,14,1,2025-09-01,0.0,685,79,9,40670,26765,8647,1968,0.6,1.8,Lammens,0
0,2001-05-28,0,13,True,True,100,100,0,0.0,0,232653,None,,0,0,-2,2,41.8,165,111,6,9.15,None,,0,3,0.5,0.5,0,0.12,0.18,0.15,0.23,0.03,0.91,1.39,0.05,Jacob,0.0,693,301,1,1.53,0,False,6.2,307,152,52,False,13.4,360,167,59,,2025-08-31T01:30:07.565346Z,53,210,134,p232653,0,0,None,0,,232653.jpg,1.0,387,188,5,0,241,False,0,0.0,Ramsey,0.2,356,121,False,None,1,1.53,a,1,15,4,2025-08-17,7.0,309,163,2,13518,792,61272,1242,0.0,0.4,J.Ramsey,0
0,1996-09-03,0,0,True,True,0,0,0,0,0,216646,None,,0,0,-1,1,0.0,741,82,0,0,None,,0,4,0.0,0.0,0,0.00,0,0.00,0,0.00,0.00,0,0,Yoane,0.0,738,82,0,0,0,False,0.0,741,82,135,False,0.0,741,82,0,Knee injury - Expected back 02 Nov,2025-09-12T10:00:06.619832Z,74,24,9,p216646,0,0,1,0,,216646.jpg,0.0,741,82,0,0,50,False,0,0,Wissa,0.6,227,36,False,None,0,0,i,0,15,4,2025-09-01,0.0,741,82,0,85089,288,303388,5993,0.0,0.0,Wissa,0
1,1992-04-19,3,166,True,True,None,None,5,0.71,8,98747,None,,0,0,1,-1,0.0,705,83,0,0.0,None,,1,1,5.5,5.5,7,0.00,0.0,0.00,0.0,0.00,4.98,0.71,0.0,Nick,5.0,33,1,5,0.71,0,False,16.4,175,7,469,True,164.2,37,7,630,,None,51,234,6,p98747,0,0,None,0,,98747.jpg,5.9,19,3,71,0,241,False,19,2.71,Pope,10.9,35,5,False,None,7,1.0,a,1,15,4,2022-06-23,0.0,697,80,41,1002665,275930,250673,27830,1.0,8.0,Pope,1
0,1992-03-27,0,0,True,True,None,None,0,0,0,81441,None,,0,0,0,0,0.0,441,22,0,0,None,,0,1,0.5,0.5,0,0.00,0,0.00,0,0.00,0.00,0,0,Mark,0.0,411,32,0,0,0,False,0.0,460,37,471,False,0.0,459,37,0,,None,40,616,45,p81441,0,0,None,0,,81441.jpg,0.0,463,37,0,0,241,False,0,0,Gillespie,0.1,415,64,False,None,0,0,a,0,15,4,2020-07-27,0.0,409,11,0,2936,201,5526,504,0.0,0.0,Gillespie,0
0,1994-04-26,0,0,False,True,0,0,0,0,0,111452,None,,0,0,0,0,0.0,447,27,0,0,None,,0,1,0.0,0.0,0,0.00,0,0.00,0,0.00,0.00,0,0,Odysseas,0.0,417,37,0,0,0,False,0.0,466,42,472,False,0.0,465,42,0,Has joined Sevilla on loan for the rest of the season.,2025-08-13T15:41:50.078613Z,40,622,50,p111452,0,0,None,0,,111452.jpg,0.0,469,42,0,0,83,False,0,0,Vlachodimos,0.0,662,80,False,None,0,0,u,0,15,4,2024-07-01,0.0,415,16,0,0,0,1921,108,0.0,0.0,Odysseas,0
0,2004-09-08,1,31,True,True,0,None,1,0.68,6,487838,2,,0,0,-2,2,4.0,347,120,12,8.12,None,,0,2,0.0,2.8,0,0.05,0.03,0.09,0.06,0.04,1.00,0.68,0.03,Lewis,2.3,142,52,1,0.68,0,False,3.9,350,120,473,False,27.4,298,111,133,Hamstring injury - Expected back 09 Nov,2025-10-06T07:30:08.142766Z,53,217,31,p487838,0,0,None,0,,487838.jpg,3.0,154,62,8,0,241,False,0,0.0,Hall,1.0,175,66,False,None,1,0.68,i,6,15,4,2024-07-01,7.0,310,105,9,56523,1880,168639,24903,0.4,1.7,Hall,0
0,1991-12-20,0,82,True,True,100,100,3,0.77,31,119471,None,,0,0,-1,1,25.0,236,74,35,9.0,2,,0,2,0.5,0.5,0,0.07,0.02,0.15,0.04,0.08,1.72,0.44,0.02,Fabian,0.0,696,237,2,0.51,0,False,12.1,225,79,474,False,80.0,154,67,350,,2025-09-19T11:30:08.392759Z,54,164,18,p119471,0,0,4,0,,119471.jpg,5.8,23,11,13,0,207,False,0,0.0,Schär,2.0,136,51,False,None,4,1.03,a,4,15,4,2018-07-26,15.0,264,82,23,164574,9678,261504,12183,0.0,4.3,Schär,0
0,2000-01-12,4,101,True,True,None,None,3,0.8,37,220237,None,,0,0,-1,1,21.7,244,78,39,10.38,None,,0,2,6.2,6.2,6,0.23,0.06,0.31,0.08,0.08,3.51,0.93,0.02,Sven,5.7,21,10,2,0.53,0,False,15.0,189,61,475,False,105.8,105,50,338,,None,49,321,53,p220237,0,0,None,0,,220237.jpg,5.2,34,15,21,0,152,False,0,0.0,Botman,0.6,218,81,False,None,4,1.07,a,2,15,4,2022-06-28,23.0,222,61,26,42642,12572,35734,3667,1.2,5.3,Botman,0
1,1992-05-09,4,134,True,True,None,None,5,0.71,49,78916,None,,1,-1,1,-1,29.9,206,57,58,8.29,None,,1,2,7.2,7.2,11,0.13,0.02,0.18,0.03,0.05,4.98,0.71,0.01,Dan,6.7,8,3,5,0.71,0,False,19.2,146,46,476,True,128.6,76,35,630,,None,51,233,33,p78916,0,0,None,0,,78916.jpg,6.1,12,6,24,0,241,False,0,0.0,Burn,9.5,46,14,False,None,7,1.0,a,9,15,4,2022-01-31,33.0,178,42,43,851846,288473,239419,32196,1.3,8.4,Burn,2
1,2002-11-12,3,137,True,True,0,0,5,0.86,12,441191,None,,-1,1,0,0,56.3,125,27,18,3.08,None,,0,2,0.0,0.0,0,0.33,0.06,0.33,0.06,0.00,4.28,0.73,0.0,Tino,4.0,62,22,3,0.51,0,False,14.3,197,66,477,False,71.4,175,73,526,Knee injury - Expected back 22 Nov,2025-09-29T00:30:06.563882Z,50,269,43,p441191,0,0,None,0,,441191.jpg,6.2,10,5,28,0,241,False,0,0.0,Livramento,5.0,74,26,False,None,6,1.03,i,6,15,4,2023-08-08,16.0,256,77,37,936030,842,834363,260349,0.8,7.4,Livramento,0
0,1990-09-19,2,96,True,True,100,100,4,0.84,12,77794,1,,0,0,0,0,174.5,15,1,16,3.36,1,,0,2,2.5,2.5,6,0.49,0.1,0.49,0.1,0.00,2.43,0.51,0.0,Kieran,2.0,168,63,4,0.84,0,False,23.9,95,26,478,False,61.8,194,80,429,,2025-09-19T11:30:08.407420Z,50,242,37,p77794,0,0,None,0,,77794.jpg,4.5,58,26,23,0,241,False,0,0.0,Trippier,2.7,113,42,False,None,5,1.05,a,4,15,4,2022-01-07,4.0,338,120,27,174635,21564,139433,10943,0.4,5.4,Trippier,0
0,1994-08-02,0,0,True,True,None,None,0,0,0,111773,None,,0,0,-1,1,0.0,532,220,0,0,None,,0,2,0.5,0.5,0,0.00,0,0.00,0,0.00,0.00,0,0,Emil,0.0,504,210,0,0,0,False,0.0,546,220,479,False,0.0,544,220,0,,None,44,507,116,p111773,0,0,None,0,,111773.jpg,0.0,548,219,0,0,206,False,0,0,Krafth,0.0,582,209,False,None,0,0,a,0,15,4,2019-08-08,0.0,503,213,0,1027,84,3128,197,0.0,0.0,Krafth,0
0,1993-11-11,0,0,True,True,None,None,0,0.0,5,101148,None,,0,0,-1,1,0.0,529,217,5,23.68,None,,0,2,0.8,0.8,0,0.00,0.0,0.04,0.19,0.04,0.55,2.61,0.19,Jamaal,0.3,333,115,2,9.47,0,False,1.7,388,137,480,False,10.2,368,138,19,,None,44,502,111,p101148,0,0,None,0,,101148.jpg,0.5,420,144,0,0,241,False,0,0.0,Lascelles,0.1,536,194,False,None,0,0.0,a,0,15,4,2014-08-04,7.0,304,104,1,1571,185,5115,348,0.1,0.2,Lascelles,0
0,2004-06-25,0,0,True,True,None,None,0,0,0,545477,None,,0,0,-1,1,0.0,419,161,0,0,None,,0,2,0.5,0.5,0,0.00,0,0.00,0,0.00,0.00,0,0,Alex,0.0,391,147,0,0,0,False,0.0,441,164,481,False,0.0,440,165,0,,None,39,727,230,p545477,0,0,None,0,,545477.jpg,0.0,444,164,0,0,104,False,0,0,Murphy,0.7,210,79,False,None,0,0,a,0,15,4,2023-07-19,0.0,387,151,0,25490,2536,48079,3905,0.0,0.0,A.Murphy,0
0,2001-11-14,0,0,True,True,0,None,0,0,0,441024,None,,0,0,-1,1,0.0,409,152,0,0,None,,0,2,0.0,0.5,0,0.00,0,0.00,0,0.00,0.00,0,0,Harrison,0.0,381,138,0,0,0,False,0.0,431,155,482,False,0.0,430,156,0,Thigh injury - Unknown return date,2025-10-17T14:00:10.381414Z,39,717,221,p441024,0,0,None,0,,441024.jpg,0.0,434,155,0,0,243,False,0,0,Ashby,0.2,385,140,False,None,0,0,i,0,15,4,2023-01-31,0.0,377,142,0,7381,280,8956,1030,0.0,0.0,Ashby,0
0,None,0,0,True,True,None,None,0,0,0,578512,None,,0,0,-1,1,0.0,426,168,0,0,None,,0,2,0.5,0.5,0,0.00,0,0.00,0,0.00,0.00,0,0,Miodrag,0.0,398,154,0,0,0,False,0.0,448,171,483,False,0.0,447,172,0,,None,39,735,238,p578512,0,0,None,0,,578512.jpg,0.0,451,171,0,0,None,False,0,0,Pivaš,0.2,342,123,False,None,0,0,a,0,15,4,None,0.0,394,158,0,17712,560,11867,1364,0.0,0.0,Pivas,0
0,1995-09-18,0,0,False,True,0,0,0,0,0,169359,None,,0,0,0,0,0.0,453,179,0,0,None,,0,2,0.0,0.0,0,0.00,0,0.00,0,0.00,0.00,0,0,Matt,0.0,423,165,0,0,0,False,0.0,472,181,484,False,0.0,471,182,0,has joined Middlesbrough on loan for the rest of the season.,2025-09-02T12:49:12.555659Z,40,628,163,p169359,0,0,None,0,,169359.jpg,0.0,475,181,0,0,241,False,0,0,Targett,0.2,347,124,False,None,0,0,u,0,15,4,2022-07-01,0.0,421,169,0,3759,0,36221,1940,0.0,0.0,Targett,0
0,2001-02-24,0,22,True,True,100,100,3,0.99,0,232826,3,,0,0,-1,1,37.4,184,121,14,4.63,None,,0,3,2.5,2.5,3,0.09,0.03,1.30,0.43,1.21,2.00,0.66,0.4,Anthony,2.0,187,88,3,0.99,0,False,15.9,180,93,485,False,22.2,319,146,272,,2025-08-25T23:00:08.176199Z,74,26,17,p232826,0,0,3,0,,232826.jpg,1.8,292,137,10,1,241,False,0,0.0,Gordon,2.7,111,39,False,None,4,1.32,a,4,15,4,2023-01-29,102.0,49,28,7,376914,83790,285893,27801,0.3,0.9,Gordon,0
0,2002-04-27,0,37,True,True,None,None,2,0.55,3,449434,None,,-1,1,-2,2,77.2,84,62,10,2.76,None,,0,3,2.2,2.2,3,0.19,0.05,0.80,0.22,0.61,1.82,0.5,0.17,Anthony,1.7,224,104,5,1.38,0,False,16.6,172,89,486,False,30.8,288,130,326,,None,68,47,31,p449434,0,0,None,0,,449434.jpg,1.7,303,143,6,0,206,False,0,0.0,Elanga,4.5,77,23,False,None,3,0.83,a,1,15,4,2025-07-11,58.0,105,65,12,510712,13356,910279,53158,0.3,1.8,Elanga,0
0,1997-12-09,0,36,True,True,None,None,2,0.57,2,201666,None,,-1,1,-1,1,79.1,79,58,14,4.01,None,,0,3,1.5,1.5,1,0.80,0.23,1.48,0.42,0.68,1.53,0.44,0.19,Harvey,1.0,280,137,3,0.86,0,False,16.9,167,85,487,False,23.2,315,144,314,,None,64,61,42,p201666,0,0,None,0,,201666.jpg,1.7,302,142,10,0,241,False,0,0.0,Barnes,0.4,256,87,False,None,3,0.86,a,2,15,4,2023-07-23,68.0,83,51,12,127912,1402,145414,8659,0.2,1.9,Barnes,0
1,1997-11-16,3,118,True,True,None,None,4,0.67,3,208706,None,,0,0,0,0,115.4,51,38,50,8.33,None,,1,3,5.8,5.8,14,0.56,0.09,0.88,0.14,0.32,4.42,0.74,0.05,Bruno,5.3,31,16,5,0.83,2,False,27.3,72,43,488,False,113.4,93,29,540,,None,65,54,37,p208706,0,0,None,0,,208706.jpg,5.0,40,14,34,0,30,False,0,0.0,Guimarães Rodriguez Moura,2.3,123,43,False,None,6,1.0,a,13,15,4,2022-01-30,44.0,147,90,30,202707,35322,179596,10980,0.8,4.6,Bruno G.,2
1,1995-02-24,0,55,True,True,None,None,4,1.17,4,114243,None,,0,0,-3,3,55.9,128,91,11,3.2,None,,0,3,2.8,2.8,1,0.66,0.19,1.92,0.56,1.26,3.27,0.95,0.37,Jacob,2.3,149,70,0,0.0,0,False,22.5,113,61,489,False,49.0,236,103,309,,None,62,80,55,p114243,0,0,None,0,,114243.jpg,2.8,176,74,7,0,241,False,0,0.0,Murphy,1.0,181,62,False,None,4,1.17,a,0,15,4,2017-07-19,121.0,36,19,17,43213,3876,183354,13707,0.4,2.7,J.Murphy,0
0,1996-08-14,0,39,True,True,75,100,3,0.67,12,180974,None,,0,0,-1,1,47.1,148,101,38,8.53,None,,0,3,1.9,2.5,3,0.35,0.08,0.90,0.2,0.55,2.98,0.67,0.12,Joelinton Cássio,2.0,179,82,3,0.67,0,False,16.7,169,87,490,False,32.6,283,129,401,Groin Injury - 75% chance of playing,2025-10-17T13:00:11.069838Z,59,95,63,p180974,0,0,None,0,,180974.jpg,2.6,200,86,20,0,30,False,0,0.0,Apolinário de Lira,0.3,306,105,False,None,5,1.12,d,6,15,4,2019-07-24,86.0,62,38,13,21891,3637,44853,3564,0.3,2.2,Joelinton,2
1,2000-05-08,1,128,True,True,100,100,5,0.74,14,432422,4,,0,0,-1,1,179.7,13,13,52,7.74,5,,0,3,4.5,4.5,3,0.76,0.11,1.10,0.16,0.34,4.61,0.69,0.05,Sandro,4.0,63,30,4,0.6,0,False,36.0,32,22,491,False,114.0,92,28,605,,2025-08-25T23:00:08.207841Z,54,181,112,p432422,0,0,None,0,,432422.jpg,3.3,124,50,27,0,106,False,0,0.0,Tonali,1.4,153,53,False,None,7,1.04,a,11,15,4,2023-07-03,66.0,87,52,23,92684,18052,151231,11699,0.7,4.3,Tonali,0
0,2006-11-14,0,0,False,True,0,0,0,0,0,640108,None,,0,0,-1,1,0.0,686,298,0,0,None,,0,3,0.0,0.0,0,0.00,0,0.00,0,0.00,0.00,0,0,Antoñito,0.0,666,282,0,0,0,False,0.0,692,298,492,False,0.0,691,297,0,has joined KVC Westerlo on loan for the rest of the season.,2025-09-22T21:20:47.006379Z,49,360,227,p640108,0,0,None,0,,640108.jpg,0.0,691,297,0,0,200,False,0,0,Cordero Campillo,0.0,636,262,False,None,0,0,u,0,15,4,2025-07-01,0.0,673,293,0,655,0,3065,226,0.0,0.0,Antoñito C.,0
0,1999-08-20,0,16,True,True,100,100,1,1.05,2,200089,None,,0,0,0,0,2.2,365,189,11,11.51,None,,0,3,1.5,1.5,0,0.01,0.01,0.10,0.1,0.09,0.52,0.54,0.09,Joe,1.0,264,125,0,0.0,0,False,1.8,385,183,494,False,10.6,366,169,86,,2025-08-10T23:30:07.136690Z,50,253,154,p200089,0,0,None,0,,200089.jpg,2.0,264,123,5,0,241,False,0,0.0,Willock,0.1,540,197,False,None,1,1.05,a,4,15,4,2021-08-13,6.0,320,166,4,4336,499,4692,750,0.2,0.8,Willock,0
0,1995-03-22,0,0,False,True,0,0,0,0,0,153127,None,,0,0,0,0,0.0,588,231,0,0,None,,0,3,0.0,0.0,0,0.00,0,0.00,0,0.00,0.00,0,0,Isaac,0.0,559,208,0,0,0,False,0.0,598,231,495,False,0.0,596,229,0,Has departed the club as a free agent.,2025-08-11T01:17:33.103826Z,45,398,243,p153127,0,0,None,0,,153127.jpg,0.0,602,234,0,0,107,False,0,0,Hayden,0.0,704,304,False,None,0,0,u,0,15,4,2016-07-11,0.0,564,221,0,0,0,1394,46,0.0,0.0,Hayden,0
0,2004-09-15,0,0,False,True,0,0,0,0,0,564510,None,,0,0,-1,1,0.0,571,221,0,0,None,,0,3,0.0,0.0,0,0.00,0,0.00,0,0.00,0.00,0,0,Garang,0.0,544,198,0,0,0,False,0.0,583,221,496,False,0.0,581,219,0,has joined Sparta Prague permanently.,2025-09-22T21:20:47.021681Z,44,577,322,p564510,0,0,None,0,,564510.jpg,0.0,587,224,0,0,13,False,0,0,Kuol,0.0,577,217,False,None,0,0,u,0,15,4,2023-01-01,0.0,548,211,0,2219,0,5786,517,0.0,0.0,Kuol,0
0,2006-05-01,0,32,True,True,75,None,1,0.54,5,547719,None,,0,0,-1,1,27.2,224,140,19,10.24,None,,0,3,1.4,1.8,1,0.04,0.02,0.07,0.04,0.03,1.11,0.6,0.02,Lewis,1.3,230,107,1,0.54,0,False,5.6,317,157,497,False,21.8,321,147,167,Calf injury - 75% chance of playing,2025-10-13T11:30:08.705391Z,44,574,320,p547719,0,0,None,0,,547719.jpg,1.4,322,153,11,0,241,False,0,0.0,Miley,2.1,131,47,False,None,1,0.54,d,3,15,4,2023-02-01,6.0,317,165,7,148642,15759,188015,24409,0.3,1.6,L.Miley,0
0,2002-10-01,0,0,False,True,0,0,0,0,0,461484,None,,0,0,0,0,0.0,605,241,0,0,None,,0,3,0.0,0.0,0,0.00,0,0.00,0,0.00,0.00,0,0,Joe,0.0,575,219,0,0,0,False,0.0,613,241,498,False,0.0,611,239,0,Has joined Leyton Orient on loan for the rest of the season.,2025-07-30T14:07:15.215025Z,45,430,254,p461484,0,0,None,0,,461484.jpg,0.0,616,244,0,0,241,False,0,0,White,0.0,711,310,False,None,0,0,u,0,15,4,2024-01-29,0.0,584,232,0,0,0,1014,34,0.0,0.0,White,0
0,2003-08-04,0,41,True,True,None,None,1,0.56,1,538207,None,,0,0,0,0,13.7,292,29,6,3.38,None,,0,4,1.5,1.5,1,0.02,0.01,0.42,0.23,0.40,1.77,1.0,0.22,William,1.0,273,29,3,1.69,1,False,7.9,288,30,500,False,37.2,266,23,160,,None,55,158,38,p538207,0,0,None,0,,538207.jpg,1.7,299,29,4,0,58,False,0,0.0,Osula,0.3,290,48,False,None,1,0.56,a,1,15,4,2024-08-08,31.0,185,32,12,63562,3025,61707,5072,0.2,2.2,Osula,0
0,2007-05-27,0,0,True,True,None,None,0,0,0,599303,None,,0,0,-1,1,0.0,578,58,0,0,None,,0,4,0.5,0.5,0,0.00,0,0.00,0,0.00,0.00,0,0,Sean,0.0,550,54,0,0,0,False,0.0,589,59,501,False,0.0,587,59,0,,None,44,585,79,p599303,0,0,None,0,,599303.jpg,0.0,593,59,0,0,241,False,0,0,Neave,0.2,339,53,False,None,0,0,a,0,15,4,2025-02-07,0.0,554,57,0,11769,1044,19357,1661,0.0,0.0,Neave,0
0,1998-05-14,0,0,True,True,None,None,0,0,0,225321,None,,-1,1,-2,2,0.0,659,77,0,0,None,,0,1,0.5,0.5,0,0.00,0,0.00,0,0.00,0.00,0,0,Aaron,0.0,632,82,0,0,0,False,0.0,667,84,674,False,0.0,666,84,0,,None,48,372,17,p225321,0,0,None,0,,225321.jpg,0.0,666,84,0,0,241,False,0,0,Ramsdale,0.6,217,30,False,None,0,0,a,0,15,4,2025-08-02,0.0,640,70,0,11387,1041,53654,3697,0.0,0.0,Ramsdale,0
0,2001-08-08,2,60,True,True,None,None,2,0.66,27,465642,None,,0,0,-1,1,12.4,300,103,31,10.26,None,,0,2,6.5,6.5,8,0.03,0.01,0.68,0.23,0.65,3.13,1.04,0.22,Malick,6.0,12,4,3,0.99,0,False,11.9,229,80,684,False,58.8,206,83,272,,None,49,341,58,p465642,0,0,None,0,,465642.jpg,4.8,44,19,13,0,80,False,0,0.0,Thiaw,0.3,314,112,False,None,3,0.99,a,4,15,4,2025-08-12,47.0,138,27,19,24830,13069,14848,1858,1.2,3.9,Thiaw,1
0,2007-03-17,0,0,True,True,None,None,0,0,0,623110,None,,0,0,-1,1,0.0,582,228,0,0,None,,0,3,0.5,0.5,0,0.00,0,0.00,0,0.00,0.00,0,0,Seung-Soo,0.0,554,205,0,0,0,False,0.0,593,228,689,False,0.0,591,226,0,,None,44,590,329,p623110,0,0,None,0,,623110.jpg,0.0,597,231,0,0,114,False,0,0,Park,0.3,319,109,False,None,0,0,a,0,15,4,2025-07-26,0.0,558,218,0,28038,5129,17042,3070,0.0,0.0,Seung soo,0
0,2002-02-14,4,87,True,True,None,None,4,1.19,2,470313,None,,1,-1,2,-2,35.8,189,17,16,4.75,None,,0,4,5.5,5.5,6,0.13,0.04,2.06,0.61,1.93,2.69,0.8,0.57,Nick,5.0,36,6,0,0.0,3,False,24.9,87,15,714,False,107.4,99,10,303,,None,72,31,14,p470313,0,0,None,0,,470313.jpg,6.0,17,2,9,0,80,False,0,0.0,Woltemade,12.4,31,6,False,None,4,1.19,a,5,15,4,2025-08-30,104.0,47,17,24,1667673,722610,236930,40734,0.7,3.3,Woltemade,0
0,1996-12-15,0,32,True,True,100,25,0,0.0,7,206325,None,,0,0,-1,1,37.3,185,48,13,6.5,None,,0,2,0.8,0.2,0,0.17,0.08,0.21,0.1,0.04,2.04,1.02,0.02,Oleksandr,1.3,232,82,2,1.0,0,False,9.7,261,90,12,False,44.4,246,94,180,,2025-10-01T21:00:05.899252Z,49,313,50,p206325,0,0,None,0,,206325.jpg,2.0,261,94,9,0,225,False,0,0.0,Zinchenko,0.3,321,114,False,None,2,1.0,a,6,16,17,2025-09-01,15.0,260,79,4,19648,160,36342,5298,0.3,0.8,Zinchenko,0
0,2002-10-18,0,20,True,True,None,None,0,0.0,1,432714,None,,0,0,-2,2,39.8,177,118,9,6.43,None,,0,3,-0.2,-0.2,0,0.17,0.12,0.19,0.13,0.02,2.77,1.98,0.01,James,0.3,357,171,5,3.57,0,False,6.1,310,153,426,False,14.0,358,166,126,,None,53,212,135,p432714,0,0,None,0,,432714.jpg,1.0,389,189,6,0,241,False,0,0.0,McAtee,0.1,461,154,False,None,1,0.71,a,2,16,17,2025-08-16,6.0,321,167,4,8542,381,18477,1506,0.1,0.8,McAtee,0
0,1992-02-26,0,75,True,True,None,None,0,0.0,6,85633,None,,0,0,-1,1,0.0,663,79,0,0.0,None,,0,1,2.2,2.2,3,0.00,0.0,0.00,0.0,0.00,12.18,1.74,0.0,Matz,2.7,120,8,12,1.71,0,False,19.8,134,3,502,False,197.4,14,3,630,,None,49,296,12,p85633,0,0,None,0,,85633.jpg,2.1,249,22,44,0,21,False,25,3.57,Sels,10.1,41,7,False,None,7,1.0,a,0,16,17,2024-02-01,0.0,644,72,15,255769,5664,1247726,122445,0.6,3.1,Sels,1
0,1998-10-09,0,0,False,True,0,0,0,0,0,475123,None,,0,0,0,0,0.0,479,46,0,0,None,,0,1,0.0,0.0,0,0.00,0,0.00,0,0.00,0.00,0,0,Carlos Miguel,0.0,449,56,0,0,0,False,0.0,497,61,503,False,0.0,495,61,0,Has joined Palmeiras permanently.,2025-08-20T13:32:34.630338Z,40,660,69,p475123,0,0,None,0,,475123.jpg,0.0,500,61,0,0,30,False,0,0,dos Santos Pereira,0.1,478,75,False,None,0,0,u,0,16,17,2024-07-09,0.0,446,35,0,448,0,12174,594,0.0,0.0,C.Miguel,0
0,1994-06-24,0,0,False,True,0,0,0,0,0,224068,None,,0,0,0,0,0.0,460,34,0,0,None,,0,1,0.0,0.0,0,0.00,0,0.00,0,0.00,0.00,0,0,Matt,0.0,429,44,0,0,0,False,0.0,478,49,504,False,0.0,477,49,0,Has joined Lyon permanently.,2025-08-11T01:18:09.881299Z,40,636,57,p224068,0,0,None,0,,224068.jpg,0.0,481,49,0,0,229,False,0,0,Turner,0.1,450,71,False,None,0,0,u,0,16,17,2023-08-09,0.0,427,23,0,0,0,12183,622,0.0,0.0,Turner,0
0,1997-10-12,0,51,True,True,None,None,0,0.0,46,227444,None,,-1,1,-2,2,22.0,242,77,48,6.86,None,,0,2,1.5,1.5,3,0.18,0.03,0.25,0.04,0.07,12.18,1.74,0.01,Nikola,2.0,175,64,12,1.71,0,False,14.8,190,62,505,False,110.4,95,45,630,,None,53,208,28,p227444,0,0,None,0,,227444.jpg,1.7,297,105,20,0,190,False,0,0.0,Milenković,5.0,75,27,False,None,7,1.0,a,2,16,17,2024-07-18,14.0,271,87,12,194893,3305,691621,68053,0.4,2.3,Milenković,1
0,2002-07-04,0,23,True,True,100,75,0,0.0,22,575476,None,,0,0,-1,1,11.9,303,104,25,7.35,3,,0,2,-0.5,-0.4,0,0.20,0.06,0.20,0.06,0.00,5.97,1.76,0.0,Murillo,0.0,711,242,6,1.76,0,False,6.6,305,100,506,False,54.0,220,85,306,,2025-10-03T14:00:09.032869Z,54,197,26,p575476,0,0,None,0,,575476.jpg,1.8,287,103,21,0,30,False,0,0.0,Costa dos Santos,2.2,124,47,False,None,4,1.18,a,3,16,17,2023-08-31,0.0,718,244,7,66877,1981,557265,29854,0.0,1.3,Murillo,1
0,1996-10-08,0,20,True,True,0,0,0,0.0,16,159506,None,,0,0,-2,2,33.3,194,52,22,7.33,None,,0,2,0.0,0.0,0,0.32,0.11,0.36,0.12,0.04,5.02,1.67,0.01,Ola,0.0,628,227,5,1.67,0,False,9.8,260,89,507,False,53.8,221,86,270,Hamstring injury - Expected back 13 Dec,2025-09-11T06:30:07.556962Z,48,365,62,p159506,0,0,None,0,,159506.jpg,2.0,258,93,20,0,157,False,0,0.0,Aina,3.2,104,38,False,None,3,1.0,i,6,16,17,2023-07-22,11.0,283,93,6,231016,82,1435304,59123,0.0,1.2,Aina,1
0,2001-04-13,2,80,True,True,None,None,0,0.0,19,215136,None,,-1,1,-2,2,115.7,48,12,37,5.29,None,,1,2,3.2,3.2,0,0.39,0.06,0.61,0.09,0.22,12.18,1.74,0.03,Neco,3.7,80,29,12,1.71,1,False,35.4,34,4,508,False,155.2,45,18,630,,None,48,369,64,p215136,0,0,None,0,,215136.jpg,2.1,248,88,27,0,244,False,0,0.0,Williams,4.4,78,29,False,None,7,1.0,a,18,16,17,2022-07-11,83.0,64,5,15,165208,4020,745871,77152,0.8,3.1,N.Williams,4
0,1999-07-19,0,0,False,True,0,0,0,0,0,451432,None,,0,0,0,0,0.0,601,230,0,0,None,,0,2,0.0,0.0,0,0.00,0,0.00,0,0.00,0.00,0,0,David,0.0,572,221,0,0,0,False,0.0,610,230,509,False,0.0,608,230,0,has joined Real Oviedo on loan for the rest of the season.,2025-09-02T13:08:17.187888Z,45,426,92,p451432,0,0,None,0,,451432.jpg,0.0,613,230,0,0,6,False,0,0,Mota Veiga Teixeira do Carmo,0.0,635,217,False,None,0,0,u,0,16,17,2024-08-25,0.0,580,227,0,427,0,3864,145,0.0,0.0,David Carmo,0
0,2005-03-07,0,9,True,True,None,None,0,0.0,9,575458,None,,-1,1,-2,2,0.4,387,140,11,11.0,None,,0,2,0.5,0.5,3,0.00,0.0,0.00,0.0,0.00,3.28,3.28,0.0,Jair,1.0,247,84,2,2.0,0,False,2.6,372,131,510,False,26.0,301,113,90,,None,43,605,156,p575458,0,0,None,0,,575458.jpg,3.0,142,57,1,0,30,False,0,0.0,Paula da Cunha Filho,0.1,543,198,False,None,1,1.0,a,2,16,17,2025-07-11,0.0,494,208,3,1364,255,5113,316,0.2,0.7,Jair Cunha,0
0,2001-06-30,0,30,True,True,None,None,0,0.0,26,485047,None,,0,0,-1,1,5.0,342,117,32,8.32,None,,0,2,1.5,1.5,3,0.03,0.01,0.06,0.02,0.03,5.31,1.38,0.01,Felipe,2.0,159,57,6,1.56,0,False,8.2,278,94,511,False,73.8,172,71,346,,None,44,542,138,p485047,0,0,None,0,,485047.jpg,1.8,280,100,21,0,30,False,0,0.0,Rodrigues da Silva,0.1,493,183,False,None,4,1.04,a,6,16,17,2024-08-30,3.0,344,124,7,3388,275,6188,458,0.5,1.6,Morato,2
0,1998-02-15,0,0,False,True,0,0,0,0,0,204822,None,,0,0,0,0,0.0,592,227,0,0,None,,0,2,0.0,0.0,0,0.00,0,0.00,0,0.00,0.00,0,0,Omar,0.0,563,219,0,0,0,False,0.0,601,227,512,False,0.0,599,227,0,has joined Rio Ave on loan for the rest of the season.,2025-09-02T12:23:02.662537Z,45,407,80,p204822,0,0,None,0,,204822.jpg,0.0,605,228,0,0,241,False,0,0,Richards,0.0,639,218,False,None,0,0,u,0,16,17,2022-07-10,0.0,570,224,0,345,0,3630,140,0.0,0.0,O.Richards,0
0,2006-05-13,0,0,True,True,None,None,0,0,0,549067,None,,0,0,-1,1,0.0,422,164,0,0,None,,0,2,-0.5,-0.5,0,0.00,0,0.00,0,0.00,0.00,0,0,Zach,0.0,394,150,0,0,0,False,0.0,444,167,513,False,0.0,443,168,0,,None,39,730,233,p549067,0,0,None,0,,549067.jpg,0.0,447,167,0,0,241,False,0,0,Abbott,0.2,363,129,False,None,0,0,a,0,16,17,2022-08-22,0.0,390,154,0,5756,685,10843,990,0.0,0.0,Abbott,0
0,1991-02-03,0,0,True,True,None,None,0,0,0,90585,None,,0,0,-1,1,0.0,399,144,0,0,None,,0,2,-0.5,-0.5,0,0.00,0,0.00,0,0.00,0.00,0,0,Willy,0.0,371,130,0,0,0,False,0.0,421,147,514,False,0.0,420,148,0,,None,39,704,210,p90585,0,0,None,0,,90585.jpg,0.0,425,148,0,0,54,False,0,0,Boly,0.5,246,93,False,None,0,0,a,0,16,17,2022-09-01,0.0,365,132,0,23575,2513,29326,2877,0.0,0.0,Boly,0
1,2000-01-27,0,90,True,True,None,None,0,0.0,11,222531,None,,0,0,-1,1,144.0,27,24,36,5.88,2,,0,3,1.8,1.8,4,0.65,0.11,1.64,0.27,0.99,11.65,1.9,0.16,Morgan,2.3,153,74,10,1.63,0,False,32.9,41,27,515,False,70.6,178,69,551,,None,74,25,16,p222531,0,0,2,0,,222531.jpg,2.6,204,89,23,0,241,False,0,0.0,Gibbs-White,3.4,100,34,False,None,6,0.98,a,2,16,17,2022-08-19,117.0,41,23,18,343022,5617,567372,58458,0.3,2.4,Gibbs-White,0
0,2000-11-07,3,77,True,True,None,None,0,0.0,3,209046,4,,-1,1,-1,1,130.2,36,31,10,2.28,None,,0,3,0.5,0.5,1,0.45,0.1,0.90,0.2,0.45,8.86,2.02,0.1,Callum,1.0,277,134,7,1.59,1,False,29.4,61,38,516,False,75.8,164,64,395,,None,59,99,67,p209046,0,0,None,0,,209046.jpg,2.6,201,87,6,0,241,False,0,0.0,Hudson-Odoi,1.0,179,61,False,None,4,0.91,a,1,16,17,2023-09-01,87.0,61,37,18,148618,1830,182122,21146,0.2,3.1,Hudson-Odoi,0
1,2002-11-06,1,130,True,True,None,None,0,0.0,13,215379,3,,0,0,-1,1,170.0,16,15,89,12.71,None,,0,3,2.2,2.2,1,0.78,0.11,1.41,0.2,0.63,12.18,1.74,0.09,Elliot,2.7,126,59,12,1.71,0,False,37.5,26,19,517,False,143.2,60,19,630,,None,54,175,108,p215379,0,0,None,0,,215379.jpg,3.1,137,57,55,0,241,False,0,0.0,Anderson,3.6,96,31,False,None,7,1.0,a,21,16,17,2024-07-01,61.0,100,61,22,231677,6133,514228,63030,0.5,4.1,Anderson,2
0,1999-08-01,0,6,False,True,0,0,0,0.0,1,510500,None,,0,0,-1,1,0.5,386,195,3,24.55,None,,0,3,0.0,0.0,0,0.00,0.0,0.00,0.0,0.00,0.00,0.0,0.0,João Pedro,0.0,707,308,0,0.0,0,False,1.0,398,190,518,False,5.0,389,181,11,has joined Besiktas on loan for the rest of the season.,2025-09-12T15:53:40.376767Z,54,191,119,p510500,0,0,None,0,,510500.jpg,1.0,395,193,0,0,173,False,0,0.0,Ferreira da Silva,0.0,578,218,False,None,0,0.0,u,2,16,17,2024-08-01,4.0,343,178,1,1029,0,8193,340,0.0,0.2,Jota,0
0,1998-06-28,0,3,True,True,100,100,0,0.0,1,250199,None,,0,0,0,0,3.3,356,186,3,6.0,None,,0,3,-0.5,-0.5,0,0.01,0.02,0.01,0.02,0.00,0.44,0.88,0.0,Nicolás,0.0,672,285,1,2.0,0,False,0.6,409,194,519,False,2.4,404,189,45,,2025-07-21T10:00:04.988497Z,50,267,164,p250199,0,0,None,0,,250199.jpg,0.0,696,300,0,0,10,False,0,0.0,Domínguez,0.0,707,307,False,None,1,2.0,a,2,16,17,2023-09-01,0.0,683,297,0,427,117,301,64,0.0,0.0,Dominguez,1
0,1998-10-14,0,0,False,True,0,0,0,0,0,243345,None,,0,0,0,0,0.0,692,300,0,0,None,,0,3,0.0,0.0,0,0.00,0,0.00,0,0.00,0.00,0,0,Lewis,0.0,671,284,0,0,0,False,0.0,696,300,520,False,0.0,695,299,0,Has joined Wrexham permanently.,2025-07-25T14:55:12.030109Z,50,264,163,p243345,0,0,None,0,,243345.jpg,0.0,695,299,0,0,241,False,0,0,O'Brien,0.0,740,328,False,None,0,0,u,0,16,17,2022-07-20,0.0,682,296,0,0,0,109,5,0.0,0.0,O'Brien,0
0,1997-12-02,0,53,True,True,None,None,0,0.0,19,210462,None,,-1,1,-1,1,19.0,265,152,41,10.51,None,,0,3,-0.2,-0.2,0,0.08,0.02,0.11,0.03,0.03,5.98,1.53,0.01,Ibrahim,0.3,352,169,6,1.54,0,False,5.5,320,159,521,False,33.2,280,127,351,,None,49,317,199,p210462,0,0,None,0,,210462.jpg,2.2,233,108,15,0,54,False,0,0.0,Sangaré,0.1,539,196,False,None,4,1.03,a,7,16,17,2023-09-01,2.0,353,185,11,4118,158,5611,652,0.1,2.2,Sangaré,0
0,1997-11-21,0,14,True,True,None,None,0,0.0,9,204968,None,,0,0,-2,2,5.3,340,181,14,14.32,None,,0,3,-0.2,-0.2,1,0.01,0.01,0.08,0.08,0.07,1.11,1.14,0.07,Ryan,0.3,347,164,2,2.05,0,False,4.3,340,167,522,False,19.8,332,155,88,,None,48,367,230,p204968,0,0,None,0,,204968.jpg,1.0,367,172,5,0,241,False,0,0.0,Yates,0.1,494,169,False,None,1,1.02,a,0,16,17,2018-08-01,19.0,238,132,4,3030,348,9241,725,0.1,0.8,Yates,1
0,2006-05-03,0,0,False,True,0,0,0,0,0,569014,None,,0,0,0,0,0.0,629,262,0,0,None,,0,3,0.0,0.0,0,0.00,0,0.00,0,0.00,0.00,0,0,Eric,0.0,600,240,0,0,0,False,0.0,637,262,523,False,0.0,635,260,0,has joined Rio Ave on loan for the rest of the season.,2025-09-02T12:23:02.683095Z,45,463,276,p569014,0,0,None,0,,569014.jpg,0.0,640,265,0,0,80,False,0,0,da Silva Moreira,0.1,518,184,False,None,0,0,u,0,16,17,2024-07-01,0.0,608,253,0,1896,0,14214,582,0.0,0.0,Da Silva Moreira,0
0,2002-02-19,0,0,False,True,0,0,0,0,0,495161,None,,0,0,0,0,0.0,612,247,0,0,None,,0,3,0.0,0.0,0,0.00,0,0.00,0,0.00,0.00,0,0,Marko,0.0,583,225,0,0,0,False,0.0,620,247,524,False,0.0,618,245,0,Has joined Swansea City permanently.,2025-08-20T13:32:34.645399Z,45,440,260,p495161,0,0,None,0,,495161.jpg,0.0,623,250,0,0,154,False,0,0,Stamenić,0.0,645,268,False,None,0,0,u,0,16,17,2024-06-27,0.0,591,238,0,245,0,5074,147,0.0,0.0,Stamenic,0
0,1991-12-07,3,80,True,True,75,None,1,0.17,6,60689,None,,-1,1,-2,2,49.6,143,13,13,2.24,None,,1,4,1.1,1.5,2,0.11,0.02,2.92,0.5,2.81,7.57,1.31,0.48,Chris,2.0,186,19,7,1.21,2,False,29.6,60,11,525,False,75.6,166,13,522,Knee injury - 75% chance of playing,2025-10-16T12:30:10.471371Z,73,27,10,p60689,0,0,1,0,,60689.jpg,3.4,115,11,7,0,154,False,0,0.0,Wood,10.5,37,7,False,None,7,1.21,d,0,16,17,2023-07-01,179.0,12,6,24,2123997,11883,2666976,345380,0.3,3.3,Wood,0
0,2001-02-25,0,25,True,True,None,None,0,0.0,4,482973,None,,0,0,-2,2,15.9,280,27,12,10.69,None,,0,4,0.5,0.5,1,0.04,0.04,0.35,0.32,0.31,4.71,4.2,0.28,Igor Jesus,1.0,276,31,4,3.56,0,False,8.1,282,28,526,False,18.2,338,30,101,,None,58,117,30,p482973,0,0,None,0,,482973.jpg,1.0,404,44,5,0,30,False,0,0.0,Maciel da Cruz,0.7,204,34,False,None,0,0.0,a,3,16,17,2025-07-05,49.0,132,28,6,73774,6561,92655,13313,0.2,1.0,Igor Jesus,0
0,1997-08-12,0,0,True,True,None,None,0,0,0,210156,None,,-1,1,-3,3,0.0,706,74,0,0,None,,0,4,-0.5,-0.5,0,0.00,0,0.00,0,0.00,0.00,0,0,Taiwo,0.0,685,71,0,0,0,False,0.0,708,74,527,False,0.0,707,74,0,,None,52,222,48,p210156,0,0,None,0,,210156.jpg,0.0,708,74,0,0,157,False,0,0,Awoniyi,0.4,275,44,False,None,0,0,a,0,16,17,2022-06-25,0.0,699,73,0,19211,1757,64755,3899,0.0,0.0,Awoniyi,0
1,2000-10-25,4,91,True,True,None,None,0,0.0,7,456512,None,,-1,1,-1,1,103.2,59,45,34,6.21,None,,0,3,1.2,1.2,2,0.64,0.12,0.79,0.15,0.15,7.36,1.34,0.03,Dan,1.7,218,99,8,1.46,1,False,27.0,73,44,669,False,95.8,126,41,493,,None,59,104,71,p456512,0,0,None,0,,456512.jpg,3.4,114,46,21,0,207,False,0,0.0,Ndoye,1.8,139,49,False,None,7,1.28,a,6,16,17,2025-07-31,70.0,81,49,24,522519,2860,411514,48469,0.3,4.1,Ndoye,0
0,1996-01-22,0,0,True,True,None,None,0,0,0,107265,None,,0,0,0,0,0.0,446,26,0,0,None,,0,1,-0.5,-0.5,0,0.00,0,0.00,0,0.00,0.00,0,0,Angus,0.0,416,36,0,0,0,False,0.0,465,41,675,False,0.0,464,41,0,,None,40,621,49,p107265,0,0,None,0,,107265.jpg,0.0,468,41,0,0,243,False,0,0,Gunn,1.6,149,19,False,None,0,0,a,0,16,17,2025-08-06,0.0,414,15,0,25047,818,50122,4268,0.0,0.0,Gunn,0
0,2003-10-30,0,19,True,True,None,None,0,0.0,0,503301,None,,0,0,0,0,57.6,121,87,4,6.92,None,,0,3,0.2,0.2,1,0.35,0.61,0.77,1.34,0.42,3.62,6.27,0.73,Omari,0.7,317,156,2,3.46,0,False,11.6,233,115,693,False,23.2,314,143,52,,None,55,157,100,p503301,0,0,None,0,,503301.jpg,1.0,399,196,3,0,241,False,0,0.0,Hutchinson,0.0,629,258,False,None,0,0.0,a,1,16,17,2025-08-16,38.0,165,100,4,3264,187,2710,320,0.1,0.7,Hutchinson,0
0,2002-01-20,0,11,True,True,None,None,0,0.0,1,465680,None,,0,0,0,0,16.4,277,25,3,4.15,None,,0,4,0.2,0.2,0,0.02,0.03,0.37,0.51,0.35,1.48,2.05,0.48,Arnaud,0.7,321,36,2,2.77,0,False,4.1,346,37,696,False,2.8,402,41,65,,None,60,87,27,p465680,0,0,None,0,,465680.jpg,1.0,406,45,2,0,73,False,0,0.0,Kalimuendo,0.1,469,66,False,None,0,0.0,a,0,16,17,2025-08-18,22.0,226,37,5,7768,828,6736,1080,0.1,0.8,Kalimuendo,0
1,1998-05-09,0,23,True,True,100,0,0,0.0,0,230046,None,,0,0,0,0,18.1,268,153,3,3.6,None,,0,3,1.2,0.0,0,0.02,0.02,0.04,0.04,0.02,0.68,0.82,0.02,Douglas Luiz,1.7,207,93,1,1.2,0,False,3.1,365,177,699,False,4.4,392,184,75,,2025-09-24T22:30:08.479417Z,50,262,161,p230046,0,0,None,0,,230046.jpg,5.0,37,13,2,0,30,False,0,0.0,Soares de Paulo,0.0,581,221,False,None,1,1.2,a,1,16,17,2025-08-21,8.0,299,157,5,10919,166,9677,972,0.3,1.0,Douglas Luiz,0
0,1996-02-13,0,0,True,True,None,None,0,0,0,221389,None,,0,0,0,0,0.0,458,33,0,0,None,,0,1,-0.5,-0.5,0,0.00,0,0.00,0,0.00,0.00,0,0,John Victor,0.0,427,43,0,0,0,False,0.0,476,48,715,False,0.0,475,48,0,,None,40,634,56,p221389,0,0,None,0,,221389.jpg,0.0,479,48,0,0,30,False,0,0,Maciel Furtado,0.4,279,39,False,None,0,0,a,0,16,17,2025-08-31,0.0,425,22,0,35987,1308,11895,2161,0.0,0.0,John,0
0,2003-03-19,0,5,True,True,None,None,0,0.0,5,500151,None,,0,0,0,0,13.4,296,100,8,5.03,None,,0,2,-0.2,-0.2,1,0.04,0.03,0.04,0.03,0.00,4.16,2.62,0.0,Nicolò,0.3,342,120,4,2.52,0,False,3.8,351,121,716,False,20.4,328,120,143,,None,45,442,97,p500151,0,0,None,0,,500151.jpg,0.5,421,145,6,0,106,False,0,0.0,Savona,0.0,683,233,False,None,1,0.63,a,3,16,17,2025-08-30,4.0,332,118,1,1289,113,854,143,0.1,0.2,Savona,0
0,2003-02-16,0,0,False,True,0,0,0,0,0,560441,None,,0,0,0,0,0.0,627,232,0,0,None,,0,2,0.0,0.0,0,0.00,0,0.00,0,0.00,0.00,0,0,Luis Eduardo,0.0,598,224,0,0,0,False,0.0,635,232,729,False,0.0,633,232,0,has joined Botafogo on loan for the rest of the season.,2025-09-05T08:56:15.818633Z,45,461,101,p560441,0,0,None,0,,560441.jpg,0.0,638,232,0,0,30,False,0,0,Soares da Silva,0.0,742,245,False,None,0,0,u,0,16,17,2025-09-01,0.0,606,229,0,25,0,35,2,0.0,0.0,Cuiabano,0
0,2002-08-26,0,27,True,True,None,None,0,0.0,2,476887,None,,0,0,0,0,73.7,90,67,13,6.8,None,,0,3,0.8,0.8,1,0.27,0.14,0.40,0.21,0.13,3.23,1.69,0.07,Dilane,1.3,242,113,4,2.09,0,False,15.3,185,96,734,False,30.2,290,131,172,,None,60,88,57,p476887,0,0,None,0,,476887.jpg,1.2,333,159,11,0,73,False,0,0.0,Bakwa,0.0,671,285,False,None,2,1.05,a,0,16,17,2025-09-01,49.0,134,82,5,2320,188,1486,363,0.2,0.8,Bakwa,0
0,2000-05-10,0,0,True,True,None,None,0,0,0,232571,None,,-1,1,-2,2,0.0,520,62,0,0,None,,0,1,-0.5,-0.5,0,0.00,0,0.00,0,0.00,0.00,0,0,Anthony,0.0,491,71,0,0,0,False,0.0,537,76,528,False,0.0,535,76,0,,None,43,598,36,p232571,0,0,None,0,,232571.jpg,0.0,539,76,0,0,241,False,0,0,Patterson,0.2,360,55,False,None,0,0,a,0,17,56,2018-10-09,0.0,489,51,0,5725,429,22218,1318,0.0,0.0,Patterson,0
0,1990-05-19,0,0,True,True,None,None,0,0,0,74854,None,,0,0,0,0,0.0,439,20,0,0,None,,0,1,-0.5,-0.5,0,0.00,0,0.00,0,0.00,0.00,0,0,Simon,0.0,409,30,0,0,0,False,0.0,458,35,529,False,0.0,457,35,0,,None,40,614,43,p74854,0,0,None,0,,74854.jpg,0.0,461,35,0,0,241,False,0,0,Moore,0.4,267,38,False,None,0,0,a,0,17,56,2024-07-01,0.0,407,9,0,7395,444,17865,1525,0.0,0.0,Moore,0
0,2001-05-31,0,0,True,True,None,None,0,0,0,490000,None,,0,0,0,0,0.0,484,50,0,0,None,,0,1,-0.5,-0.5,0,0.00,0,0.00,0,0.00,0.00,0,0,Blondy,0.0,454,60,0,0,0,False,0.0,502,65,530,False,0.0,500,65,0,,None,40,667,73,p490000,0,0,None,0,,490000.jpg,0.0,505,65,0,0,38,False,0,0,Nna Noukeu,0.1,430,66,False,None,0,0,a,0,17,56,2024-08-02,0.0,451,39,0,1934,124,5279,463,0.0,0.0,Nna Noukeu,0
0,1999-09-22,3,75,True,True,100,100,1,0.41,39,223827,None,,0,0,1,-1,21.4,245,79,44,18.08,None,,1,2,1.2,1.2,3,0.18,0.07,0.67,0.27,0.49,2.24,0.92,0.2,Daniel,1.7,202,76,1,0.41,1,False,23.1,105,31,531,False,128.4,77,36,219,,2025-08-23T22:30:06.243330Z,46,387,69,p223827,0,0,None,0,,223827.jpg,4.6,50,22,6,0,242,False,0,0.0,Ballard,2.4,119,45,False,None,2,0.82,a,5,17,56,2022-07-01,81.0,69,6,23,605429,8819,563611,12954,0.4,5.0,Ballard,0
0,2002-03-18,0,105,True,True,None,None,3,0.44,33,487676,None,,0,0,0,0,74.7,86,19,48,6.99,4,,0,2,3.2,3.2,1,0.24,0.03,0.35,0.05,0.11,8.38,1.22,0.02,Trai,3.7,79,28,6,0.87,0,False,19.4,143,44,532,False,100.8,113,53,618,,None,45,434,94,p487676,0,0,None,0,,487676.jpg,3.7,98,41,21,0,242,False,0,0.0,Hume,0.3,305,109,False,None,7,1.02,a,15,17,56,2022-01-04,18.0,243,71,26,30849,3631,23446,2765,0.8,5.8,Hume,0
0,2001-01-17,0,0,True,True,0,0,0,0,0,220684,None,,0,0,0,0,0.0,457,181,0,0,None,,0,2,0.0,0.0,0,0.00,0,0.00,0,0.00,0.00,0,0,Aji,0.0,426,166,0,0,0,False,0.0,475,182,533,False,0.0,474,183,0,Shoulder injury - Expected back 03 Nov,2025-07-21T10:00:05.007315Z,40,633,166,p220684,0,0,None,0,,220684.jpg,0.0,478,182,0,0,241,False,0,0,Alese,0.0,725,244,False,None,0,0,i,0,17,56,2022-07-15,0.0,424,170,0,239,16,405,32,0.0,0.0,Alese,0
0,2001-02-06,0,0,True,True,None,None,0,0,0,232820,None,,0,0,-1,1,0.0,405,148,0,0,None,,0,2,-0.5,-0.5,0,0.00,0,0.00,0,0.00,0.00,0,0,Joe,0.0,377,134,0,0,0,False,0.0,427,151,534,False,0.0,426,152,0,,None,39,713,217,p232820,0,0,None,0,,232820.jpg,0.0,430,151,0,0,241,False,0,0,Anderson,0.5,251,95,False,None,0,0,a,0,17,56,2023-01-31,0.0,373,138,0,26394,2925,31480,3116,0.0,0.0,Anderson,0
0,2002-04-06,0,0,True,True,0,0,0,0,0,461195,None,,0,0,0,0,0.0,471,188,0,0,None,,0,2,0.0,0.0,0,0.00,0,0.00,0,0.00,0.00,0,0,Dennis,0.0,441,174,0,0,0,False,0.0,489,189,535,False,0.0,487,189,0,Wrist Injury - Expected back 03 Nov,2025-07-21T10:00:05.027113Z,40,650,176,p461195,0,0,None,0,,461195.jpg,0.0,492,189,0,0,241,False,0,0,Cirkin,0.0,679,231,False,None,0,0,i,0,17,56,2021-08-11,0.0,438,177,0,264,16,1807,93,0.0,0.0,Cirkin,0
0,2003-08-26,0,0,True,True,0,0,0,0,0,477547,None,,0,0,0,0,0.0,480,190,0,0,None,,0,2,0.0,0.0,0,0.00,0,0.00,0,0.00,0.00,0,0,Leo Fuhr,0.0,450,176,0,0,0,False,0.0,498,191,536,False,0.0,496,191,0,Achilles injury - Expected back 03 Nov,2025-07-21T10:00:05.047173Z,40,661,180,p477547,0,0,None,0,,477547.jpg,0.0,501,191,0,0,161,False,0,0,Hjelde,0.0,723,243,False,None,0,0,i,0,17,56,2024-01-30,0.0,447,179,0,252,18,379,34,0.0,0.0,Hjelde,0
0,2000-12-18,0,0,False,True,0,0,0,0,0,492066,None,,0,0,0,0,0.0,486,192,0,0,None,,0,2,0.0,0.0,0,0.00,0,0.00,0,0.00,0.00,0,0,Niall,0.0,456,178,0,0,0,False,0.0,504,193,537,False,0.0,502,193,0,has joined Wycombe Wanderers on loan for the rest of the season.,2025-09-02T13:34:00.250364Z,40,669,184,p492066,0,0,None,0,,492066.jpg,0.0,507,193,0,0,244,False,0,0,Huggins,0.1,476,175,False,None,0,0,u,0,17,56,2021-08-20,0.0,453,181,0,1038,0,13000,644,0.0,0.0,Huggins,0
0,2004-07-30,0,0,True,True,None,None,0,0,0,514613,None,,0,0,-1,1,0.0,416,158,0,0,None,,0,2,-0.5,-0.5,0,0.00,0,0.00,0,0.00,0.00,0,0,Zak,0.0,388,144,0,0,0,False,0.0,438,161,538,False,0.0,437,162,0,,None,39,724,227,p514613,0,0,None,0,,514613.jpg,0.0,441,161,0,0,241,False,0,0,Johnson,0.3,322,115,False,None,0,0,a,0,17,56,2021-10-12,0.0,384,148,0,14074,2211,14017,1784,0.0,0.0,Johnson,0
0,1994-11-21,0,0,True,True,100,100,0,0,0,167512,None,,0,0,0,0,0.0,452,178,0,0,None,,0,2,-0.5,-0.5,0,0.00,0,0.00,0,0.00,0.00,0,0,Luke,0.0,422,164,0,0,0,False,0.0,471,180,539,False,0.0,470,181,0,,2025-07-21T10:00:05.068622Z,40,627,162,p167512,0,0,4,0,,167512.jpg,0.0,474,180,0,0,241,False,0,0,O'Nien,0.0,608,212,False,None,0,0,a,0,17,56,2018-07-30,0.0,420,168,0,1753,465,1700,281,0.0,0.0,O'Nien,0
0,2002-09-09,0,0,True,True,None,None,0,0,0,465702,None,,0,0,-1,1,0.0,410,153,0,0,None,,0,2,-0.5,-0.5,0,0.00,0,0.00,0,0.00,0.00,0,0,Timothée,0.0,382,139,0,0,0,False,0.0,432,156,540,False,0.0,431,157,0,,None,39,718,222,p465702,0,0,None,0,,465702.jpg,0.0,435,156,0,0,73,False,0,0,Pembélé,0.5,252,96,False,None,0,0,a,0,17,56,2023-09-01,0.0,378,143,0,42132,4075,19797,3550,0.0,0.0,Pembele,0
0,1994-01-21,0,66,True,True,0,0,2,0.46,25,434399,None,,0,0,0,0,18.3,267,89,36,8.27,None,,0,2,0.0,0.0,0,0.04,0.01,0.06,0.01,0.02,4.78,1.1,0.0,Reinildo,-0.7,743,245,4,0.92,0,False,9.9,257,87,541,False,74.2,170,70,392,Suspended until 25 Oct,2025-09-21T22:30:06.385468Z,40,642,170,p434399,0,0,None,0,,434399.jpg,2.8,170,65,13,1,146,False,0,0.0,Mandava,5.0,76,28,False,None,5,1.15,s,11,17,56,2025-07-08,6.0,313,107,14,411622,571,603644,69473,-0.2,3.5,Reinildo,1
0,2003-05-23,0,11,False,True,0,0,0,0.0,8,519634,None,,0,0,0,0,2.4,363,129,12,8.12,None,,0,2,0.0,0.0,0,0.01,0.01,0.01,0.01,0.00,1.33,0.9,0.0,Jenson,0.0,465,184,2,1.35,0,False,3.6,353,122,542,False,33.6,278,103,133,has joined Wolfsburg on loan for the rest of the season.,2025-09-02T13:40:22.421351Z,40,680,192,p519634,0,0,None,0,,519634.jpg,1.0,346,122,6,0,152,False,0,0.0,Seelt,0.1,427,157,False,None,1,0.68,u,4,17,56,2023-07-01,0.0,462,187,2,3016,0,20129,1016,0.0,0.5,Seelt,0
1,2002-01-01,0,36,True,True,None,None,2,0.66,5,535818,None,,-1,1,-3,3,77.8,82,60,16,5.31,None,,0,3,0.2,0.2,1,0.25,0.08,0.39,0.13,0.14,3.03,1.01,0.05,Simon,0.7,308,152,4,1.33,0,False,11.4,237,119,543,False,28.4,295,135,271,,None,52,232,146,p535818,0,0,None,0,,535818.jpg,2.2,237,112,7,0,54,False,0,0.0,Adingra,0.7,209,71,False,None,4,1.33,a,4,17,56,2025-07-10,8.0,300,158,13,72972,1912,174100,9433,0.1,2.5,Adingra,1
1,2004-01-03,0,23,True,True,0,0,2,0.52,6,547027,None,,0,0,-1,1,31.0,203,130,15,3.91,None,,0,3,0.0,0.0,0,0.08,0.02,0.58,0.15,0.50,3.87,1.01,0.13,Habib,0.0,709,310,2,0.52,0,False,8.0,284,141,544,False,10.6,367,170,345,Groin Injury - Expected back 03 Dec,2025-09-21T22:30:06.402407Z,54,194,122,p547027,0,0,None,0,,547027.jpg,3.0,157,65,8,0,189,False,0,0.0,Diarra,0.1,570,210,False,None,4,1.04,i,1,17,56,2025-07-01,45.0,143,86,12,6019,21,13961,995,0.0,2.2,Diarra,1
0,1997-02-05,0,4,False,True,0,0,0,0.0,0,124165,4,,0,0,-1,1,7.3,329,175,1,3.33,None,,0,3,0.0,0.0,0,0.02,0.07,0.05,0.17,0.03,0.66,2.2,0.1,Patrick,0.0,697,303,1,3.33,0,False,1.4,392,186,545,False,1.8,410,192,27,has joined Birmingham City on loan for the rest of the season.,2025-09-02T13:33:32.438579Z,54,166,104,p124165,0,0,2,0,,124165.jpg,1.0,392,191,1,0,241,False,0,0.0,Roberts,0.0,674,287,False,None,0,0.0,u,0,17,56,2022-01-21,5.0,326,171,1,462,0,3762,98,0.0,0.2,Roberts,0
0,2005-08-30,0,0,False,True,0,0,0,0,0,626844,None,,0,0,-1,1,0.0,685,297,0,0,None,,0,3,0.0,0.0,0,0.00,0,0.00,0,0.00,0.00,0,0,Milan,0.0,665,281,0,0,0,False,0.0,691,297,546,False,0.0,690,296,0,has joined Cracovia on loan for the rest of the season.,2025-09-08T09:11:30.805435Z,49,359,226,p626844,0,0,None,0,,626844.jpg,0.0,690,296,0,0,190,False,0,0,Aleksić,0.0,660,278,False,None,0,0,u,0,17,56,2024-08-30,0.0,672,292,0,295,0,3013,127,0.0,0.0,Aleksić,0
0,2000-02-03,2,70,True,True,100,100,1,0.24,7,484420,2,,0,0,-1,1,62.2,115,83,43,10.32,2,,1,3,1.8,1.8,2,0.24,0.06,1.07,0.26,0.83,5.48,1.32,0.2,Enzo,2.3,139,65,5,1.2,1,False,18.0,157,82,547,False,89.0,141,50,375,,2025-09-13T21:30:08.349570Z,49,346,215,p484420,0,0,None,0,,484420.jpg,3.3,119,47,23,0,73,False,0,0.0,Le Fée,0.4,268,91,False,None,4,0.96,a,13,17,56,2025-07-01,29.0,191,111,20,54855,2363,52201,4605,0.5,4.1,E.Le Fée,0
0,2003-04-24,0,0,True,True,0,0,0,0,0,461199,3,,0,0,-1,1,0.0,680,294,0,0,3,,0,3,0.0,0.0,0,0.00,0,0.00,0,0.00,0.00,0,0,Romaine,0.0,659,277,0,0,0,False,0.0,686,294,548,False,0.0,685,293,0,Hamstring injury - Expected back 22 Nov,2025-08-10T23:30:07.214806Z,49,339,211,p461199,0,0,None,0,,461199.jpg,0.0,685,293,0,0,241,False,0,0,Mundle,0.0,724,317,False,None,0,0,i,0,17,56,2024-02-01,0.0,666,288,0,143,10,702,27,0.0,0.0,Mundle,0
0,2001-12-13,0,4,True,True,None,None,0,0.0,1,223336,None,,-1,1,-2,2,0.0,658,281,1,90.0,None,,0,3,-0.2,-0.2,0,0.00,0.0,0.00,0.0,0.00,0.10,9.0,0.0,Dan,0.3,348,165,0,0.0,0,False,0.1,420,199,549,False,1.0,416,196,1,,None,48,371,232,p223336,0,0,None,0,,223336.jpg,1.0,368,173,0,0,241,False,0,0.0,Neil,0.0,622,252,False,None,0,0.0,a,0,17,56,2018-11-01,0.0,639,273,1,660,91,2517,190,0.1,0.2,Neil,0
0,2000-02-09,0,0,True,True,None,None,0,0,0,215460,None,,-1,1,-2,2,0.0,657,280,0,0,None,,0,3,-0.5,-0.5,0,0.00,0,0.00,0,0.00,0.00,0,0,Ian,0.0,631,260,0,0,0,False,0.0,666,281,550,False,0.0,665,280,0,,None,48,370,231,p215460,0,0,None,0,,215460.jpg,0.0,665,280,0,0,48,False,0,0,Poveda-Ocampo,0.0,648,270,False,None,0,0,a,0,17,56,2024-07-24,0.0,638,272,0,321,65,1682,109,0.0,0.0,Poveda,0
0,2007-06-18,0,12,True,True,None,None,0,0.0,1,554197,None,,0,0,-2,2,14.2,288,163,6,5.62,None,,0,3,0.2,0.2,0,0.04,0.04,0.16,0.15,0.12,0.83,0.78,0.11,Chris,0.7,295,141,0,0.0,0,False,2.5,374,179,551,False,5.0,387,180,96,,None,48,383,239,p554197,0,0,None,0,,554197.jpg,1.0,371,176,3,0,241,False,0,0.0,Rigg,0.0,573,213,False,None,2,1.88,a,2,17,56,2022-12-31,5.0,324,169,4,2162,296,4564,474,0.1,0.8,Rigg,0
0,2004-12-17,0,75,True,True,75,None,3,0.43,18,577669,None,,0,0,0,0,73.0,91,68,45,6.5,None,,0,3,0.6,0.8,1,0.33,0.05,0.38,0.06,0.05,8.28,1.2,0.01,Noah,1.3,237,111,6,0.87,0,False,14.7,192,99,552,False,60.8,197,82,623,Ankle injury - 75% chance of playing,2025-10-14T21:30:07.514008Z,50,292,181,p577669,0,0,None,0,,577669.jpg,2.0,265,124,16,0,50,False,0,0.0,Sadiki,0.1,571,211,False,None,7,1.01,d,11,17,56,2025-07-04,12.0,280,150,14,3263,261,4016,620,0.3,2.8,Sadiki,3
1,2005-05-09,0,54,True,True,None,None,4,0.72,8,549912,None,,0,0,0,0,88.9,69,51,30,5.39,None,,0,3,1.5,1.5,1,0.29,0.05,1.18,0.21,0.90,6.12,1.1,0.16,Chemsdine,2.0,173,81,2,0.36,0,False,19.7,136,72,553,False,47.6,240,105,501,,None,50,288,178,p549912,0,0,None,0,,549912.jpg,2.9,166,70,17,0,145,False,0,0.0,Talbi,0.2,346,117,False,None,6,1.08,a,5,17,56,2025-07-09,61.0,99,60,20,36938,660,36999,2835,0.4,4.0,Talbi,0
0,2003-07-31,0,0,True,True,None,None,0,0,0,477851,None,,0,0,-1,1,0.0,546,206,0,0,None,,0,3,-0.5,-0.5,0,0.00,0,0.00,0,0.00,0.00,0,0,Abdoullah,0.0,520,183,0,0,0,False,0.0,559,206,554,False,0.0,557,204,0,,None,44,541,304,p477851,0,0,None,0,,477851.jpg,0.0,563,209,0,0,73,False,0,0,Ba,0.2,362,123,False,None,0,0,a,0,17,56,2022-08-31,0.0,522,196,0,12387,701,20934,1790,0.0,0.0,Ba,0
0,1995-04-15,0,0,False,True,0,0,0,0,0,171422,None,,0,0,0,0,0.0,589,232,0,0,None,,0,3,0.0,0.0,0,0.00,0,0.00,0,0.00,0.00,0,0,Alan,0.0,560,209,0,0,0,False,0.0,599,232,555,False,0.0,597,230,0,has joined Middlesbrough on loan for the rest of the season.,2025-09-02T13:31:41.354124Z,45,400,244,p171422,0,0,None,0,,171422.jpg,0.0,603,235,0,0,104,False,0,0,Browne,0.0,588,227,False,None,0,0,u,0,17,56,2024-07-11,0.0,565,222,0,1291,0,8312,368,0.0,0.0,Browne,0
0,2002-01-15,0,0,False,True,0,0,0,0,0,458297,None,,0,0,0,0,0.0,603,239,0,0,None,,0,3,0.0,0.0,0,0.00,0,0.00,0,0.00,0.00,0,0,Pierre,0.0,573,217,0,0,0,False,0.0,611,239,556,False,0.0,609,237,0,Has joined AS Saint-Etienne permanently.,2025-08-14T14:03:00.702056Z,45,428,252,p458297,0,0,None,0,,458297.jpg,0.0,614,242,0,0,73,False,0,0,Ekwah Elimby,0.0,709,309,False,None,0,0,u,0,17,56,2023-01-23,0.0,582,230,0,0,0,1571,52,0.0,0.0,Ekwah,0
0,2004-12-25,0,0,True,True,None,None,0,0,0,547410,None,,0,0,-1,1,0.0,568,219,0,0,None,,0,3,-0.5,-0.5,0,0.00,0,0.00,0,0.00,0.00,0,0,Harrison,0.0,541,196,0,0,0,False,0.0,580,219,557,False,0.0,578,217,0,,None,44,573,319,p547410,0,0,None,0,,547410.jpg,0.0,584,222,0,0,241,False,0,0,Jones,0.1,547,199,False,None,0,0,a,0,17,56,2024-01-01,0.0,545,209,0,3127,307,4956,513,0.0,0.0,H.Jones,0
0,2001-02-11,0,0,True,True,None,None,0,0,0,493837,None,,0,0,-1,1,0.0,550,209,0,0,None,,0,3,-0.5,-0.5,0,0.00,0,0.00,0,0.00,0.00,0,0,Jay,0.0,524,186,0,0,0,False,0.0,563,209,558,False,0.0,561,207,0,,None,44,551,309,p493837,0,0,None,0,,493837.jpg,0.0,567,212,0,0,241,False,0,0,Matete,0.2,341,115,False,None,0,0,a,0,17,56,2022-01-31,0.0,527,199,0,15140,1441,20804,2069,0.0,0.0,Matete,0
0,2003-05-11,0,0,False,True,0,0,0,0,0,500696,None,,0,0,-1,1,0.0,555,212,0,0,None,,0,3,0.0,0.0,0,0.00,0,0.00,0,0.00,0.00,0,0,Nectarios,0.0,529,189,0,0,0,False,0.0,568,212,559,False,0.0,566,210,0,has joined Minnesota United permanently.,2025-09-22T21:19:57.157510Z,44,557,312,p500696,0,0,None,0,,500696.jpg,0.0,572,215,0,0,13,False,0,0,Triantis,0.0,572,212,False,None,0,0,u,0,17,56,2023-07-01,0.0,532,202,0,2951,0,6480,572,0.0,0.0,Triantis,0
0,2000-08-27,6,102,True,True,None,None,2,0.48,4,437505,None,,0,0,1,-1,5.4,338,36,13,3.1,None,,1,4,3.5,3.5,1,0.03,0.01,1.26,0.3,1.23,6.26,1.49,0.29,Wilson,4.0,65,8,5,1.19,3,False,25.3,85,14,560,False,108.6,97,9,377,,None,56,132,33,p437505,0,0,3,0,,437505.jpg,4.0,81,8,5,0,73,False,0,0.0,Isidor,3.4,99,16,False,None,4,0.95,a,4,17,56,2025-02-01,139.0,24,12,28,523132,76417,164987,46316,0.7,5.0,Isidor,0
0,2005-05-08,2,51,True,True,None,None,2,0.74,2,564406,None,,0,0,0,0,24.6,237,21,6,2.22,None,,0,4,0.2,0.2,1,0.06,0.02,0.53,0.19,0.47,2.33,0.86,0.17,Eliezer,0.7,318,35,1,0.37,1,False,12.1,226,22,561,False,48.0,239,21,243,,None,55,160,39,p564406,0,0,1,0,,564406.jpg,2.8,175,18,3,0,200,False,0,0.0,Mayenda Dossou,0.9,189,30,False,None,3,1.11,a,1,17,56,2023-07-28,50.0,128,27,14,247476,2119,242883,13295,0.1,2.5,Mayenda,0
0,2004-06-19,0,0,True,True,None,None,0,0,0,611975,None,,0,0,-1,1,0.0,580,59,0,0,None,,0,4,-0.5,-0.5,0,0.00,0,0.00,0,0.00,0.00,0,0,Ahmed,0.0,552,55,0,0,0,False,0.0,591,60,562,False,0.0,589,60,0,,None,44,587,80,p611975,0,0,None,0,,611975.jpg,0.0,595,60,0,0,157,False,0,0,Abdullahi,0.4,273,43,False,None,0,0,a,0,17,56,2024-08-31,0.0,556,58,0,19628,1578,43536,3359,0.0,0.0,Abdullahi,0
0,2003-08-11,0,0,False,True,0,0,0,0,0,551153,None,,0,0,-1,1,0.0,569,55,0,0,None,,0,4,0.0,0.0,0,0.00,0,0.00,0,0.00,0.00,0,0,Luís Hemir,0.0,542,52,0,0,0,False,0.0,581,57,563,False,0.0,579,57,0,has joined Moreirense on loan for the rest of the season.,2025-09-22T21:17:57.534387Z,44,575,76,p551153,0,0,None,0,,551153.jpg,0.0,585,57,0,0,173,False,0,0,Silva Semedo,0.1,436,61,False,None,0,0,u,0,17,56,2023-07-01,0.0,546,55,0,5979,0,15905,1264,0.0,0.0,Luís Hemir,0
0,1998-10-25,0,0,False,True,0,0,0,0,0,440955,None,,0,0,-1,1,0.0,540,49,0,0,None,,0,4,0.0,0.0,0,0.00,0,0.00,0,0.00,0.00,0,0,Nazarii,0.0,514,46,0,0,0,False,0.0,554,51,564,False,0.0,552,51,0,has joined Arka on loan for the rest of the season.,2025-09-05T08:56:38.449926Z,44,532,70,p440955,0,0,None,0,,440955.jpg,0.0,558,51,0,0,225,False,0,0,Rusyn,0.1,448,62,False,None,0,0,u,0,17,56,2023-09-01,0.0,515,49,0,3530,0,16693,782,0.0,0.0,Rusyn,0
3,1992-09-27,1,143,True,True,None,None,3,0.43,41,84450,1,,0,0,0,0,144.6,26,23,89,12.71,1,,0,3,4.8,4.8,3,0.72,0.1,0.86,0.12,0.14,8.76,1.25,0.02,Granit,5.3,27,12,6,0.86,0,False,35.1,35,24,668,False,186.4,22,11,630,,None,50,244,150,p84450,0,0,None,0,,84450.jpg,4.6,52,19,36,0,207,False,0,0.0,Xhaka,4.3,81,24,False,None,7,1.0,a,12,17,56,2025-07-30,21.0,229,127,32,366084,88289,203068,28729,1.1,6.4,Xhaka,3
0,2003-01-17,6,147,True,True,None,None,3,0.43,7,498016,None,,0,0,1,-1,20.0,257,1,0,0.0,None,,2,1,4.2,4.2,2,0.01,0.0,0.01,0.0,0.00,8.76,1.25,0.0,Robin,4.7,38,2,6,0.86,0,False,22.7,111,1,670,False,208.0,9,2,630,,None,46,388,19,p498016,0,0,None,1,,498016.jpg,5.9,18,2,72,0,152,False,24,3.43,Roefs,5.1,73,13,False,None,7,1.0,a,0,17,56,2025-08-01,0.0,634,68,41,619530,112287,126633,23216,1.0,8.9,Roefs,1
0,1993-11-07,0,4,True,True,100,100,0,0.0,6,105717,None,,-1,1,-1,1,20.1,256,84,10,7.2,None,,0,2,-0.2,-0.2,0,0.08,0.06,0.15,0.11,0.07,2.09,1.5,0.05,Arthur,0.3,324,107,2,1.44,0,False,4.9,330,110,678,False,21.8,320,119,125,,2025-08-11T13:51:46.232630Z,39,705,211,p105717,0,0,None,0,,105717.jpg,0.3,423,146,3,0,50,False,0,0.0,Masuaku,0.7,201,76,False,None,2,1.44,a,4,17,56,2025-08-10,7.0,303,103,1,27637,12053,33594,3324,0.1,0.3,Masuaku,1
1,1996-12-26,4,123,True,True,75,None,2,0.31,53,201895,None,,0,0,1,-1,27.6,220,64,64,9.98,None,,1,2,4.9,6.5,0,0.34,0.05,0.92,0.14,0.58,8.43,1.31,0.09,Omar,7.0,6,2,6,0.94,1,False,31.5,47,7,683,False,210.8,8,3,577,Muscle injury - 75% chance of playing,2025-10-14T21:30:07.613745Z,41,608,158,p201895,0,0,None,0,,201895.jpg,5.6,25,12,23,0,168,False,0,0.0,Alderete,6.9,60,19,False,None,6,0.94,d,11,17,56,2025-08-12,77.0,71,7,39,826237,154709,150673,67342,1.7,9.5,Alderete,1
0,1997-11-01,2,104,True,True,None,None,2,0.4,46,200834,None,,0,0,0,0,44.8,154,37,63,12.6,None,,1,2,3.8,3.8,3,0.24,0.05,0.38,0.08,0.14,7.20,1.44,0.03,Nordi,4.3,45,15,4,0.8,0,False,19.5,139,42,694,False,129.6,74,33,450,,None,40,630,164,p200834,0,0,None,0,,200834.jpg,5.4,29,13,14,0,73,False,0,0.0,Mukiele,2.5,117,44,False,None,5,1.0,a,17,17,56,2025-08-17,20.0,232,67,27,311358,74450,59297,13627,1.1,6.8,Mukiele,0
0,2000-07-18,0,18,True,True,None,None,0,0.0,2,247955,None,,0,0,0,0,0.6,380,136,4,6.32,None,,0,2,0.5,0.5,1,0.05,0.08,0.32,0.51,0.27,2.25,3.55,0.43,Lutsharel,1.0,253,89,0,0.0,0,False,3.5,356,124,724,False,15.2,350,131,57,,None,45,417,88,p247955,0,0,None,0,,247955.jpg,1.0,360,131,4,0,152,False,0,0.0,Geertruida,0.0,666,226,False,None,0,0.0,a,2,17,56,2025-09-01,19.0,237,69,4,1962,314,953,190,0.2,0.9,Geertruida,0
0,2002-02-01,0,10,True,True,None,None,0,0.0,2,441264,None,,0,0,0,0,0.3,393,44,6,9.47,None,,0,4,0.2,0.2,1,0.00,0.0,0.00,0.0,0.00,1.45,2.29,0.0,Brian,0.7,315,34,0,0.0,0,False,0.4,416,46,730,False,3.4,397,39,57,,None,55,148,35,p441264,0,0,None,0,,441264.jpg,1.0,396,41,4,0,152,False,0,0.0,Brobbey,0.1,546,72,False,None,0,0.0,a,0,17,56,2025-09-01,0.0,723,75,3,11003,1077,6127,1138,0.1,0.5,Brobbey,0
0,1995-09-06,0,15,True,True,None,None,0,0.0,2,110504,None,,0,0,0,0,27.5,222,139,6,6.14,None,,0,3,-0.2,-0.2,0,0.03,0.03,0.24,0.24,0.21,2.62,2.68,0.21,Bertrand,0.3,360,172,2,2.05,0,False,8.3,277,138,735,False,15.0,352,163,88,,None,55,137,87,p110504,0,0,None,0,,110504.jpg,0.5,422,202,2,0,35,False,0,0.0,Traoré,0.0,643,266,False,None,1,1.02,a,2,17,56,2025-09-01,40.0,156,94,1,2438,836,1070,399,0.1,0.2,Traoré,1
0,1996-10-07,5,160,True,True,None,None,3,0.43,5,184254,None,,0,0,1,-1,0.1,397,10,0,0.0,None,,0,1,2.0,2.5,3,0.01,0.0,0.01,0.0,0.00,8.83,1.26,0.0,Guglielmo,2.0,174,14,5,0.71,0,False,19.6,137,4,565,False,195.8,15,4,630,,None,51,236,7,p184254,0,0,None,0,,184254.jpg,5.0,39,4,61,0,106,False,24,3.43,Vicario,11.7,34,4,False,None,7,1.0,a,0,18,6,2023-07-01,0.0,698,81,35,1162986,23791,478200,85623,0.4,6.9,Vicario,0
0,1999-01-08,0,0,True,True,None,None,0,0,0,214572,None,,-1,1,-1,1,0.0,402,13,0,0,None,,0,1,0.0,0.5,0,0.00,0,0.00,0,0.00,0.00,0,0,Brandon,0.0,374,25,0,0,0,False,0.0,424,30,566,False,0.0,423,30,0,,None,39,710,84,p214572,0,0,None,0,,214572.jpg,0.0,427,30,0,0,241,False,0,0,Austin,0.3,318,46,False,None,0,0,a,0,18,6,2017-07-22,0.0,370,2,0,7560,4521,11374,1147,0.0,0.0,Austin,0
0,2003-03-13,0,0,True,True,None,None,0,0,0,485055,None,,0,0,-1,1,0.0,412,14,0,0,None,,0,1,0.0,0.5,0,0.00,0,0.00,0,0.00,0.00,0,0,Antonín,0.0,384,26,0,0,0,False,0.0,434,31,567,False,0.0,433,31,0,,None,39,720,85,p485055,0,0,None,0,,485055.jpg,0.0,437,31,0,0,57,False,0,0,Kinský,1.9,138,18,False,None,0,0,a,0,18,6,2025-01-05,0.0,380,3,0,70609,25011,90860,9560,0.0,0.0,Kinsky,0
1,1999-09-13,0,121,True,True,None,None,3,0.5,34,441164,1,,0,0,1,-1,158.9,24,3,46,7.6,2,,0,2,3.0,3.5,7,0.89,0.15,1.00,0.17,0.11,7.80,1.29,0.02,Pedro,3.0,110,41,4,0.66,0,False,30.5,55,11,568,False,121.4,83,39,545,,None,56,133,13,p441164,0,0,None,0,,441164.jpg,4.3,65,29,24,0,200,False,0,0.0,Porro Sauceda,21.2,16,7,False,None,6,0.99,a,12,18,6,2023-07-01,23.0,223,62,30,1103447,46084,1196272,111448,0.5,5.4,Pedro Porro,1
1,1998-04-27,3,132,True,True,None,None,3,0.43,40,221632,None,,0,0,1,-1,29.2,212,60,55,7.86,None,,1,2,1.7,2.2,1,0.25,0.04,0.35,0.05,0.10,8.83,1.26,0.01,Cristian,1.7,210,79,5,0.71,0,False,22.9,109,33,569,False,150.8,51,21,630,,None,51,238,35,p221632,0,0,None,0,,221632.jpg,4.6,53,24,25,0,10,False,0,0.0,Romero,7.1,58,17,False,None,7,1.0,a,15,18,6,2022-08-30,50.0,127,24,32,663373,21520,341571,71837,0.3,6.3,Romero,3
0,1998-09-19,0,10,True,True,None,None,0,0.0,3,135720,None,,0,0,-2,2,0.8,374,133,3,16.88,None,,0,2,0.3,0.8,1,0.00,0.0,0.00,0.0,0.00,0.24,1.35,0.0,Kevin,0.3,327,110,0,0.0,0,False,0.9,399,141,570,False,8.4,374,139,16,,None,43,595,150,p135720,0,0,None,0,,135720.jpg,1.0,349,125,0,0,14,False,0,0.0,Danso,0.1,400,149,False,None,0,0.0,a,0,18,6,2025-07-01,0.0,487,204,3,9470,525,18656,1283,0.1,0.7,Danso,0
0,1993-04-24,0,0,True,True,75,100,0,0,0,115556,None,,0,0,-2,2,0.0,518,213,0,0,None,,0,2,0.0,0.5,0,0.00,0,0.00,0,0.00,0.00,0,0,Ben,0.0,489,201,0,0,0,False,0.0,535,214,571,False,0.0,533,214,0,Muscle injury - 75% chance of playing,2025-10-14T13:00:06.756853Z,43,594,149,p115556,0,0,None,0,,115556.jpg,0.0,537,213,0,0,244,False,0,0,Davies,0.1,496,185,False,None,0,0,d,0,18,6,2014-07-23,0.0,486,203,0,2278,281,7287,519,0.0,0.0,Davies,0
0,2002-02-03,0,0,True,True,0,0,0,0,0,493125,None,,0,0,0,0,0.0,611,231,0,0,None,,0,2,0.0,0.0,0,0.00,0,0.00,0,0.00,0.00,0,0,Radu,0.0,582,223,0,0,0,False,0.0,619,231,572,False,0.0,617,231,0,Knee injury - Unknown return date,2025-07-21T10:00:05.088977Z,45,438,95,p493125,0,0,None,0,,493125.jpg,0.0,622,231,0,0,177,False,0,0,Drăgușin,0.0,720,242,False,None,0,0,i,0,18,6,2024-01-11,0.0,590,228,0,301,38,462,54,0.0,0.0,Dragusin,0
0,2000-08-09,0,75,True,True,None,None,3,0.67,13,232859,None,,0,0,0,0,48.5,146,33,16,3.57,None,,0,2,1.0,1.5,0,0.17,0.04,0.35,0.08,0.18,5.68,1.27,0.04,Djed,1.0,252,88,2,0.45,0,False,12.4,221,77,573,False,50.2,230,91,403,,None,45,413,85,p232859,0,0,None,0,,232859.jpg,3.5,106,43,15,0,241,False,0,0.0,Spence,2.0,135,50,False,None,5,1.12,a,3,18,6,2022-07-19,26.0,202,51,21,240012,4951,168202,31101,0.2,4.7,Spence,2
0,2002-11-28,0,37,True,True,100,100,0,0.0,9,487053,None,,0,0,-1,1,46.5,150,35,14,4.19,None,,0,2,1.7,2.2,2,0.24,0.07,0.26,0.08,0.02,4.18,1.25,0.01,Destiny,1.7,193,69,4,1.2,0,False,13.7,205,72,574,False,50.0,233,92,301,,2025-08-10T23:30:07.244451Z,44,543,139,p487053,0,0,None,0,,487053.jpg,1.4,321,112,20,0,106,False,0,0.0,Udogie,0.6,225,84,False,None,3,0.9,a,5,18,6,2022-08-16,40.0,153,31,7,38866,4854,66812,4258,0.4,1.6,Udogie,0
0,2001-04-19,2,136,True,True,None,None,3,0.44,31,491279,None,,0,0,3,-3,29.6,210,58,39,5.67,None,,1,2,1.7,2.2,2,0.16,0.02,0.85,0.12,0.69,8.83,1.28,0.1,Micky,1.7,203,77,5,0.73,1,False,21.8,120,37,575,False,138.2,65,27,619,,None,48,377,66,p491279,0,0,None,0,,491279.jpg,4.6,51,23,27,0,152,False,0,0.0,van de Ven,33.4,7,1,False,None,7,1.02,a,8,18,6,2023-08-08,50.0,126,23,32,1755939,64393,870510,168712,0.4,6.7,Van de Ven,1
0,2005-06-26,0,0,False,True,0,0,0,0,0,548308,None,,0,0,0,0,0.0,498,200,0,0,None,,0,2,0.0,0.0,0,0.00,0,0.00,0,0.00,0.00,0,0,Ashley,0.0,470,188,0,0,0,False,0.0,516,201,576,False,0.0,514,201,0,Has joined Stoke City on loan for the rest of the season.,2025-07-25T14:55:41.438809Z,40,685,196,p548308,0,0,None,0,,548308.jpg,0.0,519,201,0,0,241,False,0,0,Phillips,0.0,677,230,False,None,0,0,u,0,18,6,2023-08-05,0.0,466,190,0,0,0,1689,56,0.0,0.0,Phillips,0
0,2004-09-04,0,0,True,True,50,50,0,0,0,553299,None,,0,0,0,0,0.0,501,201,0,0,None,,0,2,0.0,0.2,0,0.00,0,0.00,0,0.00,0.00,0,0,Takai,0.0,473,189,0,0,0,False,0.0,519,202,577,False,0.0,517,202,0,Foot injury - 50% chance of playing,2025-08-10T23:30:07.262578Z,40,688,197,p553299,0,0,None,0,,553299.jpg,0.0,522,202,0,0,108,False,0,0,Kōta,0.1,548,199,False,None,0,0,d,0,18,6,2025-07-08,0.0,469,191,0,510,38,6814,307,0.0,0.0,Takai,0
0,2007-02-24,0,0,False,True,0,0,0,0,0,610799,None,,0,0,-1,1,0.0,432,173,0,0,None,,0,2,0.0,0.0,0,0.00,0,0.00,0,0.00,0.00,0,0,Luka,0.0,404,159,0,0,0,False,0.0,453,175,578,False,0.0,452,176,0,has joined Hamburger SV on loan for the rest of the season.,2025-09-02T13:17:42.706711Z,39,741,243,p610799,0,0,None,0,,610799.jpg,0.0,456,175,0,0,97,False,0,0,Vušković,0.5,253,97,False,None,0,0,u,0,18,6,2025-06-01,0.0,400,163,0,7334,0,75813,3561,0.0,0.0,Vuskovic,0
0,1992-07-08,0,0,False,True,0,0,0,0,0,85971,None,,0,0,0,0,0.0,743,330,0,0,None,,0,3,0.0,0.0,0,0.00,0,0.00,0,0.00,0.00,0,0,Son,0.0,741,330,0,0,0,False,0.0,743,330,579,False,0.0,743,330,0,Has joined Los Angeles FC permanently.,2025-08-11T01:22:33.649224Z,85,10,5,p85971,0,0,None,0,,85971.jpg,0.0,743,330,0,0,114,False,0,0,Heung-min,0.1,425,144,False,None,0,0,u,0,18,6,2015-08-28,0.0,743,330,0,0,0,24404,282,0.0,0.0,Son,0
0,2001-05-23,2,73,True,True,None,None,2,0.68,6,242898,None,,-1,1,-2,2,44.9,153,103,17,5.75,None,,0,3,1.0,1.5,1,0.15,0.05,1.05,0.35,0.90,4.32,1.46,0.3,Brennan,1.0,281,138,1,0.34,2,False,18.7,150,79,580,False,91.0,135,46,266,,None,68,46,30,p242898,0,0,None,0,,242898.jpg,3.1,138,58,6,0,244,False,0,0.0,Johnson,4.1,86,26,False,None,3,1.02,a,5,18,6,2023-09-01,50.0,129,78,22,1073116,2969,1038401,100620,0.1,3.2,Johnson,1
0,1996-11-23,0,0,True,True,0,0,0,0,0,172780,4,,0,0,-1,1,0.0,738,327,0,0,1,,0,3,0.0,0.0,0,0.00,0,0.00,0,0.00,0.00,0,0,James,0.0,733,326,0,0,0,False,0.0,738,327,581,False,0.0,738,327,0,Anterior cruciate ligament - Unknown return date,2025-08-08T13:57:59.638052Z,69,40,25,p172780,0,0,None,0,,172780.jpg,0.0,738,327,0,0,241,False,0,0,Maddison,0.1,428,146,False,None,0,0,i,0,18,6,2023-06-28,0.0,738,327,0,699,67,21463,411,0.0,0.0,Maddison,0
5,2000-08-02,4,123,True,True,None,None,3,0.44,0,460842,2,,1,-1,3,-3,215.1,4,4,44,6.41,None,,2,3,7.0,7.5,12,1.14,0.17,2.43,0.36,1.29,8.58,1.25,0.19,Mohammed,7.0,7,4,5,0.73,1,False,55.5,5,4,582,False,187.0,20,9,618,,None,68,48,32,p460842,0,0,None,0,,460842.jpg,5.6,26,9,29,0,81,False,0,0.0,Kudus,34.6,5,3,False,None,7,1.02,a,15,18,6,2025-07-10,153.0,18,9,39,2572854,463510,1454253,79988,1.0,5.7,Kudus,2
0,2000-04-25,0,0,True,True,0,0,0,0,0,445044,None,,0,0,-1,1,0.0,735,326,0,0,None,,0,3,0.0,0.0,0,0.00,0,0.00,0,0.00,0.00,0,0,Dejan,0.0,730,325,0,0,0,False,0.0,735,326,583,False,0.0,735,326,0,Knee injury - Unknown return date,2025-07-21T10:00:05.109205Z,64,66,45,p445044,0,0,None,0,,445044.jpg,0.0,735,326,0,0,206,False,0,0,Kulusevski,0.0,687,295,False,None,0,0,i,0,18,6,2023-07-01,0.0,735,326,0,391,50,1406,72,0.0,0.0,Kulusevski,0
0,2005-04-27,2,43,True,True,None,None,1,0.51,2,511499,5,,0,0,-2,2,9.0,324,173,12,6.17,4,,0,3,3.3,3.8,9,0.04,0.02,0.23,0.12,0.19,2.01,1.03,0.1,Mathys,3.3,97,47,1,0.51,1,False,8.4,275,136,584,False,43.8,250,110,175,,None,63,78,54,p511499,0,0,4,0,,511499.jpg,3.0,159,67,6,0,73,False,0,0.0,Tel,0.1,418,140,False,None,2,1.03,a,4,18,6,2025-07-01,30.0,189,110,15,10702,4737,14483,1281,0.5,2.4,Tel,0
0,1997-06-25,0,75,True,True,None,None,1,0.22,15,202993,None,,-1,1,-2,2,50.5,137,94,54,11.85,None,,0,3,2.7,3.2,4,0.37,0.08,0.45,0.1,0.08,6.76,1.48,0.02,Rodrigo,2.7,125,58,5,1.1,0,False,13.0,213,105,585,False,59.2,204,86,410,,None,53,207,132,p202993,0,0,None,0,,202993.jpg,2.3,227,105,29,0,230,False,0,0.0,Bentancur,0.1,411,136,False,None,5,1.1,a,10,18,6,2022-01-31,20.0,235,130,14,7563,1012,14597,1035,0.5,2.6,Bentancur,0
1,2006-02-02,0,72,True,True,None,None,2,0.5,9,570526,None,,0,0,-1,1,40.0,175,117,34,8.43,None,,1,3,1.7,2.2,0,0.23,0.06,0.82,0.21,0.59,4.31,1.07,0.15,Lucas,1.7,215,97,3,0.74,1,False,22.0,117,64,586,False,86.6,146,53,363,,None,54,195,123,p570526,0,0,None,0,,570526.jpg,3.5,108,42,16,0,206,False,0,0.0,Bergvall,0.6,226,77,False,None,4,0.99,a,9,18,6,2024-07-01,93.0,55,32,21,93996,2484,51542,17608,0.3,3.9,Bergvall,1
0,1996-08-30,0,0,True,True,0,50,0,0,0,227127,None,,0,0,-3,3,0.0,707,309,0,0,None,,0,3,0.0,0.2,0,0.00,0,0.00,0,0.00,0.00,0,0,Yves,0.0,686,295,0,0,0,False,0.0,709,309,587,False,0.0,708,308,0,Ankle injury - Unknown return date,2025-08-22T13:47:04.343594Z,52,224,140,p227127,0,0,None,0,,227127.jpg,0.0,709,309,0,0,132,False,0,0,Bissouma,0.0,584,223,False,None,0,0,i,0,18,6,2022-06-17,0.0,700,307,0,1002,76,12700,294,0.0,0.0,Bissouma,0
0,2004-11-28,0,29,True,True,None,None,0,0.0,2,550839,None,,0,0,-2,2,40.8,171,114,16,6.1,None,,0,3,1.7,2.2,2,0.27,0.1,0.68,0.26,0.41,2.89,1.1,0.16,Wilson,1.7,211,95,3,1.14,0,False,10.7,247,125,588,False,21.6,324,150,236,,None,53,219,137,p550839,0,0,None,0,,550839.jpg,1.3,327,156,11,0,73,False,0,0.0,Odobert,0.0,611,245,False,None,2,0.76,a,3,18,6,2024-08-16,45.0,142,85,9,1677,246,3419,290,0.3,1.7,Odobert,0
0,1999-07-24,0,0,False,True,0,0,0,0,0,235674,None,,0,0,-1,1,0.0,715,313,0,0,None,,0,3,0.0,0.0,0,0.00,0,0.00,0,0.00,0.00,0,0,Manor,0.0,702,305,0,0,0,False,0.0,717,313,589,False,0.0,716,312,0,has joined Villarreal CF on loan for the rest of the season.,2025-09-02T13:17:42.731308Z,54,178,110,p235674,0,0,None,0,,235674.jpg,0.0,717,313,0,0,105,False,0,0,Solomon,0.0,706,306,False,None,0,0,u,0,18,6,2023-07-11,0.0,711,313,0,115,0,1380,41,0.0,0.0,Solomon,0
0,2001-02-11,0,0,False,True,0,0,0,0,0,436234,None,,0,0,-1,1,0.0,676,291,0,0,None,,0,3,0.0,0.0,0,0.00,0,0.00,0,0.00,0.00,0,0,Bryan,0.0,655,274,0,0,0,False,0.0,682,291,590,False,0.0,681,290,0,has joined Girona permanently.,2025-09-22T09:26:56.310666Z,49,334,208,p436234,0,0,None,0,,436234.jpg,0.0,681,290,0,0,200,False,0,0,Gil Salvatierra,0.0,610,244,False,None,0,0,u,0,18,6,2021-07-26,0.0,661,285,0,675,0,3790,262,0.0,0.0,Bryan,0
0,2006-03-12,0,17,True,True,None,None,1,1.27,2,547701,None,,-1,1,-2,2,13.2,297,165,8,10.14,None,,0,3,0.3,0.8,0,0.05,0.06,0.05,0.06,0.00,0.89,1.13,0.0,Archie,0.3,350,167,0,0.0,0,False,2.2,378,181,591,False,6.0,383,178,71,,None,48,381,238,p547701,0,0,None,0,,547701.jpg,2.0,259,119,5,0,241,False,0,0.0,Gray,0.1,449,149,False,None,1,1.27,a,1,18,6,2024-07-02,2.0,350,182,4,4537,554,11282,1001,0.1,0.8,Gray,0
0,2007-08-11,0,0,False,True,0,0,0,0,0,499721,None,,0,0,0,0,0.0,700,306,0,0,None,,0,3,0.0,0.0,0,0.00,0,0.00,0,0.00,0.00,0,0,Mikey,0.0,679,291,0,0,0,False,0.0,703,306,592,False,0.0,702,305,0,Has joined Rangers on loan for the rest of the season.,2025-08-11T01:19:38.328172Z,50,282,173,p499721,0,0,None,0,,499721.jpg,0.0,703,306,0,0,241,False,0,0,Moore,0.0,726,318,False,None,0,0,u,0,18,6,2024-05-01,0.0,691,303,0,0,0,626,7,0.0,0.0,Moore,0
2,2002-09-14,0,91,True,True,100,100,3,0.72,13,482442,None,,0,0,0,0,38.4,179,119,39,9.39,None,,0,3,1.7,2.2,1,0.29,0.07,0.60,0.14,0.31,4.95,1.19,0.07,Pape Matar,1.7,208,94,1,0.24,1,False,21.4,122,65,593,False,105.2,107,32,374,,2025-09-24T22:30:08.387253Z,50,277,169,p482442,0,0,None,0,,482442.jpg,4.0,80,31,20,0,189,False,0,0.0,Sarr,2.1,130,46,False,None,4,0.96,a,6,18,6,2021-08-27,70.0,80,48,24,275732,5817,338142,43007,0.3,4.8,P.M.Sarr,0
0,2006-04-16,0,0,False,True,0,0,0,0,0,623095,None,,0,0,0,0,0.0,650,277,0,0,None,,0,3,0.0,0.0,0,0.00,0,0.00,0,0.00,0.00,0,0,Yang,0.0,622,256,0,0,0,False,0.0,658,277,594,False,0.0,656,275,0,Has joined Portsmouth on loan for the rest of the season.,2025-08-11T01:24:33.782871Z,45,489,294,p623095,0,0,None,0,,623095.jpg,0.0,659,278,0,0,114,False,0,0,Min-hyeok,0.0,678,289,False,None,0,0,u,0,18,6,2025-01-01,0.0,629,268,0,0,0,2517,77,0.0,0.0,Min-hyeok,0
0,2007-03-11,0,0,True,True,None,None,0,0,0,499726,None,,0,0,-1,1,0.0,553,211,0,0,None,,0,3,0.0,0.5,0,0.00,0,0.00,0,0.00,0.00,0,0,Callum,0.0,527,188,0,0,0,False,0.0,566,211,595,False,0.0,564,209,0,,None,44,555,311,p499726,0,0,None,0,,499726.jpg,0.0,570,214,0,0,241,False,0,0,Olusesi,0.2,357,122,False,None,0,0,a,0,18,6,2024-11-06,0.0,530,201,0,12609,780,16412,1669,0.0,0.0,Olusesi,0
0,1997-09-14,0,10,True,True,25,0,0,0.0,2,154566,None,,0,0,-3,3,0.3,394,45,3,8.71,None,,0,4,0.0,0.0,0,0.00,0.0,0.20,0.58,0.20,0.22,0.64,0.58,Dominic,0.0,736,80,0,0.0,0,False,3.1,366,38,596,False,6.0,384,37,31,Ankle injury - 25% chance of playing,2025-09-12T16:30:09.183639Z,72,30,13,p154566,0,0,2,0,,154566.jpg,1.0,408,46,0,0,241,False,0,0.0,Solanke-Mitchell,1.0,177,27,False,None,0,0.0,d,1,18,6,2024-08-10,25.0,213,35,2,28330,173,429801,8058,0.0,0.3,Solanke,0
1,1997-05-10,6,133,True,True,None,None,2,0.4,14,212319,None,,-1,1,2,-2,49.2,144,14,30,5.96,None,,1,4,4.0,4.5,1,0.19,0.04,1.88,0.38,1.69,6.59,1.31,0.34,Richarlison,4.0,69,9,4,0.79,3,False,39.4,22,5,597,False,144.0,59,6,453,,None,67,49,17,p212319,0,0,3,0,,212319.jpg,4.6,57,7,13,0,30,False,0,0.0,de Andrade,14.2,25,5,False,None,5,0.99,a,3,18,6,2022-07-01,201.0,6,4,32,2402075,49152,1383677,364113,0.6,4.8,Richarlison,1
0,2005-04-20,0,0,False,True,0,0,0,0,0,552427,None,,0,0,0,0,0.0,624,60,0,0,None,,0,4,0.0,0.0,0,0.00,0,0.00,0,0.00,0.00,0,0,Will,0.0,595,56,0,0,0,False,0.0,632,61,598,False,0.0,630,61,0,Has joined Oxford United on loan for the rest of the season.,2025-08-11T01:18:54.659436Z,45,457,60,p552427,0,0,None,0,,552427.jpg,0.0,635,61,0,0,241,False,0,0,Lankshear,0.0,633,78,False,None,0,0,u,0,18,6,2022-12-08,0.0,603,59,0,0,0,4557,135,0.0,0.0,Lankshear,0
0,2004-03-24,0,0,True,True,None,None,0,0,0,490145,None,,0,0,-1,1,0.0,547,50,0,0,None,,0,4,0.0,0.5,0,0.00,0,0.00,0,0.00,0.00,0,0,Dane,0.0,521,47,0,0,0,False,0.0,560,52,599,False,0.0,558,52,0,,None,44,547,71,p490145,0,0,None,0,,490145.jpg,0.0,564,52,0,0,241,False,0,0,Scarlett,0.6,213,35,False,None,0,0,a,0,18,6,2020-08-21,0.0,524,50,0,33260,2069,64882,4894,0.0,0.0,Scarlett,0
0,1995-07-09,6,115,True,True,None,None,2,0.35,15,154296,None,,0,0,0,0,27.6,221,138,54,9.47,None,,0,3,4.7,5.2,1,0.08,0.01,0.62,0.1,0.54,7.58,1.33,0.09,João Maria,4.7,41,20,5,0.88,2,False,23.0,108,60,673,False,146.0,56,18,513,,None,55,139,88,p154296,0,0,None,0,,154296.jpg,4.3,64,23,14,0,173,False,0,0.0,Lobo Alves Palhares Costa Palhinha Gonçalves,1.1,170,59,False,None,6,1.05,a,25,18,6,2025-08-03,56.0,109,68,30,144844,14377,81388,17774,0.9,5.5,J.Palhinha,2
1,2003-04-21,0,42,True,True,None,None,1,0.36,3,493362,None,,-1,1,0,0,83.1,72,53,17,6.14,None,,0,3,1.3,1.8,2,0.55,0.2,0.83,0.3,0.28,3.58,1.29,0.1,Xavi,1.3,244,115,2,0.72,0,False,15.1,188,98,717,False,39.0,260,115,249,,None,70,36,21,p493362,0,0,None,0,,493362.jpg,2.5,216,97,13,0,152,False,0,0.0,Simons,2.9,107,38,False,None,3,1.08,a,1,18,6,2025-08-29,29.0,197,115,10,642960,18154,344032,100908,0.2,1.4,Xavi,1
0,1998-12-05,0,0,True,True,100,0,0,0,0,247693,None,,0,0,-1,1,0.0,739,81,0,0,None,,0,4,0.0,0.0,0,0.00,0,0.00,0,0.00,0.00,0,0,Randal,0.0,734,79,0,0,0,False,0.0,739,81,726,False,0.0,739,81,0,,2025-09-24T06:00:06.307596Z,69,42,16,p247693,0,0,None,0,,247693.jpg,0.0,739,81,0,0,73,False,0,0,Kolo Muani,0.1,406,58,False,None,0,0,a,0,18,6,2025-09-01,0.0,739,81,0,35801,869,33059,3148,0.0,0.0,Kolo Muani,0
0,1998-02-07,0,3,True,True,100,100,0,0.0,0,223434,None,,0,0,0,0,0.0,594,228,0,0.0,None,,0,2,0.3,-0.2,0,0.00,0.0,0.00,0.0,0.00,0.00,0.0,0.0,Igor Julio,0.3,341,119,0,0.0,0,False,0.0,603,228,149,False,0.0,601,228,1,,2025-08-10T18:00:05.419085Z,45,410,82,p223434,0,0,None,0,,223434.jpg,1.0,359,130,0,0,30,False,0,0.0,dos Santos de Paulo,0.1,542,197,False,None,0,0.0,a,0,19,21,2025-09-01,0.0,572,225,1,2781,425,3708,412,0.1,0.2,Igor,0
0,1993-02-27,0,33,True,True,None,None,0,0.0,6,84182,None,,0,0,-2,2,0.0,516,60,0,0.0,None,,0,1,2.0,1.5,2,0.00,0.0,0.00,0.0,0.00,5.81,1.94,0.0,Alphonse,2.0,157,12,5,1.67,0,False,7.9,285,21,600,False,79.0,155,21,270,,None,43,592,34,p84182,0,0,None,0,,84182.jpg,2.0,252,23,19,0,73,False,9,3.0,Areola,2.2,126,16,False,None,3,1.0,a,0,19,21,2022-07-01,0.0,484,49,6,36049,8406,284853,11811,0.5,1.4,Areola,0
0,1991-01-14,0,0,False,True,0,0,0,0,0,82143,None,,0,0,0,0,0.0,442,23,0,0,None,,0,1,0.0,0.0,0,0.00,0,0.00,0,0.00,0.00,0,0,Wes,0.0,412,33,0,0,0,False,0.0,461,38,601,False,0.0,460,38,0,has joined Aris Limassol permanently.,2025-09-11T13:43:36.667461Z,40,617,46,p82143,0,0,None,0,,82143.jpg,0.0,464,38,0,0,241,False,0,0,Foderingham,0.3,285,40,False,None,0,0,u,0,19,21,2024-07-01,0.0,410,12,0,3874,0,29137,2490,0.0,0.0,Foderingham,0
0,2002-09-24,0,0,True,True,None,None,0,0,0,483364,None,,0,0,0,0,0.0,482,48,0,0,None,,0,1,0.0,-0.5,0,0.00,0,0.00,0,0.00,0.00,0,0,Krisztián,0.0,452,58,0,0,0,False,0.0,500,63,602,False,0.0,498,63,0,,None,40,665,71,p483364,0,0,None,0,,483364.jpg,0.0,503,63,0,0,98,False,0,0,Hegyi,0.2,343,52,False,None,0,0,a,0,19,21,2022-08-24,0.0,449,37,0,2690,141,8074,813,0.0,0.0,Hegyi,0
4,2004-12-28,1,60,True,True,None,None,1,0.14,42,613804,None,,0,0,-1,1,120.3,44,10,48,6.86,None,,0,2,3.7,3.2,3,0.75,0.11,0.93,0.14,0.18,11.25,1.61,0.03,El Hadji Malick,3.7,76,25,16,2.29,0,False,31.4,48,8,603,False,153.0,47,20,630,,None,44,588,148,p613804,0,0,None,0,,613804.jpg,3.7,97,40,25,0,189,False,0,0.0,Diouf,3.8,93,36,False,None,7,1.0,a,6,19,21,2025-07-15,40.0,154,32,26,152905,43224,497399,30103,0.8,5.9,Diouf,1
0,1994-08-03,0,0,False,True,0,0,0,0,0,109533,3,,0,0,-1,1,0.0,530,218,0,0,3,,0,2,0.0,0.0,0,0.00,0,0.00,0,0.00,0.00,0,0,Emerson,0.0,501,207,0,0,0,False,0.0,544,218,604,False,0.0,542,218,0,has joined Marseille permanently.,2025-09-02T13:30:06.113081Z,44,503,112,p109533,0,0,None,0,,109533.jpg,0.0,546,217,0,0,106,False,0,0,Palmieri dos Santos,0.1,516,189,False,None,0,0,u,0,19,21,2022-08-23,0.0,501,211,0,1719,0,18552,600,0.0,0.0,Emerson,0
0,1997-05-23,0,30,True,True,None,None,1,0.14,55,214048,None,,0,0,-1,1,29.4,211,59,64,9.14,None,,0,2,2.0,1.5,1,0.18,0.03,0.57,0.09,0.39,11.25,1.61,0.06,Maximilian,2.0,158,56,16,2.29,0,False,19.5,140,43,605,False,150.0,53,23,630,,None,44,516,123,p214048,0,0,None,0,,214048.jpg,1.9,274,96,22,0,241,False,0,0.0,Kilman,0.2,370,134,False,None,7,1.0,a,9,19,21,2024-07-05,16.0,253,76,13,10208,2294,23581,1749,0.5,3.0,Kilman,3
0,1997-12-11,0,52,True,True,None,None,1,0.2,53,233963,None,,0,0,-1,1,2.7,361,127,55,11.0,None,,0,2,2.3,1.8,3,0.05,0.01,0.47,0.09,0.42,7.83,1.57,0.08,Konstantinos,2.3,135,49,8,1.6,0,False,17.5,162,54,606,False,118.0,87,41,450,,None,44,526,130,p233963,0,0,None,0,,233963.jpg,3.2,131,54,16,0,83,False,0,0.0,Mavropanos,0.1,520,190,False,None,5,1.0,a,2,19,21,2023-08-22,55.0,112,19,16,4990,1009,5009,788,0.5,3.6,Mavropanos,1
0,1996-03-30,0,-1,False,True,0,0,0,0.0,14,210494,None,,0,0,-1,1,3.9,348,121,15,7.5,None,,0,2,0.0,0.0,0,0.03,0.02,0.13,0.07,0.10,3.42,1.71,0.05,Nayef,0.0,507,212,8,4.0,0,False,5.1,326,108,607,False,39.0,259,100,180,has joined Marseille permanently.,2025-09-02T12:20:05.254985Z,44,515,122,p210494,0,0,None,0,,210494.jpg,1.5,308,107,8,0,145,False,0,0.0,Aguerd,0.1,565,207,False,None,2,1.0,u,1,19,21,2022-06-21,8.0,297,101,3,1288,0,11227,326,0.0,0.7,N.Aguerd,0
0,2005-12-12,0,0,True,True,None,None,0,0,0,536109,None,,0,0,-1,1,0.0,564,225,0,0,None,,0,2,0.0,-0.5,0,0.00,0,0.00,0,0.00,0.00,0,0,Ollie,0.0,537,217,0,0,0,False,0.0,576,225,608,False,0.0,574,225,0,,None,44,569,146,p536109,0,0,None,0,,536109.jpg,0.0,580,226,0,0,241,False,0,0,Scarles,0.0,609,213,False,None,0,0,a,0,19,21,2022-10-01,0.0,541,221,0,705,81,2244,201,0.0,0.0,Scarles,0
0,1999-12-30,0,0,True,True,None,None,0,0.0,8,462116,None,,0,0,-2,2,3.4,353,123,11,7.86,None,,0,2,0.0,-0.5,0,0.01,0.01,0.01,0.01,0.00,2.26,1.61,0.0,Jean-Clair,0.0,493,203,5,3.57,0,False,2.9,368,129,609,False,25.2,303,114,126,,None,43,602,154,p462116,0,0,None,0,,462116.jpg,0.5,419,143,2,0,73,False,0,0.0,Todibo,0.1,473,172,False,None,2,1.43,a,3,19,21,2025-07-01,0.0,492,206,1,3501,324,9584,719,0.0,0.2,Todibo,0
0,1997-11-26,0,-2,True,True,100,100,0,0.0,13,214590,None,,0,0,-2,2,45.9,151,36,14,4.88,None,,0,2,0.3,-0.2,1,0.14,0.05,0.14,0.05,0.00,6.02,2.1,0.0,Aaron,0.3,328,111,10,3.49,0,False,9.9,258,88,610,False,42.0,255,98,258,,2025-09-18T14:00:08.212742Z,43,597,152,p214590,0,0,None,0,,214590.jpg,0.7,415,139,8,0,50,False,0,0.0,Wan-Bissaka,6.6,62,20,False,None,3,1.05,a,1,19,21,2024-08-13,10.0,286,95,2,66425,7262,1882619,49887,0.1,0.5,Wan-Bissaka,0
0,2004-10-28,0,0,False,True,0,0,0,0,0,518438,None,,0,0,0,0,0.0,494,197,0,0,None,,0,2,0.0,0.0,0,0.00,0,0.00,0,0.00,0.00,0,0,Kaelan,0.0,464,183,0,0,0,False,0.0,512,198,611,False,0.0,510,198,0,Has joined Swansea City on loan for the rest of the season.,2025-08-11T01:20:17.436361Z,40,679,191,p518438,0,0,None,0,,518438.jpg,0.0,515,198,0,0,241,False,0,0,Casey,0.1,484,179,False,None,0,0,u,0,19,21,2022-11-01,0.0,461,186,0,0,0,10161,468,0.0,0.0,Casey,0
0,1997-08-27,2,120,True,True,None,None,1,0.15,13,224024,None,,0,0,-1,1,189.2,10,10,65,9.64,1,,0,3,2.0,1.5,1,0.86,0.13,2.42,0.36,1.56,10.74,1.59,0.23,Lucas,2.0,180,83,16,2.37,2,False,45.0,14,12,612,False,174.8,29,12,607,,None,59,102,70,p224024,0,0,1,0,,224024.jpg,4.1,73,26,34,0,30,False,0,0.0,Tolentino Coelho de Lima,2.9,106,37,False,None,7,1.04,a,18,19,21,2022-08-29,85.0,63,39,29,524577,44059,368901,43788,0.3,4.9,L.Paquetá,2
0,1995-02-27,0,24,True,True,100,0,1,0.39,16,215439,None,,0,0,-3,3,3.7,350,184,27,10.52,None,,0,3,0.0,0.0,0,0.00,0.0,0.17,0.07,0.17,3.66,1.43,0.07,Tomáš,0.0,718,317,10,3.9,0,False,10.1,254,129,613,False,38.0,265,120,231,,2025-09-13T21:30:08.395458Z,57,124,81,p215439,0,0,None,0,,215439.jpg,1.0,402,198,7,1,57,False,0,0.0,Souček,0.2,350,118,False,None,3,1.17,a,4,19,21,2020-07-28,58.0,103,64,4,3278,378,78439,1327,0.0,0.7,Souček,0
0,1994-11-01,0,82,True,True,None,None,1,0.22,9,101178,2,,0,0,-2,2,176.3,14,14,22,4.78,2,,0,3,0.7,0.2,0,0.91,0.2,1.04,0.23,0.13,7.27,1.58,0.03,James,0.7,319,157,11,2.39,0,False,23.9,97,56,614,False,56.6,215,92,414,,None,58,109,75,p101178,0,0,3,0,,101178.jpg,2.2,240,114,9,0,241,False,0,0.0,Ward-Prowse,0.2,353,120,False,None,5,1.09,a,4,19,21,2023-08-14,6.0,322,168,11,8944,669,32610,2511,0.1,1.9,Ward-Prowse,0
2,2001-10-30,0,58,True,True,100,100,0,0.0,12,450070,None,,0,0,0,0,50.5,138,95,32,9.26,None,,0,3,1.7,1.2,1,0.36,0.1,0.80,0.23,0.44,6.26,1.81,0.13,Crysencio,1.7,216,98,7,2.03,0,False,15.9,179,92,615,False,59.6,202,85,311,,2025-07-21T10:00:05.129084Z,55,149,94,p450070,0,0,None,0,,450070.jpg,2.8,174,73,16,0,152,False,0,0.0,Summerville,0.1,465,157,False,None,4,1.16,a,4,19,21,2024-08-03,49.0,131,80,14,15141,3843,6806,1544,0.3,2.5,Summerville,1
0,1997-10-24,0,0,False,True,0,0,0,0,0,213999,None,,0,0,-1,1,0.0,670,287,0,0,None,,0,3,0.0,0.0,0,0.00,0,0.00,0,0.00,0.00,0,0,Edson,0.0,647,270,0,0,0,False,0.0,676,287,616,False,0.0,675,286,0,Has joined Fenerbahçe on loan for the rest of the season.,2025-08-26T13:45:35.073930Z,49,318,200,p213999,0,0,None,0,,213999.jpg,0.0,675,286,0,0,139,False,0,0,Álvarez Velázquez,0.1,552,202,False,None,0,0,u,0,19,21,2023-08-10,0.0,654,281,0,1147,0,15019,332,0.0,0.0,Álvarez,0
0,1996-09-27,0,0,False,True,0,0,0,0,0,149519,None,,0,0,-1,1,0.0,665,283,0,0,None,,0,3,0.0,0.0,0,0.00,0,0.00,0,0.00,0.00,0,0,Maxwel,0.0,639,264,0,0,0,False,0.0,671,283,617,False,0.0,670,282,0,has joined Genoa on loan for the rest of the season.,2025-09-02T12:21:17.687537Z,49,299,185,p149519,0,0,None,0,,149519.jpg,0.0,670,282,0,0,54,False,0,0,Cornet,0.0,663,279,False,None,0,0,u,0,19,21,2022-08-07,0.0,646,275,0,246,0,2854,87,0.0,0.0,Cornet,0
0,1994-04-12,0,11,True,True,None,None,0,0.0,0,197024,None,,0,0,-1,1,2.3,364,188,4,5.14,None,,0,3,0.0,-0.5,0,0.03,0.04,0.06,0.08,0.03,0.60,0.77,0.04,Guido,0.0,644,268,1,1.29,0,False,0.7,405,193,618,False,2.2,405,190,70,,None,49,308,193,p197024,0,0,None,0,,197024.jpg,2.0,260,120,4,0,10,False,0,0.0,Rodríguez,0.0,583,222,False,None,1,1.29,a,0,19,21,2024-08-06,2.0,352,184,2,1131,91,3670,279,0.0,0.4,G.Rodriguez,0
0,2006-02-09,0,5,True,True,100,100,0,0.0,1,577114,None,,0,0,-1,1,0.6,382,194,5,8.33,None,,0,3,0.7,0.2,0,0.00,0.0,0.07,0.12,0.07,0.88,1.47,0.12,Luis Guilherme,0.7,301,147,1,1.67,0,False,0.4,415,197,619,False,1.6,412,194,54,,2025-08-21T14:30:06.529194Z,49,357,224,p577114,0,0,None,0,,577114.jpg,1.0,380,183,4,0,30,False,0,0.0,Lira dos Santos,0.0,658,276,False,None,0,0.0,a,0,19,21,2024-06-14,4.0,337,176,3,401,63,2379,100,0.1,0.6,L.Guilherme,0
0,2004-09-05,0,0,True,True,0,0,0,0,0,490885,None,,0,0,0,0,0.0,609,245,0,0,None,,0,3,0.0,0.0,0,0.00,0,0.00,0,0.00,0.00,0,0,George,0.0,580,223,0,0,0,False,0.0,617,245,620,False,0.0,615,243,0,Hamstring injury - Expected back 22 Nov,2025-10-02T14:30:07.920085Z,45,436,258,p490885,0,0,None,0,,490885.jpg,0.0,620,248,0,0,241,False,0,0,Earthy,0.1,560,205,False,None,0,0,i,0,19,21,2023-07-14,0.0,588,236,0,2205,48,6018,754,0.0,0.0,Earthy,0
0,2000-05-13,0,17,True,True,None,None,0,0.0,1,229384,4,,0,0,-1,1,17.2,271,156,6,21.6,None,,0,3,0.3,-0.2,0,0.06,0.22,0.06,0.22,0.00,0.45,1.62,0.0,Andy,0.3,335,161,1,3.6,0,False,3.2,359,175,621,False,14.8,353,164,25,,None,44,520,298,p229384,0,0,None,0,,229384.jpg,1.0,353,164,2,0,243,False,0,0.0,Irving,0.3,288,97,False,None,0,0.0,a,3,19,21,2023-08-31,0.0,509,190,4,27341,3332,22838,3144,0.1,0.9,Irving,0
0,2006-02-18,0,0,False,True,0,0,0,0,0,518442,None,,0,0,-1,1,0.0,559,214,0,0,None,,0,3,0.0,0.0,0,0.00,0,0.00,0,0.00,0.00,0,0,Lewis,0.0,532,191,0,0,0,False,0.0,571,214,622,False,0.0,569,212,0,has joined Stevenage on loan for the rest of the season.,2025-09-02T12:14:36.944075Z,44,564,314,p518442,0,0,None,0,,518442.jpg,0.0,575,217,0,0,241,False,0,0,Orford,0.1,512,179,False,None,0,0,u,0,19,21,2022-11-01,0.0,536,204,0,1052,0,9724,454,0.0,0.0,Orford,0
0,2003-09-12,0,12,True,True,None,None,0,0.0,4,490142,None,,0,0,-1,1,3.7,349,183,10,8.57,None,,0,3,0.7,0.2,1,0.01,0.01,0.01,0.01,0.00,2.17,1.86,0.0,Freddie,0.7,290,140,3,2.57,0,False,2.1,379,182,623,False,15.4,348,161,105,,None,44,546,306,p490142,0,0,None,0,,490142.jpg,1.0,355,165,3,0,241,False,0,0.0,Potts,0.7,203,67,False,None,0,0.0,a,3,19,21,2021-12-08,2.0,348,180,3,56456,5121,61853,6510,0.2,0.7,Potts,0
0,1996-12-20,9,152,True,True,None,None,1,0.14,13,178186,None,,0,0,-3,3,98.0,62,3,41,5.86,4,,0,4,6.7,6.2,2,0.51,0.07,1.34,0.19,0.83,11.25,1.61,0.12,Jarrod,6.7,9,2,16,2.29,3,False,43.8,15,2,624,False,164.8,35,3,630,,None,77,19,6,p178186,0,0,2,0,,178186.jpg,5.0,41,5,22,0,241,False,0,0.0,Bowen,8.3,48,10,False,None,7,1.0,a,6,19,21,2020-01-31,174.0,14,7,35,537075,277683,1367870,58007,0.9,4.5,Bowen,0
0,1993-02-09,0,23,True,True,25,100,1,0.24,7,91889,None,,0,0,-3,3,72.3,94,5,17,4.04,None,,0,4,0.4,1.2,2,0.18,0.04,1.04,0.24,0.86,5.93,1.41,0.2,Niclas,1.7,217,24,9,2.14,0,False,21.9,119,17,625,False,24.8,304,27,379,Muscle injury - 25% chance of playing,2025-10-14T13:00:06.800734Z,57,120,31,p91889,0,0,None,0,,91889.jpg,1.7,300,30,8,0,80,False,0,0.0,Füllkrug,0.9,188,29,False,None,5,1.19,d,2,19,21,2024-08-05,125.0,30,15,10,41763,3874,349614,12431,0.3,1.8,Füllkrug,0
0,2004-11-28,0,-2,True,True,None,None,0,0.0,2,565431,None,,0,0,-1,1,0.0,572,56,3,9.31,None,,0,4,0.3,-0.2,1,0.00,0.0,0.13,0.4,0.13,0.96,2.98,0.4,Callum,0.3,340,38,1,3.1,0,False,0.8,402,43,626,False,1.2,413,45,29,,None,44,578,77,p565431,0,0,None,0,,565431.jpg,1.0,357,36,1,0,242,False,0,0.0,Marshall,0.7,199,33,False,None,0,0.0,a,0,19,21,2023-09-26,7.0,305,42,1,43058,5537,60223,5121,0.1,0.2,Marshall,0
0,1997-04-13,0,55,True,True,None,None,1,0.23,11,158534,None,,0,0,-1,1,46.7,149,34,21,4.83,None,,0,2,1.0,0.5,1,0.06,0.01,0.20,0.04,0.14,5.55,1.28,0.03,Kyle,1.0,249,86,6,1.38,0,False,14.2,199,67,659,False,62.8,190,78,391,,None,44,510,117,p158534,0,0,None,0,,158534.jpg,1.8,279,99,19,0,241,False,0,0.0,Walker-Peters,0.3,304,108,False,None,4,0.92,a,10,19,21,2025-07-20,32.0,179,43,11,12409,546,25154,2166,0.2,2.5,Walker-Peters,1
0,1992-02-27,2,42,True,True,None,None,0,0.0,2,75115,None,,0,0,-1,1,13.5,294,30,6,3.18,None,,0,4,0.3,-0.2,0,0.04,0.02,1.13,0.6,1.09,3.66,1.94,0.58,Callum,0.3,365,42,5,2.65,1,False,14.3,198,21,671,False,50.8,228,20,170,,None,59,92,28,p75115,0,0,None,0,,75115.jpg,2.2,241,22,4,0,241,False,0,0.0,Wilson,0.4,270,42,False,None,1,0.53,a,0,19,21,2025-08-02,82.0,68,21,11,31023,2770,51147,4913,0.1,1.9,Wilson,0
0,2000-07-11,0,27,True,True,None,None,1,0.25,7,467189,None,,-1,1,-1,1,0.0,545,68,0,0.0,None,,0,1,0.0,-0.5,0,0.01,0.0,0.01,0.0,0.00,5.44,1.36,0.0,Mads,0.0,519,76,11,2.75,0,False,8.5,271,20,679,False,84.8,148,20,360,,None,44,539,30,p467189,0,0,None,0,,467189.jpg,2.2,231,21,27,0,58,False,9,2.25,Hermansen,0.3,326,48,False,None,4,1.0,a,0,19,21,2025-08-09,0.0,521,58,9,12911,442,24811,2410,0.0,2.0,Hermansen,0
0,2004-07-10,0,58,True,True,None,None,1,0.23,6,551226,None,,0,0,0,0,66.0,105,75,35,7.91,None,,0,3,2.7,2.2,4,0.28,0.06,0.39,0.08,0.11,7.01,1.59,0.02,Mateus Gonçalo,2.7,129,61,7,1.58,0,False,12.4,222,111,708,False,47.2,241,106,398,,None,55,159,101,p551226,0,0,None,0,,551226.jpg,2.6,199,85,15,0,173,False,0,0.0,Espanha Fernandes,0.0,628,257,False,None,5,1.13,a,14,19,21,2025-08-29,11.0,284,152,13,3573,393,2103,363,0.5,2.4,M.Fernandes,0
0,2003-10-08,0,19,True,True,None,None,0,0.0,6,564940,None,,0,0,0,0,6.4,333,177,17,9.62,None,,0,3,1.0,0.5,2,0.01,0.01,0.01,0.01,0.00,3.24,1.83,0.0,Soungoutou,1.0,266,126,3,1.7,0,False,3.6,355,172,718,False,29.2,293,133,159,,None,50,289,179,p564940,0,0,None,0,,564940.jpg,1.0,384,185,6,0,73,False,0,0.0,Magassa,0.0,699,302,False,None,2,1.13,a,5,19,21,2025-08-30,0.0,692,304,4,420,64,302,71,0.2,0.8,S.Magassa,1
0,1985-04-18,0,0,True,True,None,None,0,0,0,37096,None,,0,0,0,0,0.0,584,71,0,0,None,,0,1,0.0,-0.5,0,0.00,0,0.00,0,0.00,0.00,0,0,Lukasz,0.0,556,78,0,0,0,False,0.0,595,81,738,False,0.0,593,81,0,,None,45,389,20,p37096,0,0,None,0,,37096.jpg,0.0,599,81,0,0,172,False,0,0,Fabianski,0.0,621,79,False,None,0,0,a,0,19,21,2025-09-10,0.0,560,62,0,2385,424,952,269,0.0,0.0,Fabianski,0
0,1993-03-25,0,47,True,True,None,None,0,0.0,7,101982,None,,0,0,0,0,0.0,586,73,0,0.0,None,,0,1,2.2,1.7,3,0.00,0.0,0.00,0.0,0.00,3.57,1.19,0.0,Sam,1.7,196,16,3,1.0,0,False,8.7,269,19,627,False,87.2,144,18,270,,None,45,393,22,p101982,0,0,None,0,,101982.jpg,2.7,181,18,33,0,241,False,10,3.33,Johnstone,0.1,401,62,False,None,3,1.0,a,0,20,39,2024-08-30,0.0,562,64,8,5774,1730,7048,796,0.4,1.8,Johnstone,0
0,1993-01-17,0,7,True,True,None,None,0,0.0,3,149065,None,,0,0,-1,1,10.0,315,3,0,0.0,None,,0,1,0.8,0.3,0,0.03,0.01,0.03,0.01,0.00,6.17,1.54,0.0,José,0.3,334,22,11,2.75,0,False,5.5,319,22,628,False,44.0,248,23,360,,None,44,508,28,p149065,0,0,None,0,,149065.jpg,1.2,330,27,37,0,173,False,5,1.25,Malheiro de Sá,1.3,158,21,False,None,4,1.0,a,0,20,39,2021-07-15,0.0,504,56,5,28232,1351,95964,8679,0.1,1.1,José Sá,0
0,1993-07-13,0,0,True,True,None,None,0,0,0,79602,None,,0,0,0,0,0.0,440,21,0,0,None,,0,1,0.5,0.0,0,0.00,0,0.00,0,0.00,0.00,0,0,Daniel,0.0,410,31,0,0,0,False,0.0,459,36,629,False,0.0,458,36,0,,None,40,615,44,p79602,0,0,None,0,,79602.jpg,0.0,462,36,0,0,241,False,0,0,Bentley,0.6,214,28,False,None,0,0,a,0,20,39,2023-01-25,0.0,408,10,0,9506,562,23272,2033,0.0,0.0,Bentley,0
0,1997-06-17,0,44,True,True,None,None,0,0.0,48,516939,None,,-1,1,-1,1,39.7,178,45,62,10.63,5,,0,2,2.2,1.7,1,0.26,0.04,0.64,0.11,0.38,8.36,1.43,0.07,Emmanuel,1.7,194,70,14,2.4,0,False,24.1,92,24,631,False,161.6,40,16,525,,None,44,562,145,p516939,0,0,None,0,,516939.jpg,2.0,257,92,29,0,54,False,0,0.0,Agbadou,0.2,336,120,False,None,5,0.86,a,14,20,39,2025-01-09,39.0,160,34,14,21882,691,44738,3436,0.4,3.2,Agbadou,0
0,1992-01-16,0,2,True,True,100,25,0,0.0,10,87835,None,,0,0,-1,1,9.1,323,109,17,6.8,None,,0,2,0.5,0.0,0,0.04,0.02,0.11,0.05,0.07,4.44,1.78,0.03,Matt,0.0,500,206,5,2.0,0,False,4.4,337,113,632,False,30.2,289,109,225,,2025-10-03T14:00:09.202074Z,44,500,109,p87835,0,0,None,0,,87835.jpg,0.0,545,216,9,0,104,False,0,0.0,Doherty,0.1,445,168,False,None,3,1.2,a,7,20,39,2023-07-20,4.0,329,115,0,3165,53,12777,1827,0.0,0.0,Doherty,3
0,2002-09-18,2,71,True,True,100,100,1,0.21,19,490721,None,,0,0,-1,1,163.9,20,2,38,7.81,None,,0,2,4.2,3.7,8,0.74,0.15,0.88,0.18,0.14,6.08,1.25,0.03,Hugo,3.7,75,24,6,1.23,0,False,33.9,37,5,633,False,124.0,81,38,438,,2025-08-31T01:30:08.567399Z,44,548,140,p490721,0,0,None,0,,490721.jpg,2.4,217,81,21,0,200,False,0,0.0,Bueno López,0.1,481,178,False,None,4,0.82,a,19,20,39,2021-01-29,50.0,125,22,17,6157,2471,5853,618,0.8,3.9,H.Bueno,1
0,2001-05-02,0,13,True,True,None,None,0,0.0,7,501837,None,,0,0,-1,1,0.5,384,138,10,6.57,None,,0,2,1.2,0.7,1,0.00,0.0,0.05,0.03,0.05,1.83,1.2,0.03,Yerson,0.7,291,99,4,2.63,0,False,4.2,342,116,634,False,20.2,330,122,137,,None,44,558,143,p501837,0,0,None,0,,501837.jpg,1.3,324,113,9,0,48,False,0,0.0,Mosquera Valdelamar,0.1,567,208,False,None,2,1.31,a,3,20,39,2021-06-17,21.0,228,65,4,1447,122,3573,265,0.2,0.9,Mosquera,0
0,2003-07-07,0,20,True,True,None,None,0,0.0,7,483081,None,,0,0,0,0,19.8,260,86,13,7.09,None,,0,2,0.5,0.0,0,0.14,0.08,0.80,0.44,0.66,2.22,1.21,0.36,Rodrigo,0.0,578,222,5,2.73,1,False,13.6,206,73,635,False,51.8,227,89,165,,None,45,433,93,p483081,0,0,None,0,,483081.jpg,2.5,206,78,7,0,173,False,0,0.0,Martins Gomes,0.1,477,176,False,None,2,1.09,a,6,20,39,2024-07-01,64.0,91,15,10,7496,337,7701,815,0.0,2.2,R.Gomes,0
0,1998-11-09,2,46,True,True,None,None,0,0.0,21,231480,None,,0,0,-1,1,31.3,199,55,35,10.36,None,,1,2,4.8,4.3,1,0.07,0.02,0.82,0.24,0.75,4.41,1.31,0.22,Santiago,4.3,47,17,5,1.48,1,False,17.5,161,53,636,False,104.8,108,52,304,,None,44,524,128,p231480,0,0,None,0,,231480.jpg,4.2,67,30,9,0,230,False,0,0.0,Ignacio Bueno,0.1,490,181,False,None,3,0.89,a,14,20,39,2023-08-31,39.0,159,33,17,5893,1648,3707,797,1.0,3.9,S.Bueno,1
0,1999-01-16,0,15,True,True,100,75,0,0.0,20,510362,None,,0,0,-1,1,26.5,228,68,27,6.23,None,,0,2,1.2,0.5,0,0.03,0.01,0.07,0.02,0.04,7.21,1.66,0.01,Toti,0.7,292,100,13,3.0,0,False,12.8,218,76,637,False,74.6,168,69,390,,2025-10-03T14:00:09.220271Z,44,561,144,p510362,0,0,None,0,,510362.jpg,0.8,411,136,22,1,173,False,0,0.0,Gomes,0.1,454,170,False,None,5,1.15,a,7,20,39,2022-01-14,27.0,200,49,5,3294,74,10952,1370,0.2,1.1,Toti,0
0,2002-01-18,0,1,True,True,100,100,0,0.0,6,441271,None,,0,0,0,0,34.2,191,50,8,6.79,None,,0,2,0.5,0.0,0,0.24,0.2,0.24,0.2,0.00,2.85,2.42,0.0,Ki-Jana,0.0,436,171,4,3.4,0,False,5.9,314,104,638,False,22.8,317,118,106,,2025-08-23T23:00:08.490117Z,40,645,173,p441271,0,0,None,0,,441271.jpg,1.0,345,121,2,0,152,False,0,0.0,Hoever,1.0,174,65,False,None,2,1.7,a,2,20,39,2020-09-19,2.0,347,126,2,22962,434,149518,7309,0.0,0.5,Hoever,0
0,2006-03-19,0,0,False,True,0,0,0,0,0,560248,None,,0,0,0,0,0.0,502,202,0,0,None,,0,2,0.0,0.0,0,0.00,0,0.00,0,0.00,0.00,0,0,Bastien,0.0,474,190,0,0,0,False,0.0,520,203,639,False,0.0,518,203,0,On loan to FC Alverca,2025-07-23T18:49:36.204721Z,40,689,198,p560248,0,0,None,0,,560248.jpg,0.0,523,203,0,0,73,False,0,0,Meupiyou Menadjou,0.0,701,236,False,None,0,0,u,0,20,39,2024-08-29,0.0,470,192,0,0,0,672,36,0.0,0.0,Meupiyou,0
0,2006-07-01,0,0,False,True,0,0,0,0,0,641221,None,,0,0,0,0,0.0,515,212,0,0,None,,0,2,0.0,0.0,0,0.00,0,0.00,0,0.00,0.00,0,0,Pedro,0.0,487,200,0,0,0,False,0.0,533,213,640,False,0.0,531,213,0,has joined Porto on loan for the rest of the season.,2025-09-02T13:11:07.466362Z,40,702,208,p641221,0,0,None,0,,641221.jpg,0.0,535,212,0,0,30,False,0,0,Cardoso de Lima,0.5,230,85,False,None,0,0,u,0,20,39,2024-07-02,0.0,483,202,0,7922,0,66893,4069,0.0,0.0,Pedro Lima,0
0,None,0,0,True,True,None,None,0,0,0,517179,None,,0,0,-1,1,0.0,417,159,0,0,None,,0,2,0.5,0.0,0,0.00,0,0.00,0,0.00,0.00,0,0,Alfie,0.0,389,145,0,0,0,False,0.0,439,162,641,False,0.0,438,163,0,,None,39,725,228,p517179,0,0,None,0,,517179.jpg,0.0,442,162,0,0,None,False,0,0,Pond,1.5,151,57,False,None,0,0,a,0,20,39,None,0.0,385,149,0,64952,18178,68072,8249,0.0,0.0,Pond,0
0,1996-01-26,0,46,True,True,75,None,0,0.0,5,184754,None,,0,0,-1,1,18.1,269,154,11,3.6,None,,0,3,0.9,0.7,1,0.11,0.04,0.76,0.25,0.65,4.96,1.62,0.21,Hwang,0.7,320,158,4,1.31,1,False,11.6,234,116,642,False,49.0,235,102,275,Knock - 75% chance of playing,2025-10-17T16:00:11.280022Z,59,97,65,p184754,0,0,1,0,,184754.jpg,2.2,242,115,2,0,114,False,0,0.0,Hee-chan,0.2,387,129,False,None,4,1.31,d,4,20,39,2022-07-01,49.0,133,81,13,24591,1880,27238,2562,0.1,2.2,Hee Chan,0
0,2001-07-16,1,77,True,True,100,100,0,0.0,15,509291,None,,0,0,-1,1,16.9,272,157,68,13.85,None,,0,3,3.5,3.0,3,0.10,0.02,0.12,0.02,0.02,7.91,1.61,0.0,André,3.0,108,51,9,1.83,0,False,7.7,290,143,643,False,56.0,216,93,442,,2025-09-24T06:30:08.481734Z,54,190,118,p509291,0,0,None,0,,509291.jpg,2.4,222,101,39,0,30,False,0,0.0,Trindade da Costa Neto,0.1,515,182,False,None,5,1.02,a,14,20,39,2024-08-30,4.0,342,177,17,4318,387,7337,439,0.6,3.1,André,2
0,1998-06-27,0,35,True,True,75,None,0,0.0,4,231057,4,,0,0,-2,2,56.2,127,90,16,5.71,4,,0,3,1.1,1.0,1,0.24,0.09,0.44,0.16,0.20,4.08,1.46,0.07,Jean-Ricner,1.0,269,129,9,3.21,0,False,10.5,249,126,644,False,23.8,311,141,252,Illness - 75% chance of playing,2025-10-17T16:00:11.298468Z,53,209,133,p231057,0,0,None,0,,231057.jpg,1.1,337,163,6,0,92,False,0,0.0,Bellegarde,0.1,569,209,False,None,3,1.07,d,6,20,39,2023-09-01,26.0,204,119,8,2113,108,6883,415,0.2,1.5,Bellegarde,0
1,2004-05-24,0,23,True,True,None,None,0,0.0,0,643135,None,,0,0,-2,2,50.7,136,93,4,3.53,None,,0,3,1.5,1.0,0,0.50,0.44,0.61,0.54,0.11,1.01,0.89,0.1,Fer,1.0,270,130,4,3.53,0,False,10.2,252,128,645,False,27.0,300,137,102,,None,53,221,138,p643135,0,0,None,0,,643135.jpg,1.5,315,149,3,0,200,False,0,0.0,López González,0.0,618,251,False,None,1,0.88,a,1,20,39,2025-06-20,25.0,208,120,6,659,50,3024,210,0.2,1.1,Fer López,1
0,2001-02-12,0,97,True,True,None,None,1,0.15,22,448089,None,,0,0,-1,1,79.0,80,59,78,11.64,None,,0,3,3.8,3.3,4,0.30,0.04,0.54,0.08,0.24,9.61,1.43,0.04,João Victor,3.3,95,46,13,1.94,0,False,19.5,142,75,646,False,90.4,137,48,603,,None,54,186,116,p448089,0,0,None,0,,448089.jpg,2.6,198,84,36,0,30,False,0,0.0,Gomes da Silva,0.1,471,160,False,None,7,1.04,a,20,20,39,2023-01-30,25.0,209,121,18,4860,864,8331,755,0.6,3.3,Gomes,3
0,1996-11-29,0,0,False,True,0,0,0,0,0,181284,None,,0,0,0,0,0.0,723,318,0,0,None,,0,3,0.0,0.0,0,0.00,0,0.00,0,0.00,0.00,0,0,Gonçalo Manuel,0.0,712,312,0,0,0,False,0.0,724,318,647,False,0.0,723,317,0,Has joined Real Sociedad permanently.,2025-08-11T01:21:19.226169Z,55,142,89,p181284,0,0,None,0,,181284.jpg,0.0,724,318,0,0,173,False,0,0,Ganchinho Guedes,0.0,730,322,False,None,0,0,u,0,20,39,2022-08-08,0.0,721,318,0,0,0,753,15,0.0,0.0,Guedes,0
2,1996-06-22,0,67,True,True,None,None,0,0.0,17,433312,None,,0,0,-1,1,40.6,173,116,37,6.42,None,,0,3,3.8,3.3,5,0.16,0.03,0.77,0.14,0.61,7.98,1.38,0.11,Marshall,3.3,94,45,10,1.73,0,False,19.2,147,77,648,False,78.8,156,56,519,,None,54,182,113,p433312,0,0,None,0,,433312.jpg,2.7,189,78,9,0,239,False,0,0.0,Munetsi,0.1,545,198,False,None,5,0.87,a,11,20,39,2025-02-03,74.0,74,44,19,6693,1666,6608,483,0.6,3.5,Munetsi,1
0,2001-08-20,0,0,False,True,0,0,0,0,0,476502,None,,0,0,0,0,0.0,696,303,0,0,None,,0,3,0.0,0.0,0,0.00,0,0.00,0,0.00,0.00,0,0,Boubacar,0.0,675,288,0,0,0,False,0.0,699,303,649,False,0.0,698,302,0,Has joined FC Metz on loan for the rest of the season.,2025-07-25T14:53:52.740212Z,50,274,168,p476502,0,0,None,0,,476502.jpg,0.0,699,303,0,0,132,False,0,0,Traoré,0.0,739,327,False,None,0,0,u,0,20,39,2023-07-01,0.0,687,300,0,0,0,151,0,0.0,0.0,B.Traore,0
0,2003-10-12,0,0,True,True,None,None,0,0,0,497606,None,,0,0,-1,1,0.0,551,210,0,0,None,,0,3,0.5,0.0,0,0.00,0,0.00,0,0.00,0.00,0,0,Tawanda,0.0,525,187,0,0,0,False,0.0,564,210,650,False,0.0,562,208,0,,None,44,552,310,p497606,0,0,None,0,,497606.jpg,0.0,568,213,0,0,239,False,0,0,Chirewa,0.3,317,108,False,None,0,0,a,0,20,39,2023-12-01,0.0,528,200,0,18527,882,24747,2250,0.0,0.0,Chirewa,0
0,None,0,0,True,True,None,None,0,0,0,596054,None,,0,0,-1,1,0.0,577,225,0,0,None,,0,3,0.5,0.0,0,0.00,0,0.00,0,0.00,0.00,0,0,Tom,0.0,549,202,0,0,0,False,0.0,588,225,651,False,0.0,586,223,0,,None,44,583,326,p596054,0,0,None,0,,596054.jpg,0.0,592,228,0,0,None,False,0,0,Edozie,0.4,272,93,False,None,0,0,a,0,20,39,None,0.0,553,215,0,28760,1175,32135,3107,0.0,0.0,Edozie,0
0,2005-01-20,0,0,True,True,None,None,0,0,0,593001,None,,0,0,-1,1,0.0,576,224,0,0,None,,0,3,0.5,0.0,0,0.00,0,0.00,0,0.00,0.00,0,0,Enso,0.0,548,201,0,0,0,False,0.0,587,224,652,False,0.0,585,222,0,,None,44,582,325,p593001,0,0,None,0,,593001.jpg,0.0,591,227,0,0,168,False,0,0,González Medina,1.6,147,51,False,None,0,0,a,0,20,39,2023-08-31,0.0,552,214,0,114256,6491,123046,13112,0.0,0.0,Gonzalez,0
0,None,0,0,False,True,0,0,0,0,0,240299,None,,0,0,0,0,0.0,596,234,0,0,None,,0,3,0.0,0.0,0,0.00,0,0.00,0,0.00,0.00,0,0,Joe,0.0,566,211,0,0,0,False,0.0,605,234,653,False,0.0,603,232,0,Signed by CD Tondela,2025-07-23T18:50:21.231185Z,45,415,246,p240299,0,0,None,0,,240299.jpg,0.0,608,237,0,0,None,False,0,0,Hodge,0.0,604,240,False,None,0,0,u,0,20,39,None,0.0,574,224,0,0,0,4567,200,0.0,0.0,Hodge,0
0,2000-02-06,0,23,True,True,100,75,2,0.5,9,247412,None,,0,0,-1,1,11.1,309,31,14,3.48,None,,0,4,2.2,1.3,2,0.16,0.04,0.81,0.2,0.65,5.23,1.3,0.16,Jørgen,1.7,223,25,5,1.24,0,False,11.7,232,23,654,False,16.0,346,31,362,,2025-10-03T14:00:09.236895Z,64,65,21,p247412,0,0,None,0,,247412.jpg,1.8,290,27,4,0,161,False,0,0.0,Strand Larsen,1.4,157,26,False,None,4,0.99,a,1,20,39,2025-07-01,93.0,56,20,9,136445,18044,489431,17379,0.3,1.4,Strand Larsen,0
0,2002-07-19,0,0,False,True,0,0,0,0,0,449988,None,,0,0,-1,1,0.0,679,68,0,0,None,,0,4,0.0,0.0,0,0.00,0,0.00,0,0.00,0.00,0,0,Fábio,0.0,658,65,0,0,0,False,0.0,685,69,655,False,0.0,684,69,0,has joined Borussia Dortmund permanently.,2025-09-02T13:11:07.488555Z,49,337,56,p449988,0,0,None,0,,449988.jpg,0.0,684,69,0,0,173,False,0,0,Soares Silva,0.2,348,55,False,None,0,0,u,0,20,39,2020-09-05,0.0,664,67,0,7178,0,49890,1665,0.0,0.0,Fábio Silva,0
0,1997-07-07,0,1,False,True,0,0,0,0.0,1,429414,None,,0,0,-1,1,4.3,346,37,2,12.86,None,,0,4,0.0,0.0,0,0.01,0.06,0.01,0.06,0.00,0.10,0.64,0.0,Saša,0.0,653,64,0,0.0,0,False,0.7,406,44,656,False,1.0,417,47,14,has joined LASK on loan for the rest of the season.,2025-09-08T09:11:55.060395Z,49,331,55,p429414,0,0,None,0,,429414.jpg,1.0,377,37,1,0,14,False,0,0.0,Kalajdžić,0.1,544,71,False,None,0,0.0,u,0,20,39,2022-08-31,2.0,354,43,1,1691,0,8975,413,0.0,0.2,Kalajdžić,0
0,None,0,0,True,True,0,0,0,0,0,589507,None,,0,0,0,0,0.0,640,64,0,0,None,,0,4,0.0,0.0,0,0.00,0,0.00,0,0.00,0.00,0,0,Leon,0.0,611,60,0,0,0,False,0.0,648,65,657,False,0.0,646,65,0,Knee injury - Unknown return date,2025-07-21T10:00:05.148649Z,45,475,65,p589507,0,0,None,0,,589507.jpg,0.0,651,65,0,0,None,False,0,0,Chiwome,0.0,620,76,False,None,0,0,i,0,20,39,None,0.0,619,63,0,2428,111,4403,317,0.0,0.0,Chiwome,0
0,None,0,0,True,True,None,None,0,0,0,531363,None,,0,0,-1,1,0.0,561,52,0,0,None,,0,4,0.5,0.0,0,0.00,0,0.00,0,0.00,0.00,0,0,Nathan,0.0,534,49,0,0,0,False,0.0,573,54,658,False,0.0,571,54,0,,None,44,566,73,p531363,0,0,None,0,,531363.jpg,0.0,577,54,0,0,None,False,0,0,Fraser,2.1,129,20,False,None,0,0,a,0,20,39,None,0.0,538,52,0,148142,5876,201634,16552,0.0,0.0,Fraser,0
0,1997-09-21,1,64,True,True,None,None,1,0.25,8,230376,1,,0,0,-3,3,115.6,49,37,43,10.84,None,,0,3,3.5,3.0,3,0.26,0.07,0.86,0.22,0.60,4.98,1.26,0.15,Jhon,3.0,107,50,6,1.51,0,False,23.9,96,55,663,False,66.8,185,74,357,,None,52,225,141,p230376,0,0,None,0,,230376.jpg,2.0,266,125,16,0,48,False,0,0.0,Arias,0.2,337,114,False,None,4,1.01,a,19,20,39,2025-07-24,58.0,102,63,14,10175,2110,58600,2623,0.6,2.7,J.Arias,0
1,2002-04-23,0,15,True,True,None,None,0,0.0,5,497949,None,,0,0,-1,1,16.4,276,93,7,4.38,None,,0,2,0.8,0.3,1,0.12,0.08,0.12,0.08,0.00,3.25,2.03,0.0,David,0.3,338,118,5,3.12,0,False,5.4,322,106,682,False,32.8,282,105,144,,None,44,553,141,p497949,0,0,None,0,,497949.jpg,1.8,281,101,4,0,161,False,0,0.0,Møller Wolfe,0.1,529,192,False,None,2,1.25,a,2,20,39,2025-08-02,4.0,331,117,7,2220,83,5118,379,0.1,1.6,Møller Wolfe,0
0,2001-09-14,0,21,True,True,None,None,0,0.0,18,523705,None,,0,0,0,0,56.9,124,26,28,7.1,None,,0,2,2.5,2.0,4,0.04,0.01,0.04,0.01,0.00,4.40,1.12,0.0,Jackson,2.0,162,60,8,2.03,0,False,14.1,202,70,695,False,70.6,177,74,355,,None,45,445,98,p523705,0,0,None,0,,523705.jpg,1.5,311,110,23,0,38,False,0,0.0,Tchatchoua,0.0,656,223,False,None,3,0.76,a,10,20,39,2025-08-19,14.0,269,85,9,1914,323,1168,136,0.4,2.0,Tchatchoua,0
0,1999-04-20,0,44,True,True,None,None,0,0.0,15,431248,None,,0,0,0,0,41.5,167,41,24,6.0,None,,0,2,4.2,3.7,2,0.22,0.06,0.97,0.25,0.75,4.05,1.01,0.19,Ladislav,3.7,78,27,6,1.5,1,False,19.3,144,45,709,False,98.0,120,56,360,,None,45,420,90,p431248,0,0,None,0,,431248.jpg,3.0,146,60,10,0,57,False,0,0.0,Krejcí,0.1,559,204,False,None,4,1.0,a,9,20,39,2025-08-28,53.0,114,20,12,6595,1947,1597,511,0.8,2.7,Krejčí,1
0,2000-11-23,0,19,True,True,None,None,0,0.0,7,488213,None,,0,0,0,0,14.9,285,28,10,5.56,None,,0,4,1.8,1.3,1,0.03,0.02,0.25,0.14,0.22,1.89,1.05,0.12,Tolu,1.3,241,27,5,2.78,0,False,7.8,289,31,720,False,12.4,362,33,162,,None,55,154,37,p488213,0,0,None,0,,488213.jpg,1.5,316,31,2,0,157,False,0,0.0,Arokodare,0.1,525,70,False,None,2,1.11,a,1,20,39,2025-09-01,51.0,123,26,6,13273,1177,6639,1492,0.2,1.1,Tolu,0
